product_id,product_name,brand_id,brand_name,loves_count,rating,reviews,size,variation_type,variation_value,variation_desc,ingredients,price_usd,value_price_usd,sale_price_usd,limited_edition,new,online_only,out_of_stock,sephora_exclusive,highlights,primary_category,secondary_category,tertiary_category,child_count,child_max_price,child_min_price
P443401,Blu Mediterraneo Mini Eau de Toilette Set,5847,Acqua di Parma,7290,3.3333,12.0,5 x 0.16oz/5mL,Size,5 x 0.16oz/5mL,,"['Arancia di Capri Eau de Toilette:', 'Alcohol Denat., Water, Fragrance, Limonene, Linalool, Ethylhexyl Methoxycinnamate, Citral, Butyl Methoxydibenzoylmethane, Ethylhexyl Salicylate, BHT, Geraniol, Benzyl Alcohol, Citronellol, Tocopherol.', 'Bergamotto di Calabria Eau de Toilette:', 'Alcohol Denat., Fragrance, Water, Limonene, Ethylhexyl Methoxycinnamate, Linalool, Citral, Butyl Methoxydibenzoylmethane, Ethylhexyl Salicylate, Alpha-Isomethyl Ionone, Bht, Citronellol, Geraniol.', 'Fico di Amalfi Eau de Toilette:', 'Alcohol Denat., Fragrance, Water, Limonene, Ethylhexyl Methoxycinnamate, Linalool, Alpha-Isomethyl Ionone, Hexyl Cinnamal, Butyl Methoxydibenzoylmethane, Ethylhexylsalicylate, Bht, Citronellol, Hydroxycitronellal, Coumarin, Citral, Geraniol, Amyl Cinnamal, Benzyl Salicylate, Butylphenyl Methylpropional, Benzyl Alcohol, Eugenol, Benzyl Benzoate, Disodium EDTA.', 'Mirto di Panarea Eau de Toilette:', 'Alcohol Denat., Fragrance, Water, Limonene, Linalool, Butylphenyl Methylpropional, Hexyl Cinnamal, Citronellol, Ethylhexyl Methoxycinnamate, Citral, Butyl Methoxydibenzoylmethane, Ethylhexyl Salicylate, Bht, Coumarin, Geraniol, Eugenol, Amyl Cinnamal.', 'Chinotto di Liguria Eau de Toilette:', 'Alcohol Denat., Water, Fragrance, Limonene, Linalool, Hexyl Cinnamal, Alpha-Isomethyl Ionone, Coumarin, Citral, Eugenol, Geraniol, Bht, Hydroxycitronellal, Citronellol, Benzyl Alcohol, Tocopherol.']",77.0,90.0,,0,0,1,0,0,"['Unisex/ Genderless Scent', 'Fresh Scent']",Mini Size,Fragrance,,0,,
P307804,Mirto di Panarea,5847,Acqua di Parma,5658,4.4359,39.0,1 oz/ 30 mL,Size + Concentration + Formulation,1 oz/ 30 mL,,"['Alcohol Denat., Aqua (Water), Parfum (Fragrance), Limonene, Linalool, Hexyl Cinnamal, Citronellol, Ethylhexyl Methoxycinnamate, Citral, Butyl Methoxydibenzoylmethane, Ethylhexyl Salicylate, Coumarin, Geraniol, Bht, Eugenol, Tocopherol.']",84.0,,82.0,0,0,1,0,0,"['Unisex/ Genderless Scent', 'Fresh Scent']",Fragrance,Women,Perfume,1,214.0,210.0
P375388,Arancia di Capri,5847,Acqua di Parma,4812,3.9459,37.0,1oz/30mL,Size + Concentration + Formulation,1oz/30mL,,,84.0,,82.0,0,0,1,0,0,"['Unisex/ Genderless Scent', 'Fresh Scent']",Fragrance,Women,Perfume,0,,
P163604,Colonia,5847,Acqua di Parma,4157,4.2125,80.0,3.4 oz/ 100 mL,Size + Concentration + Formulation,3.4 oz/ 100 mL Eau de Cologne Spray,,"['Alcohol Denat., Aqua (Water), Parfum (Fragrance), Limonene, Hydroxycitronellal, Linalool, Citral, Benzyl Salicylate, Coumarin, Eugenol, Alpha-Isomethyl Ionone, Geraniol, Amyl Cinnamal, Evernia Prunastri (Oakmoss) Extract, Citronellol, Benzyl Benzoate, Bht, Benzyl Alcohol, Farnesol.']",181.0,,,0,0,1,0,0,"['Unisex/ Genderless Scent', 'Fresh Scent']",Fragrance,Men,Cologne,0,,
P252213,Magnolia Nobile,5847,Acqua di Parma,3378,4.2791,43.0,3.4 oz/ 101 mL,Size + Concentration + Formulation,3.4 oz/ 101 mL,,,210.0,,,0,0,1,1,0,,Fragrance,Women,Perfume,0,,
P456550,Yuzu Eau de Parfum,5847,Acqua di Parma,1953,4.6667,6.0,0.7 oz/ 20 mL,Size + Concentration + Formulation,0.7 oz/ 20 mL,,"['Alcohol Denat., Aqua (Water), Parfum (Fragrance), Limonene, Ethylhexyl Methoxycinnamate, Alpha-Isomethyl Ionone, Benzyl Salicylate, Linalool, Hexyl Cinnamal, Hydroxycitronellal, Butyl Methoxydibenzoylmethane,  Ethylhexyl Salicylate, Citral, Bht, Geraniol, Citronellol, Tocopherol.']",135.0,,,0,0,1,0,0,,Fragrance,Women,Perfume,0,,
P377678,Oud Eau de Parfum,5847,Acqua di Parma,1775,4.2632,19.0,3.4 oz/ 100 mL,Size,3.4 oz/ 100 mL,,"['Alcohol Denat., Fragrance, Water, Linalool, Limonene, Hexylcinnamal, Alpha-Isomethylionone, Citronellol, Hydroxycitronellal, Bht, Eugenol, Geraniol, Methyl2-Octynoate, Citral, Benzylalcohol, Tocopherol.']",295.0,,,0,0,1,0,0,,Fragrance,Men,Cologne,0,,
P269110,Colonia Essenza,5847,Acqua di Parma,1638,4.5333,15.0,1.7 oz/ 50 mL,Size + Concentration + Formulation,1.7 oz/ 50 mL,,"['Alcohol Denat., Water, Fragrance, Limonene, Hydroxycitronellal, Linalool, Ethylhexylmethoxycinnamate, Benzylsalicylate, Citral, Coumarin, Butylmethoxydibenzoylmethane, Ethylhexylsalicylate, Eugenol, Bht, Alpha-Isomethylionone, Geraniol, Benzylbenzoate, Amylcinnamal, Everniaprunastri (Oakmoss) Extract, Farnesol, Citronellol.']",130.0,,,0,0,1,0,0,,Fragrance,Men,Cologne,1,181.0,181.0
P448830,Buongiorno Diffuser,5847,Acqua di Parma,1162,4.625,8.0,6 oz/ 180 mL,,,,,112.0,,,0,0,1,0,0,,Fragrance,Candles & Home Scents,Diffusers,0,,
P380571,Colonia Alcohol-Free Deodorant,5847,Acqua di Parma,1023,3.2,10.0,2.5 oz/ 75 mL,Size,2.5 oz/ 75 mL,,"['Aqua (Water), Butylene Glycol, Glycerin, Sodium Stearate, Laureth-23, Parfum (Fragrance), Nylon-12, Ethylhexylglycerin, Limonene, Hydroxycitronellal, Linalool, Citral, Eugenol, Coumarin, Benzyl Alcohol, Benzyl Salicylate, Sodium Hydroxide, Amyl Cinnamal, Geraniol, Bht, Alpha-Isomethyl Ionone, Citronellol, Tocopherol.']",55.0,,,0,0,1,0,0,"['Stick Formula', 'Fresh Scent', 'Alcohol Free']",Bath & Body,Body Care,Deodorant & Antiperspirant,0,,
P422289,Colonia Pura,5847,Acqua di Parma,840,4.5714,7.0,1.7 oz/ 50 mL,Size + Concentration + Formulation,1.7 oz/ 50 mL Eau de Cologne Spray,,"['Alcohol Denat., Water, Fragrance, Limonene, Hexylcinnamal, Linalool, Alpha-Isomethylionone, Citral, Coumarin, Bht, Geraniol, Citronellol, Tocopherol.']",130.0,,,0,0,1,0,0,,Fragrance,Women,Perfume,1,181.0,181.0
P471525,Arancia di Capri Candle,5847,Acqua di Parma,601,,,7 oz/ 200 g,Size + Concentration + Formulation,7 oz/ 200 g 1-wick Candle,,,82.0,,,0,0,1,0,0,,Fragrance,Candles & Home Scents,Candles,0,,
P471526,Fico di Amalfi Candle,5847,Acqua di Parma,517,4.0,2.0,7 oz/ 200 g,Size + Concentration + Formulation,7 oz/ 200 g 1-wick Candle,,,82.0,,,0,0,1,0,0,,Fragrance,Candles & Home Scents,Candles,0,,
P460438,Aperitivo In Terrazza Diffuser,5847,Acqua di Parma,423,5.0,1.0,180 mL,,,,,112.0,,,0,0,1,0,0,,Fragrance,Candles & Home Scents,Diffusers,0,,
P448828,Luce di Colonia Diffuser,5847,Acqua di Parma,349,2.6667,3.0,6 oz/ 180 mL,,,,,112.0,,,0,0,1,0,0,,Fragrance,Candles & Home Scents,Diffusers,0,,
P290636,Hoola Bronzer,5333,Benefit Cosmetics,380654,4.4756,3278.0,0.28 oz / 8 g,Color,Hoola,matte bronzer,"['Talc, Iron Oxides (Ci77491, Ci77492, Ci77499), Zinc Stearate, Ethylhexyl Palmitate, Titanium Dioxide (Ci77891), Dimethicone, Manganese Violet (Ci77742), Methylparaben, Sodium Dehydroacetate, Boron Nitride, Propylparaben, Butylparaben.']",35.0,,,0,0,0,0,0,"['allure 2020 Best of Beauty Award Winner', 'Pressed Powder Formula', 'Matte Finish']",Makeup,Cheek,Bronzer,4,35.0,18.0
P264900,The POREfessional Pore Minimizing Primer,5333,Benefit Cosmetics,323589,4.0466,7708.0,Standard Size - 0.75 oz/ 21 g,Size,Standard Size - 0.75 oz/ 21 g,,"['Cyclopentasiloxane, Dimethicone, Dimethicone/Vinyl Dimethicone Crosspolymer, Isononyl Isononanoate, Silica, Dimethicone Crosspolymer, Isododecane, Phenoxyethanol, Polymethyl Methacrylate, Titanium Dioxide (Ci 77891), Cyclohexasiloxane, Tocopheryl Acetate, Fragrance, Mica, Iron Oxides (Ci 77492, Ci 77491, Ci 77499), Limonene, Triethoxycaprylylsilane, Bht, N 04932/N.']",34.0,,,0,0,0,0,0,"['Community Favorite', 'Good for: Pores', 'Matte Finish', 'Long-wearing', 'Best for Oily, Combo, Normal Skin']",Makeup,Face,Face Primer,2,56.0,14.0
P289307,They're Real! Lengthening Mascara,5333,Benefit Cosmetics,308584,4.1242,15756.0,0.3 oz/ 9 g,Color,Black,,"['Water, Paraffin, Polybutene, Styrene/Acrylates/Ammonium Methacrylate Copolymer, Beeswax (Cera Alba), Bisdiglyceryl Polyacyladipate2, C1836 Acid Triglyceride, Palmitic Acid, Stearic Acid, Triethanolamine, Vp/Eicosene Copolymer, Acacia Senegal Gum, Hydroxyethylcellulose, Phenoxyethanol, Tetrasodium Edta, Butylene Glycol, Caprylyl Glycol, Tocopheryl Acetate, Sodium Laureth12 Sulfate, Glycerin, Potassium Sorbate, Sericin, Calcium Chloride, Sodium Hyaluronate, Tilia Tomentosa Bud Extract, Citric Acid, Bht, Sorbic Acid, [+/: Iron Oxides (Ci 77491, Ci 77492, Ci 77499), Ultramarines (Ci 77007), Chromium Oxide Greens (Ci 77288), Chromium Hydroxide Green (Ci 77289), Titanium Dioxide (Ci 77891)], N 05827/N.']",28.0,,,0,0,0,0,0,"['Volumizing', 'Long-wearing', 'Lengthening']",Makeup,Eye,Mascara,2,29.0,15.0
P409239,Gimme Brow+ Tinted Volumizing Eyebrow Gel,5333,Benefit Cosmetics,292562,4.3919,5170.0,0.1 oz/ 3 g,Color,4,warm deep brown,"['Water, Mica, Glyceryl Stearate, Pentylene Glycol, Polypropylene, Magnesium Aluminum Silicate, PEG-100 Stearate, Phenoxyethanol, Polyacrylamide, C13-14 Isoparaffin, Laureth-7, Panthenol, Glycerin, Althaea Officinalis Root Extract, Silica, Citric Acid, Potassium Sorbate, Sodium Benzoate. May Contain (+/-): Yellow 5/Yellow 5 Lake (Ci 19140), Blue 1 Lake (Ci 42090), Ultramarines (Ci 77007), Bismuth Oxychloride (Ci 77163), Chromium Oxide Greens (Ci 77288), Chromium Hydroxide Green (Ci 77289), Iron Oxides (Ci 77491, Ci 77492, Ci 77499), Ferric Ferrocyanide/Ferric Ammonium Ferrocyanide (Ci 77510), Manganese Violet (Ci 77742), Titanium Dioxide (Ci 77891).']",26.0,,,0,0,0,0,0,"['Natural Finish', 'Community Favorite', 'Long-wearing']",Makeup,Eye,Eyebrow,25,40.0,15.0
P408219,"Precisely, My Brow Pencil Waterproof Eyebrow Definer",5333,Benefit Cosmetics,278187,4.5425,5169.0,0.002 oz/ 0.08 g,Color,Shade 3.5,neutral medium brown,"['Stearic Acid, Rhus Succedanea Fruit Wax, Talc, Hydrogenated Castor Oil, Paraffinum Liquidum (Mineral Oil), Cera Microcristallina (Microcrystalline Wax), Cera Alba (Beeswax), Hydrogenated Coconut Oil, Hydrogenated Palm Kernel Oil, Hydrogenated Palm Oil, Aluminum Hydroxide, Tocopherol, Lecithin, Bht. May Contain (+/-): Yellow 5/Yellow 5 Lake (Ci 19140), Blue 1 Lake (Ci 42090), Ultramarines (Ci 77007), Bismuth Oxychloride (Ci 77163), Chromium Oxide Greens (Ci 77288), Chromium Hydroxide Green (Ci 77289), Iron Oxides (Ci 77491, Ci 77492, Ci 77499), Ferric Ferrocyanide/Ferric Ammonium Ferrocyanide (Ci 77510), Manganese Violet (Ci 77742), Titanium Dioxide (Ci 77891).']",25.0,,,0,0,0,0,0,"['Community Favorite', 'Long-wearing', 'Waterproof']",Makeup,Eye,Eyebrow,23,25.0,15.0
P392516,Roller Lash Curling & Lifting Mascara,5333,Benefit Cosmetics,213327,4.1559,6185.0,0.30 oz / 8.5 g,Color,Black,,"['Water, Paraffin, Cera Alba (Beeswax), Polybutene, Bis-Diglyceryl Polyacyladipate-2, Palmatic Acid, Stearic Acid, Triethanolamine, Vp/ Eiosene Copolymer, Acacia Senegalgum, Copernicia Cerifrea (Carnauba Wax), Euphorbia Cerifera (Candeulla) Wax, Hydroxyethylcellulose, Silica, Phenoxyethanol, Panthenol, Butylene Glycol, Caprylyl Glycol, Tocopheryl Acetate, Align Serine, Bht. [+/-: Cl 19140 (Yellow 5,Yellow 5 Lake) Cl 42090 (Blue 1 Lake) Cl 77007 (Ultramarines), Cl 77163 (Bismuth Oxychloride)), Cl 77288 (Chromium Oxide Greens) Cl 772889 ((Chromium Hydroxide Green) Cl 77491, Cl 77492, Cl 77499 (Iron Oxides), Cl 77510 (Ferric Ferrocyanide, Ferric Ammonium Ferrocyanide), Cl 77742 (Manganese Violet), Cl 77891 (Titanium Dioxide)].']",28.0,,,0,0,0,0,0,"['Community Favorite', 'Satin Finish', 'Long-wearing', 'Curling']",Makeup,Eye,Mascara,1,15.0,15.0
P1272,Benetint Liquid Lip Blush & Cheek Tint,5333,Benefit Cosmetics,166261,4.1869,3675.0,0.2 oz / 6 g,Color,Benetint,rose tinted lip & cheek stain,"['Water (Aqua), Polysorbate 20, Phenoxyethanol, Sodium Hydroxide, Carmine (Ci 75470), Methylparaben, Fragrance (Parfum), Tetrasodium Edta, Geraniol, Linalool, Hexyl Cinnamal, Citronellol, Maltodextrin, Benzyl Salicylate, Bht.']",21.0,,,0,0,0,0,0,"['Natural Finish', 'Long-wearing']",Makeup,Cheek,Blush,5,33.0,21.0
P408218,Goof Proof Waterproof Easy Shape & Fill Eyebrow Pencil,5333,Benefit Cosmetics,137430,4.3355,1711.0,0.01 oz/ 0.34 g,Color,3.75,warm medium brown,"['Synthetic Fluorphlogopite, Stearic Acid, Hydrogenated Castor Oil, Synthetic Japan Wax, Ethylhexyl Palmitate, Cera Alba (Beeswax), Sorbitan Sesquiisostearate, Aluminum Hydroxide, Tocopherol. May Contain (+/-): Yellow 5/Yellow 5 Lake (Ci 19140), Blue 1 Lake (Ci 42090), Ultramarines (Ci 77007), Bismuth Oxychloride (Ci 77163), Chromium Oxide Greens (Ci 77288), Chromium Hydroxide Green (Ci 77289), Iron Oxides (Ci 77491, Ci 77492, Ci 77499), Ferric Ferrocyanide/Ferric Ammonium Ferrocyanide (Ci 77510), Manganese Violet (Ci 77742), Titanium Dioxide (Ci 77891).']",25.0,,,0,0,0,0,0,,Makeup,Eye,Eyebrow,14,25.0,15.0
P440700,Mini Gimme Brow+ Tinted Volumizing Eyebrow Gel,5333,Benefit Cosmetics,121605,4.0832,661.0,,Color,1,cool light blonde,"['Water, Mica, Glyceryl Stearate, Polypropylene, Magnesium Aluminum Silicate, Peg-100 Stearate, Polyacrylamide, Phenethyl Alcohol, C13-14 Isoparaffin, Glyceryl Caprylate, Laureth-7, Panthenol, Glycerin, Silica, Althaea Officinalis Root Extract, Citric Acid, Potassium Sorbate, Sodium Benzoate. May Contain (+/-): Yellow 5/Yellow 5 Lake (Ci 19140), Blue 1 Lake (Ci 42090), Aluminum Powder (Ci 77000), Ultramarines (Ci 77007), Bismuth Oxychloride (Ci 77163), Chromium Oxide Greens (Ci 77288), Chromium Hydroxide Green (Ci 77289), Iron Oxides (Ci 77491, Ci 77492, Ci 77499), Ferric Ferrocyanide/Ferric Ammonium Ferrocyanide (Ci 77510), Manganese Violet (Ci 77742), Titanium Dioxide (Ci 77891).']",15.0,,,0,0,0,0,0,"['Natural Finish', 'Community Favorite', 'Long-wearing']",Makeup,Eye,Eyebrow,9,15.0,15.0
P427517,BADgal BANG! Volumizing Mascara,5333,Benefit Cosmetics,107810,3.7636,5225.0,Intense Pitch Black – 0.30 oz/ 8.5 g,Size,Intense Pitch Black – 0.30 oz/ 8.5 g,,"['Water, Paraffin, Cera Alba (Beeswax), Glyceryl Stearate, Butylene Glycol, Acrylates Copolymer, Euphorbia Cerifera (Candelilla) Wax, Copernicia Cerifera (Carnauba) Wax, Polybutene, Steareth-21, VP/Eicosene Copolymer, Palmitic Acid, Stearic Acid, Phenoxyethanol, Steareth-2, Aminomethyl Propanediol, Panthenol, Caprylyl Glycol, Hydroxyethylcellulose, Silica Silylate, Tocopheryl Acetate, Nylon-12, BHT. May Contain (+/-): Yellow 5/Yellow 5 Lake (Ci 19140), Blue 1 Lake (Ci 42090), Ultramarines (Ci 77007), Bismuth Oxychloride (Ci 77163), Chromium Oxide Greens (Ci 77288), Chromium Hydroxide Green (Ci 77289), Iron Oxides (Ci 77491, Ci 77492, Ci 77499), Ferric Ferrocyanide/Ferric Ammonium Ferrocyanide (Ci 77510), Manganese Violet (Ci 77742), Titanium Dioxide (Ci 77891).']",28.0,,,0,0,0,0,0,,Makeup,Eye,Mascara,3,29.0,15.0
P409242,24-HR Brow Setter Clear Brow Gel with Lamination Effect,5333,Benefit Cosmetics,95926,4.3455,1583.0,0.23 oz/ 7 mL,Size,0.23 oz/ 7 mL,,"['Aqua (Water), Alcohol, Acrylates Copolymer, Amp-Acrylates Copolymer, Hydroxyethylcellulose, Phenoxyethanol, PEG-12 Dimethicone, Caprylyl Glycol, Panthenol, Butylene Glycol, Gossypium Herbaceum (Cotton) Extract.']",26.0,,,0,0,0,0,0,"['Natural Finish', 'Long-wearing']",Makeup,Eye,Eyebrow,1,15.0,15.0
P427712,"Mini Precisely, My Brow Pencil Waterproof Eyebrow Definer",5333,Benefit Cosmetics,92185,4.4663,1838.0,0.001 oz/ 0.04 g,Color,Shade 2.5,neutral blonde,"['Talc, Stearic Acid, Rhus Succedanea Fruit Wax, Hydrogenated Castor Oil, Paraffinum Liquidum (Mineral Oil), Cera Microcristallina (Microcrystalline Wax), Cera Alba (Beeswax), Hydrogenated Coconut Oil, Hydrogenated Palm Kernel Oil, Aluminum Hydroxide, Hydrogenated Palm Oil, Tocopherol, Lecithin, Bht. [+/-: Ci 19140 (Yellow 5, Yellow 5 Lake), Ci 42090 (Blue 1 Lake), Ci 77007 (Ultramarines), Ci 77163 (Bismuth Oxychloride), Ci 77288 (Chromium Oxide Greens), Ci 77289 (Chromium Hydroxide Green), Ci 77491, Ci 77492, Ci 77499 (Iron Oxides), Ci 77510 (Ferric Ferrocyanide, Ferric Ammonium Ferrocyanide), Ci 77742 (Manganese Violet), Ci 77891 (Titanium Dioxide)].']",15.0,,,0,0,0,0,0,"['Community Favorite', 'Long-wearing', 'Waterproof']",Mini Size,Makeup,,11,15.0,15.0
P447375,Cookie and Tickle Powder Highlighters,5333,Benefit Cosmetics,87043,4.7399,273.0,0.28 oz / 8 g,Color,Cookie,golden pearl,"['Dimethicone, Mica, Alumina, Isododecane, Polyglyceryl-2 Triisostearate, Triethylhexanoin, Polyethylene, Magnesium Myristate, Phenoxyethanol, Caprylyl Glycol, Peg-12 Dimethicone, Tin Oxide.  [+/-:  Ci 15850 (Red 6, Red 7, Red 7 Lake), Ci 15985 (Yellow 6, Yellow 6 Lake), Ci 19140 (Yellow 5, Yellow 5 Lake), Ci 42090 (Blue 1 Lake), Ci 45410 (Red 27, Red 27 Lake, Red 28 Lake), Ci 73360 (Red 30, Red 30 Lake), Ci 77007 (Ultramarines), Ci 77163 (Bismuth Oxychloride), Ci 77288 (Chromium Oxide Greens), Ci 77289 (Chromium Hydroxide Green), Ci 77491, Ci 77492, Ci 77499 (Iron Oxides), Ci 77510 (Ferric Ferrocyanide, Ferric Ammonium Ferrocyanide), Ci 77742 (Manganese Violet), Ci 77891 (Titanium Dioxide)].']",35.0,,,0,0,0,0,0,"['Pressed Powder Formula', 'Shimmer Finish']",Makeup,Face,Highlighter,1,35.0,35.0
P443327,Great Brow Basics Pencil & Gel Set,5333,Benefit Cosmetics,84252,4.1325,166.0,,Color,2,,"['Goof Proof Brow Pencil Easy Shape & Fill Pencil:', 'Stearic Acid, Hydrogenated Castor Oil, Synthetic Japan Wax, Ethylhexyl Palmitate, Cera Alba (Beeswax), Sorbitan Sesquiisostearate, Synthetic Fluorphlogopite, Tocopherol, Aluminum Hydroxide. May Contain (+/-): Yellow 5/Yellow 5 Lake (Ci 19140), Blue 1 Lake (Ci 42090), Ultramarines (Ci 77007), Bismuth Oxychloride (Ci 77163), Chromium Oxide Greens (Ci 77288), Chromium Hydroxide Green (Ci 77289), Iron Oxides (Ci 77491, Ci 77492, Ci 77499), Ferric Ferrocyanide/Ferric Ammonium Ferrocyanide (Ci 77510), Manganese Violet (Ci 77742), Titanium Dioxide (Ci 77891).', 'Precisely, My Brow Pencil Ultra-Fine Shape & Define Pencil:', 'Stearic Acid, Rhus Succedanea Fruit Wax, Hydrogenated Castor Oil, Paraffinum Liquidum (Mineral Oil), Cera Microcristallina (Microcrystalline Wax), Cera Alba (Beeswax), Hydrogenated Coconut Oil, Hydrogenated Palm Kernel Oil, Hydrogenated Palm Oil, Talc, Tocopherol, Aluminum Hydroxide, Lecithin, Bht. May Contain (+/-):  Yellow 5/Yellow 5 Lake (Ci 19140), Blue 1 Lake (Ci 42090), Ultramarines (Ci 77007), Bismuth Oxychloride (Ci 77163), Chromium Oxide Greens (Ci 77288), Chromium Hydroxide Green (Ci 77289), Iron Oxides (Ci 77491, Ci 77492, Ci 77499), Ferric Ferrocyanide/Ferric Ammonium Ferrocyanide (Ci 77510), Manganese Violet (Ci 77742), Titanium Dioxide (Ci 77891).', 'Gimme Brow+ Volumizing Eyebrow Gel:', 'Water, Mica, Glyceryl Stearate, Pentylene Glycol, Polypropylene, Magnesium Aluminum Silicate, Peg-100 Stearate, Phenoxyethanol, Polyacrylamide, C13-14 Isoparaffin, Laureth-7, Panthenol, Glycerin, Althaea Officinalis Root Extract, Silica, Citric Acid, Potassium Sorbate, Sodium Benzoate. May Contain (+/-): Yellow 5/Yellow 5 Lake (Ci 19140), Blue 1 Lake (Ci 42090), Ultramarines (Ci 77007), Bismuth Oxychloride (Ci 77163), Chromium Oxide Greens (Ci 77288), Chromium Hydroxide Green (Ci 77289), Iron Oxides (Ci 77491, Ci 77492, Ci 77499), Ferric Ferrocyanide/Ferric Ammonium Ferrocyanide (Ci 77510), Manganese Violet (Ci 77742), Titanium Dioxide (Ci 77891).']",36.0,60.0,,1,0,0,0,0,,Makeup,Value & Gift Sets,,2,36.0,36.0
P38347,Dandelion Baby-Pink Blush,5333,Benefit Cosmetics,83967,4.4718,1933.0,0.08 oz / 2.5 g,Color,Mini,baby-pink brightening,"['Talc, Mica, Calcium Aluminum Borosilicate, Polyethylene, Magnesium Myristate, Pentaerythrityl Tetraethylhexanoate, Zinc Stearate, Octyldodecyl Stearoyl Stearate, Silica, Isopropyl Titanium Triisostearate, Phenoxyethanol, Bis-Diglyceryl Polyacyladipate-2, Squalane, Parfum (Fragrance), Lecithin, Sodium Dehydroacetate, Sodium Lauroyl Aspartate, Tocopheryl Acetate, Tocopherol, Glycine Soja (Soybean) Oil, Limonene, Bht, Retinyl Palmitate, Zinc Chloride, Linalool, Aluminum Hydroxide, Aqua (Water), Hexyl Cinnamal, Benzyl Salicylate, Citronellol, Citral, Eugenol. [+/- : Ci 15850 (Red 6, Red 7, Red 7 Lake), Ci 15985 (Yellow 6, Yellow 6 Lake), Ci 19140 (Yellow 5, Yellow 5 Lake), Ci 42090 (Blue 1 Lake), Ci 45410 (Red 27, Red 27 Lake, Red 28 Lake), Ci 73360 (Red 30, Red 30 Lake), Ci 75470 (Carmine), Ci 77007 (Ultramarines), Ci 77163 (Bismuth Oxychloride), Ci 77288 (Chromium Oxide Greens), Ci 77289 (Chromium Hydroxide Green), Ci 77491, Ci 77492, Ci 77499 (Iron Oxides), Ci 77510 (Ferric Ferrocyanide, Ferric Ammonium Ferrocyanide), Ci 77742 (Manganese Violet), Ci 77891 (Titanium Dioxide)].']",18.0,,,0,0,0,0,0,"['Pressed Powder Formula', 'Satin Finish', 'Long-wearing']",Makeup,Cheek,Blush,1,31.0,31.0
P425601,Mini The POREfessional Pore Minimizing Primer,5333,Benefit Cosmetics,77467,4.0466,7708.0,Mini Size - 0.25 oz/ 7 g,Size,Mini Size - 0.25 oz/ 7 g,,"['Cyclopentasiloxane, Dimethicone, Dimethicone/Vinyl Dimethicone Crosspolymer, Isononyl Isononanoate, Silica, Dimethicone Crosspolymer, Isododecane, Phenoxyethanol, Polymethyl Methacrylate, Titanium Dioxide (Ci 77891), Cyclohexasiloxane, Tocopheryl Acetate, Fragrance, Mica, Iron Oxides (Ci 77492, Ci 77491, Ci 77499), Limonene, Triethoxycaprylylsilane, Bht, N 04932/N.']",14.0,,,0,0,0,0,0,"['Community Favorite', 'Good for: Pores', 'Matte Finish', 'Long-wearing', 'Best for Oily, Combo, Normal Skin']",Mini Size,Makeup,,0,,
P500253,WANDERful World Silky-Soft Powder Blush,5333,Benefit Cosmetics,77016,4.6492,2161.0,0.21 oz / 6 g,Color,Willa,soft neutralrose,"['Peachin', 'Synthetic Fluorphlogopite, Mica, Zinc Stearate, Lauryl Dimethicone, Pentaerythrityl Tetraisostearate, Alumina, Vinyl Dimethicone/Methicone Silsesquioxane Crosspolymer, Dimethicone/Vinyl Dimethicone Crosspolymer, Caprylyl Glycol, Ethylhexylglycerin, Dehydroacetic Acid, Parfum (Fragrance), Triethoxycaprylylsilane, Pearl Powder, Stearic Acid, Laureth-4, Aqua (Water), Tocopherol.  [+/- Ci 77891 (Titanium Dioxide), Ci 19140 (Yellow 5 Lake), Ci 77491, Ci 77499 (Iron Oxides), Ci 77007 (Ultramarines), Ci 15850 (Red 7 Lake), Ci 75470 (Carmine)].', 'N° 16134 Starlaa', 'Synthetic Fluorphlogopite, Mica, Zinc Stearate, Lauryl Dimethicone, Pentaerythrityl Tetraisostearate, Alumina, Vinyl Dimethicone/Methicone Silsesquioxane Crosspolymer, Dimethicone/Vinyl Dimethicone Crosspolymer, Caprylyl Glycol, Ethylhexylglycerin, Dehydroacetic Acid, Parfum (Fragrance), Triethoxycaprylylsilane, Pearl Powder, Stearic Acid, Laureth-4, Aqua (Water), Tocopherol.  [+/- Ci 77491, Ci 77492, Ci 77499 (Iron Oxides), Ci 77891 (Titanium Dioxide)].', 'N° 16135 Pompom', 'Synthetic Fluorphlogopite, Zinc Stearate, Lauryl Dimethicone, Dimethicone/Vinyl Dimethicone Crosspolymer, Pentaerythrityl Tetraisostearate, Mica, Alumina, Caprylyl Glycol, Ethylhexylglycerin, Dehydroacetic Acid, Triethoxycaprylylsilane, Parfum (Fragrance), Laureth-4, Pearl Powder, Stearic Acid, Aqua (Water), Vinyl Dimethicone/Methicone Silsesquioxane Crosspolymer, Tocopherol, Pentaerythrityl Tetra-Di-T-Butyl Hydroxyhydrocinnamate.  [+/- Ci 77491, Ci 77492, Ci 77499 (Iron Oxides), Ci 15850 (Red 7 Lake), Ci 77891 (Titanium Dioxide), Ci 77007 (Ultramarines), Ci 42090 (Blue 1 Lake)].', 'N° 16142 Sunny', 'Synthetic Fluorphlogopite, Zinc Stearate, Lauryl Dimethicone, Dimethicone/Vinyl Dimethicone Crosspolymer, Pentaerythrityl Tetraisostearate, Alumina, Mica, Caprylyl Glycol, Ethylhexylglycerin, Triethoxycaprylylsilane, Dehydroacetic Acid, Parfum (Fragrance), Laureth-4, Pearl Powder, Stearic Acid, Aqua (Water), Vinyl Dimethicone/Methicone Silsesquioxane Crosspolymer, Tocopherol, Pentaerythrityl Tetra-Di-T-Butyl Hydroxyhydrocinnamate.  [+/- Ci 77891 (Titanium Dioxide), Ci 77491, Ci 77492 (Iron Oxides), Ci 15850 (Red 7 Lake)].', 'N° 16143 Shellie', 'Synthetic Fluorphlogopite, Mica, Zinc Stearate, Lauryl Dimethicone, Pentaerythrityl Tetraisostearate, Alumina, Vinyl Dimethicone/Methicone Silsesquioxane Crosspolymer, Dimethicone/Vinyl Dimethicone Crosspolymer, Caprylyl Glycol, Ethylhexylglycerin, Dehydroacetic Acid, Parfum (Fragrance), Triethoxycaprylylsilane, Pearl Powder, Stearic Acid, Laureth-4, Aqua (Water), Tocopherol.  [+/- Ci 77891 (Titanium Dioxide), Ci 77491, Ci 77499 (Iron Oxides), Ci 45410 (Red 28 Lake), Ci 15850 (Red 6)].', 'N° 16136 Willa', 'Synthetic Fluorphlogopite, Mica, Zinc Stearate, Lauryl Dimethicone, Pentaerythrityl Tetraisostearate, Alumina, Vinyl Dimethicone/Methicone Silsesquioxane Crosspolymer, Dimethicone/Vinyl Dimethicone Crosspolymer, Caprylyl Glycol, Ethylhexylglycerin, Dehydroacetic Acid, Triethoxycaprylylsilane, Parfum (Fragrance), Pearl Powder, Stearic Acid, Laureth-4, Aqua (Water), Tocopherol.  [+/- Ci 77891 (Titanium Dioxide), Ci 77491, Ci 77492, Ci 77499 (Iron Oxides), Ci 77007 (Ultramarines), Ci 15850 (Red 6, Red 7 Lake)].', 'N° 16137 Java', 'Synthetic Fluorphlogopite, Zinc Stearate, Lauryl Dimethicone, Dimethicone/Vinyl Dimethicone Crosspolymer, Pentaerythrityl Tetraisostearate, Alumina, Caprylyl Glycol, Ethylhexylglycerin, Dehydroacetic Acid, Triethoxycaprylylsilane, Parfum (Fragrance), Laureth-4, Mica, Pearl Powder, Stearic Acid, Aqua (Water), Vinyl Dimethicone/Methicone Silsesquioxane Crosspolymer, Tocopherol.  [+/- Ci 77491, Ci 77492, Ci 77499 (Iron Oxides), Ci 15850 (Red 7 Lake), Ci 77891 (Titanium Dioxide)].', 'N° 16144 Moone', 'Synthetic Fluorphlogopite, Zinc Stearate, Mica, Lauryl Dimethicone, Pentaerythrityl Tetraisostearate, Alumina, Silica, Vinyl Dimethicone/Methicone Silsesquioxane Crosspolymer, Dimethicone/Vinyl Dimethicone Crosspolymer, Caprylyl Glycol, Ethylhexylglycerin, Dehydroacetic Acid, Parfum (Fragrance), Triethoxycaprylylsilane, Pearl Powder, Stearic Acid, Laureth-4, Aqua (Water), Tocopherol.  [+/- Ci 77491, Ci 77499 (Iron Oxides), Ci 77007 (Ultramarines), Ci 15850 (Red 7 Lake)].', 'N° 16138 Butterfly', 'Synthetic Fluorphlogopite, Zinc Stearate, Mica, Lauryl Dimethicone, Pentaerythrityl Tetraisostearate, Alumina, Vinyl Dimethicone/Methicone Silsesquioxane Crosspolymer, Dimethicone/Vinyl Dimethicone Crosspolymer, Caprylyl Glycol, Ethylhexylglycerin, Dehydroacetic Acid, Parfum (Fragrance), Triethoxycaprylylsilane, Pearl Powder, Stearic Acid, Laureth-4, Aqua (Water), Tin Oxide, Tocopherol.  [+/- Ci 77491 (Iron Oxides), Ci 77891 (Titanium Dioxide), Ci 15985 (Yellow 6 Lake), Ci 15850 (Red 7 Lake)].', 'N° 16139 Crystah', 'Synthetic Fluorphlogopite, Mica, Zinc Stearate, Lauryl Dimethicone, Pentaerythrityl Tetraisostearate, Alumina, Calcium Aluminum Borosilicate, Vinyl Dimethicone/Methicone Silsesquioxane Crosspolymer, Dimethicone/Vinyl Dimethicone Crosspolymer, Caprylyl Glycol, Ethylhexylglycerin, Dehydroacetic Acid, Parfum (Fragrance), Triethoxycaprylylsilane, Pearl Powder, Stearic Acid, Tin Oxide, Laureth-4, Aqua (Water), Tocopherol, Pentaerythrityl Tetra-Di-T-Butyl Hydroxyhydrocinnamate.  [+/- Ci 77891 (Titanium Dioxide), Ci 15850 (Red 6, Red 7 Lake), Ci 19140 (Yellow 5 Lake)].', 'N° 16140 Terra', 'Synthetic Fluorphlogopite, Mica, Zinc Stearate, Lauryl Dimethicone, Pentaerythrityl Tetraisostearate, Alumina, Vinyl Dimethicone/Methicone Silsesquioxane Crosspolymer, Dimethicone/Vinyl Dimethicone Crosspolymer, Caprylyl Glycol, Ethylhexylglycerin, Dehydroacetic Acid, Parfum (Fragrance), Triethoxycaprylylsilane, Pearl Powder, Stearic Acid, Laureth-4, Aqua (Water), Tin Oxide, Tocopherol.  [+/- Ci 77891 (Titanium Dioxide), Ci 77491, Ci 77492, Ci 77499 (Iron Oxides), Ci 15850 (Red 6, Red 7 Lake)].']",31.0,,,0,0,0,0,0,"['Pressed Powder Formula', 'Shimmer Finish', 'Satin Finish', 'Matte Finish']",Makeup,Cheek,Blush,16,31.0,18.0
P1273,Boi-ing Industrial Strength Full Coverage Cream Concealer,5333,Benefit Cosmetics,71780,4.1724,4895.0,0.1 oz/ 2.8 g,Color,4,medium tan/ warm,"['Caprylic/Capric Triglyceride, Phenyl Trimethicone, Isopropyl Palmitate, Euphorbia Cerifera (Candelilla) Wax, Talc, Paraffinum Liquidum (Mineral Oil), Silica, Kaolin, Cera Microcristallina (Microcrystalline Wax), Nylon-12, Tocopheryl Acetate, Phenoxyethanol, Lecithin, Benzyl Alcohol, Tocopherol, Bht. [+/-: Ci 19140 (Yellow 5, Yellow 5 Lake), Ci 42090 (Blue 1 Lake), Ci 77007 (Ultramarines), Ci 77163 (Bismuth Oxychloride), Ci 77491, Ci 77492, Ci 77499 (Iron Oxides), Ci 77891 (Titanium Dioxide)].']",24.0,,,0,0,0,0,0,,Makeup,Face,Concealer,5,24.0,24.0
P461925,Brow Microfilling Eyebrow Pen,5333,Benefit Cosmetics,66699,3.2135,1035.0,0.02 oz/ 0.77 mL,Color,Light Brown,,"['Aqua (Water), Dipropylene Glycol, Butylene Glycol, Alcohol, Acrylates/Ethylhexyl Acrylate Copolymer, Pvp, Sodium Polyaspartate, Phenoxyethanol, Sodium Dehydroacetate, Maltodextrin, Beheneth-30, Laureth-21, Peg-11 Methyl Ether Dimethicone, Citric Acid, Xanthan Gum, Aminomethyl Propanol, Peg-60 Glyceryl Isostearate, Silica, Disodium Edta, Sodium Metaphosphate. [+/- Ci 19140 (Yellow 5, Yellow 5 Lake), Ci 42090 (Blue 1, Blue 1 Lake), Ci 75470 (Carmine), Ci 77007 (Ultramarines), Ci 77163 (Bismuth Oxychloride), Ci 77266 [Nano] (Black 2), Ci 77288 (Chromium Oxide Greens), Ci 77289 (Chromium Hydroxide Green), Ci 77491, Ci 77492, Ci 77499 (Iron Oxides), Ci 77510 (Ferric Ferrocyanide, Ferric Ammonium Ferrocyanide), Ci 77742 (Manganese Violet), Ci 77891 (Titanium Dioxide).']",25.0,,,0,0,0,0,0,"['Natural Finish', 'Long-wearing', 'Waterproof']",Makeup,Eye,Eyebrow,3,25.0,25.0
P450856,Mini 24-HR Brow Setter Clear Brow Gel with Lamination Effect,5333,Benefit Cosmetics,60930,4.3125,224.0,0.11 fl oz/ 3.5 mL,Size,0.11 fl oz/ 3.5 mL,,"['Aqua (Water), Alcohol, Acrylates Copolymer, Amp-Acrylates Copolymer, Hydroxyethylcellulose, Phenoxyethanol, PEG-12 Dimethicone, Caprylyl Glycol, Panthenol, Butylene Glycol, Gossypium Herbaceum (Cotton) Extract.']",15.0,,,0,0,0,0,0,"['Natural Finish', 'Long-wearing']",Makeup,Eye,Eyebrow,0,,
P448162,Boi-ing Cakeless Full Coverage Waterproof Liquid Concealer,5333,Benefit Cosmetics,50440,4.3136,6681.0,0.17 oz/5.0mL,Color,Shade 6 Fly High,medium cool,"['Aqua (Water), Cyclopentasiloxane, Butylene Glycol, Cyclohexasiloxane, Methyl Methacrylate Crosspolymer, Peg-10 Dimethicone, Trimethylsiloxysilicate, Cetyl Peg/Ppg-10/1 Dimethicone, Sodium Chloride, Disteardimonium Hectorite, Triethoxycaprylylsilane, Phenoxyethanol, Caprylyl Glycol, Dimethicone/Vinyl Dimethicone Crosspolymer, Propylene Carbonate, Biosaccharide Gum-4, Alumina, Magnesium Oxide, Alpha-Glucan Oligosaccharide, Propanediol, Algin, Pentaerythrityl Tetra-Di-T-Butyl Hydroxyhydrocinnamate. [+/-: Ci 19140 (Yellow 5, Yellow 5 Lake), Ci 42090 (Blue 1 Lake), Ci 77007 (Ultramarines), Ci 77163 (Bismuth Oxychloride), Ci 77491, Ci 77492, Ci 77499 (Iron Oxides), Ci 77891 (Titanium Dioxide)].']",27.0,,,0,0,0,0,0,"['Natural Finish', 'Liquid Formula', 'Good for: Dark Circles', 'Long-wearing', 'Full Coverage', 'Waterproof']",Makeup,Face,Concealer,25,27.0,27.0
P425947,Mini Roller Lash Curling & Lifting Mascara,5333,Benefit Cosmetics,41189,4.1478,372.0,0.14 oz/ 4 g,Size,0.14 oz/ 4 g,,"['Water, Paraffin, Beeswax, Polybutene, Bis-Diglyceryl Polyacyladipate-2, Palmatic Acid, Stearic Acid, Triethanolamine, Vp/ Eiosene Copolymer, Acacia Senegalgum, Copernicia Cerifrea (Carnauba Wax), Euphorbia Cerifera (Candeulla) Wax, Hydroxyethylcellulose, Silica, Phenoxyethanol, Panthenol, Butylene Glycol, Caprylyl Glycol, Tocopheryl Acetate, Align Serine, Bht, [+/-: Yellow 5/Yellow 5 Lake (Ci 19140), Blue 1 Lake (Ci 42090), Ultramarines (Ci 77007), Bismuth Oxychloride (Ci 77163), Chromium Oxide Greens (Ci 77288), Chromium Hydroxide Green (Ci 772889), Iron Oxides (Ci 77491, Ci 77492, Ci 77499), Ferric Ferrocyanide/Ferric Ammonium Ferrocyanide (Ci 77510), Manganese Violet (Ci 77742), Titanium Dioxide (Ci 77891)].']",15.0,,,0,0,0,0,0,"['Community Favorite', 'Satin Finish', 'Long-wearing', 'Curling']",Mini Size,Makeup,,0,,
P505031,The POREfessional Smooth Sip Lightweight Gel-Cream Moisturizer,5333,Benefit Cosmetics,736,4.5975,718.0,1.7 oz / 50 ml,Size,1.7 oz / 50 ml,,"['Aqua (Water), Propanediol, Glycerin, Niacinamide, Caprylic/Capric Triglyceride, Cellulose, Squalane, Maltitol, Ammonium Acryloyldimethyltaurate/VP Copolymer, Acrylates/C10-30 Alkyl Acrylate Crosspolymer, Chlorphenesin, Hydroxyacetophenone, Bisabolol, Xanthan Gum, Parfum (Fragrance), Aloe Barbadensis Leaf Juice, Sodium Hydroxide, Sclerotium Gum, Sorbitan Trioleate, Hydrogenated Lecithin, Pullulan, Butylene Glycol, Pentylene Glycol, Phenethyl Alcohol, Saccharide Isomerate, Silica, Apium Graveolens (Celery) Seed Extract, Sphingolipids, Sphingomonas Ferment Extract, Linum Usitatissimum (Linseed) Seed Extract, Citric Acid, Pentaerythrityl Tetra-Di-T-Butyl Hydroxyhydrocinnamate, Sodium Citrate, Tocopherol.']",44.0,,,0,1,0,0,0,"['Good for: Dullness/Uneven Texture', 'Good for: Pores', 'Good for: Dryness', 'Best for Oily, Combo, Normal Skin', 'Best for Dry, Combo, Normal Skin', 'Niacinamide']",Skincare,Moisturizers,Moisturizers,0,,
P417320,Dandelion Twinkle Highlighter,5333,Benefit Cosmetics,40993,4.1111,207.0,0.28 oz / 8 g,Color,Full Size,soft nude-pink,"['Synthetic Fluorphlogopite, Silica, Boron Nitride, Cetearyl Ethylhexanoate, C12-20 Acid Peg-8 Ester, Glycerin, Squalane, Parfum (Fragrance), Dicalcium Phosphate, Caprylyl Glycol, Ethylhexylglycerin, Polysorbate 80, Potassium Sorbate, Phenoxyethanol, 1,2-Hexanediol, Xanthan Gum, Limonene, Tin Oxide, Hexylene Glycol, Hexyl Cinnamal, Benzyl Salicylate, Aqua (Water), Citronellol, Citral, Linalool, Eugenol, Cinnamyl Alcohol, Alumina, Magnesium Oxide, Tocopherol. [+/- Ci 77891 (Titanium Dioxide), Ci 77491, Ci 77492, Ci 77499 (Iron Oxides)].']",35.0,,,0,0,0,0,0,"['Pressed Powder Formula', 'Shimmer Finish']",Makeup,Face,Highlighter,1,18.0,18.0
P428505,Mini BADgal BANG! Volumizing Mascara,5333,Benefit Cosmetics,40352,3.8187,491.0,Mini Intense Pitch Black – 0.14 oz/ 4 g,Size,Mini Intense Pitch Black – 0.14 oz/ 4 g,,"['Water, Paraffin, Cera Alba (Beeswax), Glyceryl Stearate, Butylene Glycol, Acrylates Copolymer, Euphorbia Cerifera (Candelilla) Wax, Copernicia Cerifera (Carnauba) Wax, Polybutene, Steareth-21, VP/Eicosene Copolymer, Palmitic Acid, Stearic Acid, Phenoxyethanol, Steareth-2, Aminomethyl Propanediol, Panthenol, Caprylyl Glycol, Hydroxyethylcellulose, Silica Silylate, Tocopheryl Acetate, Nylon-12, BHT. May Contain (+/-): Yellow 5/Yellow 5 Lake (Ci 19140), Blue 1 Lake (Ci 42090), Ultramarines (Ci 77007), Bismuth Oxychloride (Ci 77163), Chromium Oxide Greens (Ci 77288), Chromium Hydroxide Green (Ci 77289), Iron Oxides (Ci 77491, Ci 77492, Ci 77499), Ferric Ferrocyanide/Ferric Ammonium Ferrocyanide (Ci 77510), Manganese Violet (Ci 77742), Titanium Dioxide (Ci 77891).']",15.0,,,0,0,0,0,0,"['Volumizing', 'allure 2019 Best of Beauty Award Winner', 'Community Favorite']",Mini Size,Makeup,,0,,
P505023,The POREfessional Deep Retreat Pore-Clearing Clay Mask,5333,Benefit Cosmetics,1773,4.766,705.0,2.5 oz / 75 mL,Size,2.5 oz / 75 mL,,"['Aqua (Water), Kaolin, Silica, Glycerin, Butylene Glycol, Pentylene Glycol, CI 77007 (Ultramarines), PEG-40 Sorbitan Peroleate, Sodium Acrylates Copolymer, Caprylic/Capric Triglyceride, CI 77499 (Iron Oxides), Hydroxyacetophenone, Lecithin, Mica, Chlorphenesin, Bisabolol, CI 77491 (Iron Oxides), Hydrogenated Vegetable Oil, Opuntia Coccinellifera Flower Extract, CI 77891 (Titanium Dioxide), Trisodium Ethylenediamine Disuccinate, Simmondsia Chinensis (Jojoba) Seed Oil, Prunus Domestica Seed Oil, Parfum (Fragrance), Disodium Phosphate, Potassium Hydroxide, Xanthan Gum, Crithmum Maritimum Extract, 1,2-Hexanediol, Caprylyl Glycol, Tocopherol, CI 77510 (Ferric Ferrocyanide), Sodium Phosphate, Sphingolipids, Sphingomonas Ferment Extract, Tocopheryl Acetate, Citric Acid, Pentaerythrityl Tetra-Di-T-Butyl Hydroxyhydrocinnamate, Sodium Citrate.']",39.0,,,0,1,0,0,0,"['Good for: Dullness/Uneven Texture', 'Good for: Pores']",Skincare,Masks,Face Masks,1,20.0,20.0
P505009,The POREfessional Tight ’n Toned Pore-Refining AHA+PHA Toner,5333,Benefit Cosmetics,629,4.6464,676.0,4.5 oz / 133 ml,Size,4.5 oz / 133 ml,,"['Aqua (Water), Gluconolactone, Glycolic Acid, Glycerin, Sodium Hydroxide, PEG-60 Hydrogenated Castor Oil, Citric Acid, 1,2-Hexanediol, Butylene Glycol, Chlorphenesin, Decyl Glucoside, Bisabolol, Menthoxypropanediol, Sodium Citrate, Pentylene Glycol, Citrus Limon (Lemon) Fruit Extract, Sphingolipids, Sphingomonas Ferment Extract, Citrus Junos Fruit Extract.']",34.0,,,0,1,0,0,0,"['Good for: Dullness/Uneven Texture', 'Good for: Pores']",Skincare,Cleansers,Toners,1,19.0,19.0
P440952,Mini Roller Liner Waterproof Liquid Eyeliner,5333,Benefit Cosmetics,33363,3.6819,349.0,0.01 oz/ 0.5 mL,Color,Black,,"['Water, Methylpropanediol, Styrene/Acrylates Copolymer, Styrene/Acrylates/Ammonium Methacrylate Copolymer, Cellulose, Peg-60 Hydrogenated Castor Oil, Coco-Glucoside, Poloxamer 407, Citric Acid, Phenoxyethanol, Potassium Sorbate, Phenylpropanol, Sodium Benzoate, Sodium Laureth-12 Sulfate, Sodium Lauryl Sulfate, Caprylyl Glycol, Sodium Dehydroacetate, BHT. May Contain (+/-): Yellow 5/Yellow 5 Lake (Ci 19140), Blue 1 Lake (Ci 42090), Ultramarines (Ci 77007), Bismuth Oxychloride (Ci 77163), Black 2 [Nano] (Ci 77266), Chromium Oxide Greens (Ci 77288), Chromium Hydroxide Green (Ci 77289), Iron Oxides (Ci 77491, Ci 77492, Ci 77499), Ferric Ferrocyanide/Ferric Ammonium Ferrocyanide (Ci 77510), Manganese Violet (Ci 77742), Titanium Dioxide (Ci 77891).']",12.0,,,0,0,0,0,0,"['Long-wearing', 'Matte Finish', 'Waterproof']",Makeup,Eye,Eyeliner,1,12.0,12.0
P440951,Roller Liner Waterproof Liquid Eyeliner,5333,Benefit Cosmetics,33026,4.0819,1501.0,0.03 oz/ 1.0 mL,Color,Black,,"['Water, Methylpropanediol, Styrene/Acrylates Copolymer, Styrene/Acrylates/Ammonium Methacrylate Copolymer, Cellulose, Peg-60 Hydrogenated Castor Oil, Coco-Glucoside, Poloxamer 407, Citric Acid, Phenoxyethanol, Potassium Sorbate, Phenylpropanol, Sodium Benzoate, Sodium Laureth-12 Sulfate, Sodium Lauryl Sulfate, Caprylyl Glycol, Sodium Dehydroacetate, BHT. May Contain (+/-): Yellow 5/Yellow 5 Lake (Ci 19140), Blue 1 Lake (Ci 42090), Ultramarines (Ci 77007), Bismuth Oxychloride (Ci 77163), Black 2 [Nano] (Ci 77266), Chromium Oxide Greens (Ci 77288), Chromium Hydroxide Green (Ci 77289), Iron Oxides (Ci 77491, Ci 77492, Ci 77499), Ferric Ferrocyanide/Ferric Ammonium Ferrocyanide (Ci 77510), Manganese Violet (Ci 77742), Titanium Dioxide (Ci 77891).']",22.0,,,0,0,0,0,0,"['Long-wearing', 'Matte Finish', 'Waterproof']",Makeup,Eye,Eyeliner,3,22.0,12.0
P425933,Mini Goof Proof Waterproof Easy Shape & Fill Eyebrow Pencil,5333,Benefit Cosmetics,32221,4.2333,210.0,0.005 oz/ 0.17 g,Color,3,warm light brown,"['Synthetic Fluorphlogopite, Stearic Acid, Hydrogenated Castor Oil, Synthetic Japan Wax, Ethylhexyl Palmitate, Cera Alba (Beeswax), Sorbitan Sesquiisostearate, Aluminum Hydroxide, Tocopherol. [+/-: Ci 19140 (Yellow 5, Yellow 5 Lake), Ci 42090 (Blue 1 Lake), Ci 77007 (Ultramarines), Ci 77163 (Bismuth Oxychloride), Ci 77288 (Chromium Oxide Greens), Ci 77289 (Chromium Hydroxide Green), Ci 77491, Ci 77492, Ci 77499 (Iron Oxides), Ci 77510 (Ferric Ferrocyanide, Ferric Ammonium Ferrocyanide), Ci 77742 (Manganese Violet), Ci 77891 (Titanium Dioxide)].']",15.0,,,0,0,0,0,0,,Makeup,Eye,Eyebrow,2,15.0,15.0
P425953,Mini They're Real! Lengthening Mascara,5333,Benefit Cosmetics,29906,3.9593,393.0,0.14 oz/ 4.0 g,Size,0.14 oz/ 4.0 g,,"['Water (Aqua), Paraffin, Polybutene, Styrene/Acrylates/Ammonium Methacrylate Copolymer, Beeswax (Cera Alba), Bis-Diglyceryl Polyacyladipate-2, C18-36 Acid Triglyceride, Palmitic Acid, Stearic Acid, Triethanolamine, VP/Eicosene Copolymer, Acacia Senegal Gum, Hydroxyethylcellulose, Phenoxyethanol, Tetrasodium EDTA, Butylene Glycol, Caprylyl Glycol, Tocopheryl Acetate, Sodium Laureth-12 Sulfate, Glycerin, Potassium Sorbate, Sericin, Calcium Chloride, Sodium Hyaluronate, Tilia Tomentosa Bud Extract, Citric Acid, BHT, Sorbic Acid. [+/-: Iron Oxides (CI 77491, CI 77492, CI 77499), Ultramarines (CI 77007), Chromium Oxide Greens (CI 77288), Chromium Hydroxide Green (CI 77289), Titanium Dioxide (CI 77891)].']",15.0,,,0,0,0,0,0,"['Volumizing', 'Long-wearing', 'Lengthening']",Mini Size,Makeup,,0,,
P466656,The POREfessional: Super Setter Pore-Minimizing Setting Spray,5333,Benefit Cosmetics,26945,4.5921,2167.0,4 oz/ 120 mL,Size,4 oz/ 120 mL,,"['Aqua (Water), Butylene Glycol, Pvp, Dimethicone/Vinyl Dimethicone Crosspolymer, Phenoxyethanol, Caprylyl Glycol, Ppg-3 Benzyl Ether Myristate, Ppg-26-Buteth-26, Peg-40 Hydrogenated Castor Oil, Peg-10 Dimethicone, Silica, Parfum (Fragrance), Limonene, Sodium Hydroxide, Pentaerythrityl Tetra-Di-T-Butyl Hydroxyhydrocinnamate, Tocopherol.', 'Nº 14895/A.']",33.0,,,0,0,0,0,0,"['Good for: Pores', 'Long-wearing', 'Waterproof', 'Best for Oily, Combo, Normal Skin', 'Alcohol Free', 'Best for Dry, Combo, Normal Skin']",Makeup,Face,Setting Spray & Powder,1,15.0,15.0
P425923,Mini Dandelion Baby-Pink Blush,5333,Benefit Cosmetics,26463,4.42,100.0,0.08 oz / 2.5 g,Color,Mini,baby-pink brightening,"['Talc, Mica, Calcium Aluminum Borosilicate, Polyethylene, Magnesium Myristate, Pentaerythrityl Tetraethylhexanoate, Zinc Stearate, Octyldodecyl Stearoyl Stearate, Silica, Isopropyl Titanium Triisostearate, Phenoxyethanol, Bis-Diglyceryl Polyacyladipate-2, Squalane, Parfum (Fragrance), Lecithin, Sodium Dehydroacetate, Sodium Lauroyl Aspartate, Tocopheryl Acetate, Tocopherol, Glycine Soja (Soybean) Oil, Limonene, Bht, Retinyl Palmitate, Zinc Chloride, Linalool, Aluminum Hydroxide, Aqua (Water), Hexyl Cinnamal, Benzyl Salicylate, Citronellol, Citral, Eugenol. [+/- : Ci 15850 (Red 6, Red 7, Red 7 Lake), Ci 15985 (Yellow 6, Yellow 6 Lake), Ci 19140 (Yellow 5, Yellow 5 Lake), Ci 42090 (Blue 1 Lake), Ci 45410 (Red 27, Red 27 Lake, Red 28 Lake), Ci 73360 (Red 30, Red 30 Lake), Ci 75470 (Carmine), Ci 77007 (Ultramarines), Ci 77163 (Bismuth Oxychloride), Ci 77288 (Chromium Oxide Greens), Ci 77289 (Chromium Hydroxide Green), Ci 77491, Ci 77492, Ci 77499 (Iron Oxides), Ci 77510 (Ferric Ferrocyanide, Ferric Ammonium Ferrocyanide), Ci 77742 (Manganese Violet), Ci 77891 (Titanium Dioxide)].']",18.0,,,0,0,0,0,0,"['Pressed Powder Formula', 'Satin Finish', 'Long-wearing']",Mini Size,Makeup,,0,,
P505024,The POREfessional Get Unblocked Makeup-Removing Cleansing Oil,5333,Benefit Cosmetics,770,4.6723,476.0,5 oz / 147 mL,Size,5 oz / 147 mL,,"['Caprylic/Capric Triglyceride, Simmondsia Chinensis (Jojoba) Seed Oil, PEG-40 Sorbitan Peroleate, Persea Gratissima (Avocado) Oil, Vitis Vinifera (Grape) Seed Oil, 1,2-Hexanediol, Caprylyl Glycol, Parfum (Fragrance), Bisabolol, Prunus Domestica Seed Oil, Triethyl Citrate, Tocopherol, Ceramide NP, Tocopheryl Acetate, Pentaerythrityl Tetra-Di-T-Butyl Hydroxyhydrocinnamate.']",39.0,,,0,1,0,0,0,"['Good for: Dullness/Uneven Texture', 'Good for: Pores']",Skincare,Cleansers,Face Wash & Cleansers,1,18.0,18.0
P505054,The POREfessional Speedy Smooth Mask,5333,Benefit Cosmetics,1024,4.7134,471.0,2 oz / 60 mL,Size,2 oz / 60 mL,,"['Aqua (Water), Silica, Glycerin, Kaolin, Caprylic/Capric Triglyceride, 1,2-Hexanediol, Betaine, Butylene Glycol, Cetyl Ethylhexanoate, Sea Silt, Propanediol, Cetearyl Olivate, Sorbitan Olivate, CI 77891 (Titanium Dioxide), Hydroxyethyl Acrylate/Sodium Acryloyldimethyl Taurate Copolymer, Carbomer, Chlorphenesin, Squalane, Tromethamine, Bisabolol, Hydroxyacetophenone, Parfum (Fragrance), CI 77007 (Ultramarines), CI 77288 (Chromium Oxide Greens), Sorbitan Trioleate, Polysorbate 60, Ethylhexylglycerin, Sorbitan Isostearate, Hyaluronic Acid, Hydrolyzed Hyaluronic Acid, Sodium Hyaluronate, Apium Graveolens (Celery) Seed Extract, Linum Usitatissimum (Linseed) Seed Extract, Pentaerythrityl Tetra-Di-T-Butyl Hydroxyhydrocinnamate, Tocopherol.']",39.0,,,0,1,0,0,0,"['Good for: Dullness/Uneven Texture', 'Good for: Pores']",Skincare,Masks,Face Masks,0,,
P505020,The POREfessional Good Cleanup Foaming Cleanser,5333,Benefit Cosmetics,429,4.6212,462.0,5 oz / 147 mL,Size,5 oz / 147 mL,,"['Aqua (Water), Coco-Betaine, Glycerin, Butylene Glycol, PEG-120 Methyl Glucose Dioleate, Sodium Lauroyl Sarcosinate, Maltitol, Sodium Methyl Cocoyl Taurate, Sodium Cocoyl Isethionate, Polyacrylate Crosspolymer-6, Sodium Benzoate, Caprylyl Glycol, Citric Acid, Hydroxyacetophenone, Parfum (Fragrance), Polyquaternium-22, Bisabolol, Sodium Citrate, Pentylene Glycol, Citrus Limon (Lemon) Fruit Extract, Sphingolipids, Sphingomonas Ferment Extract, Citrus Junos Fruit Extract, Pentaerythrityl Tetra-Di-T-Butyl Hydroxyhydrocinnamate, Tocopherol.']",29.0,,,0,1,0,0,0,"['Good for: Dullness/Uneven Texture', 'Good for: Pores']",Skincare,Cleansers,Face Wash & Cleansers,1,15.0,15.0
P429905,Mini Dandelion Twinkle Highlighter,5333,Benefit Cosmetics,25362,3.8654,156.0,0.14 oz / 3.96 g,Color,Mini Size,soft nude-pink,"['Synthetic Fluorphlogopite, Silica, Boron Nitride, Cetearyl Ethylhexanoate, C12-20 Acid Peg-8 Ester, Glycerin, Squalane, Parfum (Fragrance), Dicalcium Phosphate, Caprylyl Glycol, Ethylhexylglycerin, Polysorbate 80, Potassium Sorbate, Phenoxyethanol, 1,2-Hexanediol, Xanthan Gum, Limonene, Tin Oxide, Hexylene Glycol, Hexyl Cinnamal, Benzyl Salicylate, Aqua (Water), Citronellol, Citral, Linalool, Eugenol, Cinnamyl Alcohol, Alumina, Magnesium Oxide, Tocopherol. [+/- Ci 77891 (Titanium Dioxide), Ci 77491, Ci 77492, Ci 77499 (Iron Oxides)].']",18.0,,,0,0,0,0,0,"['Pressed Powder Formula', 'Shimmer Finish']",Mini Size,Makeup,,0,,
P408312,BROWVO! Conditioning Eyebrow Primer,5333,Benefit Cosmetics,23950,4.1545,343.0,0.1 oz/ 3.0 mL,Size,0.1 oz/ 3.0 mL,,"['Water, Alcohol Denat., Lithium Magnesium Sodium Silicate, Pentylene Glycol, Hydrolyzed Keratin, Phenoxyethanol, Benzyl Alcohol, Xanthan Gum, Caprylyl Glycol, Styrene/Acrylates/Ammonium Methacrylate Copolymer, Panthenol, Disodium Edta, Butylene Glycol, Hydrolyzed Soy Protein, Sodium Laureth-12 Sulfate, C11-15 Pareth-7, Olea Europaea (Olive) Fruit Oil, Simmondsia Chinensis (Jojoba) Seed Oil, Tocopheryl Acetate, Potassium Sorbate, Tetrasodium Edta.']",28.0,,,0,0,0,0,0,,Makeup,Eye,Eyebrow,0,,
P474932,POWmade Waterproof Brow Pomade,5333,Benefit Cosmetics,20549,4.6797,1736.0,0.17 oz/ 5 mL,Color,3.75,warm medium brown,"['Cyclopentasiloxane, Cera Microcristallina (Microcrystalline Wax), Polybutene, Silica, Bis-Diglyceryl Polyacyladipate-2, Polyethylene, Trimethylsiloxysilicate, Silica Dimethyl Silylate, Dimethicone, PEG-10 Dimethicone, Polyhydroxystearic Acid, Caprylyl Glycol, BHT. [+/-: CI 19140 (Yellow 5, Yellow 5 Lake), CI 42090 (Blue 1 Lake), CI 77007 (Ultramarines), CI 77163 (Bismuth Oxychloride), CI 77288 (Chromium Oxide Greens), CI 77289 (Chromium Hydroxide Green), CI 77491, CI 77492, CI 77499 (Iron Oxides), CI 77510 (Ferric Ferrocyanide, Ferric Ammonium Ferrocyanide), CI 77742 (Manganese Violet), CI 77891 (Titanium Dioxide)].']",23.0,,,0,0,0,0,0,"['Long-wearing', 'allure 2021 Best of Beauty Award Winner', 'Waterproof']",Makeup,Eye,Eyebrow,7,23.0,23.0
P466657,Mini The POREfessional: Super Setter Setting Spray,5333,Benefit Cosmetics,20010,4.2647,102.0,1 oz/ 30 mL,Size,1 oz/ 30 mL,,"['Aqua (Water), Butylene Glycol, Pvp, Dimethicone/Vinyl Dimethicone Crosspolymer, Phenoxyethanol, Caprylyl Glycol, Ppg-3 Benzyl Ether Myristate, Ppg-26-Buteth-26, Peg-40 Hydrogenated Castor Oil, Peg-10 Dimethicone, Silica, Parfum (Fragrance), Limonene, Sodium Hydroxide, Pentaerythrityl Tetra-Di-T-Butyl Hydroxyhydrocinnamate, Tocopherol.', 'Nº 14895/A.']",15.0,,,0,0,0,0,0,"['Good for: Pores', 'Long-wearing', 'Waterproof', 'Best for Oily, Combo, Normal Skin', 'Alcohol Free', 'Best for Dry, Combo, Normal Skin']",Mini Size,Makeup,,0,,
P482664,They're Real! Xtreme Precision Eye Liner,5333,Benefit Cosmetics,19965,4.5414,1232.0,0.01 oz / 0.35 g,Color,Xtra Black,,"['Aqua (Water), Titanium/Titanium Dioxide, Ammonium Styrene/Acrylates Copolymer, Alcohol, Dipropylene Glycol, Butylene Glycol, PVP, Phenoxyethanol, Sodium Polyaspartate, Sodium Dehydroacetate, Diethylhexyl Sodium Sulfosuccinate, Acrylates Copolymer, Beheneth-30, Sodium Metaphosphate, Aluminum Hydroxide, Disodium EDTA, Aminomethyl Propanol. [+/- CI 19140 (Yellow 5, Yellow 5 Lake), CI 42090 (Blue 1 Lake), CI 77007 (Ultramarines), CI 77491, CI 77492, CI 77499 (Iron Oxides), CI 77742 (Manganese Violet), CI 77891 (Titanium Dioxide)].']",24.0,,,0,0,0,0,0,"['Liquid Formula', 'Satin Finish', 'Long-wearing', 'Waterproof']",Makeup,Eye,Eyeliner,1,24.0,24.0
P469203,They're Real! Magnet Extreme Lengthening Mascara,5333,Benefit Cosmetics,18387,4.166,4483.0,0.3 oz/ 8.5 g,Color,Supercharged Black,black,"['Aqua (Water), Cera Alba (Beeswax), Paraffin, Polybutene, Vp/Eicosene Copolymer, Glyceryl Stearate, Acrylates Copolymer, Copernicia Cerifera (Carnauba) Wax, Steareth-21, Palmitic Acid, Pvp, Stearic Acid, Silica, Pentylene Glycol, Phenoxyethanol, Steareth-2, Aminomethyl Propanediol, Caprylyl Glycol, Panthenol, Hydroxyethylcellulose, Aluminum Hydroxide, Tocopheryl Acetate, Disodium Phosphate, Sodium Phosphate, Polysorbate 60. [+/-: Ci 19140 (Yellow 5, Yellow 5 Lake), Ci 42090 (Blue 1 Lake), Ci 77007 (Ultramarines), Ci 77163 (Bismuth Oxychloride), Ci 77288 (Chromium Oxide Greens), Ci 77289 (Chromium Hydroxide Green), Ci 77491, Ci 77492, Ci 77499 (Iron Oxides), Ci 77510 (Ferric Ferrocyanide, Ferric Ammonium Ferrocyanide), Ci 77742 (Manganese Violet), Ci 77891 (Titanium Dioxide)].']",28.0,,,0,0,0,0,0,"['Long-wearing', 'Without Phthalates', 'Lengthening', 'Without Parabens', 'Without Silicones', 'Without Sulfates SLS & SLES']",Makeup,Eye,Mascara,1,15.0,15.0
P503681,Fluff Up Brow Flexible Brow-Texturizing Wax,5333,Benefit Cosmetics,13457,4.3003,1412.0,0.2 oz / 59. mL,Color,,,"['Aqua (Water), Synthetic Candelilla Wax, Steareth-21, Glyceryl Stearate, Butylene Glycol, Acacia Senegal Gum, Butyrospermum Parkii (Shea) Butter, Cellulose, Silica, Simmondsia Chinensis (Jojoba) Seed Oil, Dimer Dilinoleyl Dimer Dilinoleate, Cera Carnauba (Copernicia Cerifera (Carnauba) Wax), Agrania Spinosa Kernel Oil, Cetyl Alcohol, Polyglyceryl-10 Myristate, Oryza Sativa (Rice) Starch, Phenoxyethanol, Caprylyl Glycol, Sodium Benzoate, Potassium Sorbate, Arginine, Tocopherol, Chondrus Crispus Powder, Dimethicone.']",26.0,,,0,0,0,0,0,"['Volumizing', 'Natural Finish', 'Long-wearing', 'Waterproof']",Makeup,Eye,Eyebrow,1,15.0,15.0
P503687,Mini Fluff Up Brow Flexible Brow-Texturizing Wax,5333,Benefit Cosmetics,13050,3.8824,34.0,0.1 oz   / 2.9 mL,Size,0.1 oz   / 2.9 mL,,"['Aqua (Water), Synthetic Candelilla Wax, Steareth-21, Glyceryl Stearate, Butylene Glycol, Acacia Senegal Gum, Butyrospermum Parkii (Shea) Butter, Cellulose, Silica, Simmondsia Chinensis (Jojoba) Seed Oil, Dimer Dilinoleyl Dimer Dilinoleate, Cera Carnauba (Copernicia Cerifera (Carnauba) Wax), Agrania Spinosa Kernel Oil, Cetyl Alcohol, Polyglyceryl-10 Myristate, Oryza Sativa (Rice) Starch, Phenoxyethanol, Caprylyl Glycol, Sodium Benzoate, Potassium Sorbate, Arginine, Tocopherol, Chondrus Crispus Powder, Dimethicone.']",15.0,,,0,0,0,0,0,"['Volumizing', 'Natural Finish', 'Long-wearing', 'Waterproof']",Mini Size,Makeup,,0,,
P500840,Gimme Brow+ Volumizing  Fiber Eyebrow Pencil,5333,Benefit Cosmetics,12357,4.3776,1205.0,0.042 oz. / 1.19 g,Color,1,cool light blonde,"['Dimethicone/Divinyldimethicone/Silsesquioxane Crosspolymer, Polymethyl Methacrylate, Synthetic Fluorphlogopite, Pentylene Glycol, Peg-10 Dimethicone, Caprylyl Glycol, Triethyl Citrate, Magnesium Aluminum Silicate, Phenylpropanol, Methylpropanediol, Algin, Dehydroacetic Acid, Ethylhexylglycerin, Sodium Polyacrylate, Citric Acid, Dipropylene Glycol, Glyceryl Caprylate, Cellulose, Benzyl Alcohol, Tocopherol. [+/- Ci 19140 (Yellow 5, Yellow 5 Lake), Ci 42090 (Blue 1 Lake), Ci 77007 (Ultramarines), Ci 77163 (Bismuth Oxychloride), Ci 77491, Ci 77492, Ci 77499 (Iron Oxides), Ci 77742 (Manganese Violet), Ci 77891 (Titanium Dioxide)].']",25.0,0.0,,0,0,0,0,0,"['allure 2022 Best of Beauty Award Winner', 'Natural Finish', 'Long-wearing', 'Waterproof']",Makeup,Eye,Eyebrow,14,25.0,15.0
P408313,All-Purpose Pencil Sharpener,5333,Benefit Cosmetics,11922,4.2703,74.0,,,,,,5.0,,,0,0,0,0,0,,Tools & Brushes,Beauty Tools,Sharpeners,0,,
P475910,High Brow Dual Ended Highlighting Eyebrow Pencil,5333,Benefit Cosmetics,11755,3.9286,14.0,2 x 0.04 oz/ 1.2 g,Color,Light,linen pink (matte end)/ soft gold (shimmer end),"['High Brow—Matte:', 'Ethylhexyl Palmitate, Silica, Synthetic Wax, Stearyl Dimethicone, Bis-Diglyceryl Polyacyladipate-2, Octadecene, Hydrogenated Polydicyclopentadiene, Mica, Synthetic Beeswax, Pentaerythrityl Tetra-Di-T-Butyl Hydroxyhydrocinnamate. [+/-: Ci 19140 (Yellow 5, Yellow 5 Lake),Ci 42090 (Blue 1 Lake), Ci 75470 (Carmine), Ci 77007 (Ultramarines), Ci 77163 (Bismuth Oxychloride), Ci 77288 (Chromium Oxide Greens), Ci 77289 (Chromium Hydroxide Green), Ci 77491, Ci 77492, Ci 77499 (Iron Oxides), Ci 77510 (Ferric Ferrocyanide, Ferric Ammonium Ferrocyanide), Ci 77742 (Manganese Violet),Ci 77891 (Titanium Dioxide)].', 'High Brow Glow—Glow:', 'Pentaerythrityl Tetraisostearate, Mica, Simmondsia Chinensis (Jojoba) Seed Oil, Caprylic/Capric Triglyceride, Euphorbia Cerifera (Candelilla) Wax, Hydroxystearic Acid, Hydrogenated Vegetable Oil, Tocopherol, Talc, Ascorbyl Palmitate. [+/-: Ci 19140 (Yellow 5, Yellow 5 Lake), Ci 42090 (Blue 1 Lake), Ci 77007 (Ultramarines), Ci 77163 (Bismuth Oxychloride), Ci 77288 (Chromium Oxide Greens), Ci 77289 (Chromium Hydroxide Green), Ci 77491, Ci 77492, Ci 77499 (Iron Oxides), Ci 77510 (Ferric Ferrocyanide, Ferric Ammonium Ferrocyanide), Ci 77742 (Manganese Violet), Ci 77891 (Titanium Dioxide)].']",25.0,,,0,0,0,0,0,"['Stick Formula', 'Shimmer Finish', 'Matte Finish']",Makeup,Eye,Eyebrow,2,25.0,25.0
P408314,Grooming Tweezer & Brush,5333,Benefit Cosmetics,11374,4.3182,44.0,,,,,,20.0,,,0,0,0,0,0,,Tools & Brushes,Beauty Tools,Tweezers & Eyebrow Tools,0,,
P469438,Mini They're Real! Magnet Extreme Lengthening Mascara,5333,Benefit Cosmetics,11364,4.1254,4672.0,0.16 oz/ 4.53 g,Color,Supercharged Black,black,"['Aqua (Water), Cera Alba (Beeswax), Paraffin, Polybutene, Vp/Eicosene Copolymer, Glyceryl Stearate, Acrylates Copolymer, Copernicia Cerifera (Carnauba) Wax, Steareth-21, Palmitic Acid, Pvp, Stearic Acid, Silica, Pentylene Glycol, Phenoxyethanol, Steareth-2, Aminomethyl Propanediol, Caprylyl Glycol, Panthenol, Hydroxyethylcellulose, Aluminum Hydroxide, Tocopheryl Acetate, Disodium Phosphate, Sodium Phosphate, Polysorbate 60. [+/-: Ci 19140 (Yellow 5, Yellow 5 Lake), Ci 42090 (Blue 1 Lake), Ci 77007 (Ultramarines), Ci 77163 (Bismuth Oxychloride), Ci 77288 (Chromium Oxide Greens), Ci 77289 (Chromium Hydroxide Green), Ci 77491, Ci 77492, Ci 77499 (Iron Oxides), Ci 77510 (Ferric Ferrocyanide, Ferric Ammonium Ferrocyanide), Ci 77742 (Manganese Violet), Ci 77891 (Titanium Dioxide)].']",15.0,,,0,0,0,0,0,"['Long-wearing', 'Without Phthalates', 'Lengthening', 'Without Parabens', 'Without Silicones', 'Without Sulfates SLS & SLES']",Makeup,Eye,Mascara,0,,
P501450,Letters to Lashes Mascara Set,5333,Benefit Cosmetics,11050,4.8462,13.0,,,,,"['Roller Lash Curling Mascara:', 'Aqua (Water), Paraffin, Polybutene, Cera Alba (Beeswax), Bis-Diglyceryl Polyacyladipate-2, Palmitic Acid, Stearic Acid, Vp/Eicosene Copolymer, Acacia Senegal Gum, Copernicia Cerifera (Carnauba) Wax, Aminomethyl Propanediol, 1,2-Hexanediol, Caprylyl Glycol, Silica, Candelilla Cera (Euphorbia Cerifera (Candelilla) Wax), Hydroxyethylcellulose, Panthenol, Butylene Glycol, Hydroxyacetophenone, Chlorphenesin, Pentylene Glycol, Tocopheryl Acetate, Algin, Serine, Disodium Phosphate, Sodium Phosphate, Polysorbate 60. [+/- Ci 77499 (Iron Oxides)].', 'BADgal BANG! Volumizing Mascara', 'Butylene Glycol, Acrylates Copolymer, Euphorbia Cerifera (Candelilla) Wax, Copernicia Cerifera (Carnauba) Wax, Polybutene, Steareth-21, Vp/Eicosene Copolymer, Palmitic Acid, Stearic Acid, Phenoxyethanol, Steareth-2, Aminomethyl Propanediol, Panthenol, Caprylyl Glycol, Hydroxyethylcellulose, Silica Silylate, Tocopheryl Acetate, Nylon-12, Bht. [+/-: Ci 19140 (Yellow 5, Yellow 5 Lake), Ci 42090 (Blue 1 Lake), Ci 77007 (Ultramarines), Ci 77163 (Bismuth Oxychloride), Ci 77288 (Chromium Oxide Greens), Ci 77289 (Chromium Hydroxide Green), Ci 77491, Ci 77492, Ci 77499 (Iron Oxides), Ci 77510 (Ferric Ferrocyanide, Ferric Ammonium Ferrocyanide), Ci 77742 (Manganese Violet), Ci 77891 (Titanium Dioxide)].', 'They’re Real! Lengthening Mascara:', 'Aqua (Water), Cera Alba (Beeswax), Paraffin, Styrene/Acrylates/Ammonium Methacrylate Copolymer, Propanediol, Glyceryl Stearate, Polybutene, Vp/Eicosene Copolymer, Steareth-21, Copernicia Cerifera (Carnauba) Wax, Palmitic Acid, Stearic Acid, Phenoxyethanol, Steareth-2, Silica, Aminomethyl Propanediol, Butylene Glycol, Caprylyl Glycol, Sodium Laureth-12 Sulfate, Hydroxyethylcellulose, Kaolin, Aluminum Hydroxide, Tocopheryl Acetate, Ammonium Hydroxide, Sericin, Disodium Phosphate, Sodium Phosphate, Polysorbate 60, Sodium Hyaluronate, Citric Acid, Potassium Sorbate. [+/- Ci 77499 (Iron Oxides), Ci 77007 (Ultramarines)].']",42.0,81.0,,1,0,0,0,0,"['Volumizing', 'Long-wearing', 'Lengthening', 'Curling']",Makeup,Eye,Eye Sets,0,,
P457461,Gimme Brow+ Volumizing Eyebrow Gel Jumbo,5333,Benefit Cosmetics,9246,4.2093,43.0,0.2 oz/ 6 g,Color,3,neutral light brown,"['Precisely, My Brow Pencil:', 'Stearic Acid, Rhus Succedanea Fruit Wax, Talc, Hydrogenated Castor Oil, Cera Alba (Beeswax), Cera Microcristallina (Microcrystalline Wax), Paraffinum Liquidum (Mineral Oil), Hydrogenated Coconut Oil, Hydrogenated Palm Kernel Oil, Aluminum Hydroxide, Hydrogenated Palm Oil, Tocopherol, Lecithin, Bht. [+/-: Ci 19140 (Yellow 5, Yellow 5 Lake), Ci 42090 (Blue 1 Lake), Ci 77007 (Ultramarines), Ci 77163 (Bismuth Oxychloride), Ci 77288 (Chromium Oxide Greens), Ci 77289 (Chromium Hydroxide Green), Ci 77491, Ci 77492, Ci 77499 (Iron Oxides), Ci 77510 (Ferric Ferrocyanide, Ferric Ammonium Ferrocyanide), Ci 77742 (Manganese Violet), Ci 77891 (Titanium Dioxide)].', 'Goof Proof:', 'Synthetic Fluorphlogopite, Stearic Acid, Hydrogenated Castor Oil, Synthetic Japan Wax, Ethylhexyl Palmitate, Cera Alba (Beeswax), Sorbitan Sesquiisostearate, Aluminum Hydroxide, Tocopherol. [+/-: Ci 19140 (Yellow 5, Yellow 5 Lake), Ci 42090 (Blue 1 Lake), Ci 77007 (Ultramarines), Ci 77163 (Bismuth Oxychloride), Ci 77288 (Chromium Oxide Greens), Ci 77289 (Chromium Hydroxide Green), Ci 77491, Ci 77492, Ci 77499 (Iron Oxides), Ci 77510 (Ferric Ferrocyanide, Ferric Ammonium Ferrocyanide), Ci 77742 (Manganese Violet), Ci 77891 (Titanium Dioxide)].']",40.0,,,1,0,0,0,0,"['Natural Finish', 'Community Favorite', 'Long-wearing']",Makeup,Eye,Eye Sets,5,40.0,40.0
P453917,Mini The POREfessional Hydrating Primer,5333,Benefit Cosmetics,8461,3.7234,47.0,0.25 oz/ 7.5 mL,Size,0.25 oz/ 7.5 mL,,"['Aqua (Water), Cyclopentasiloxane, Glycerin, Dimethicone/Vinyl Dimethicone Crosspolymer, Diglycerin, Methyl Methacrylate Crosspolymer, Dimethicone, Dimethicone Crosspolymer, Pentylene Glycol, Hydroxyethyl Acrylate/Sodium Acryloyldimethyl Taurate Copolymer, Isohexadecane, Phenoxyethanol, Diphenylsiloxy Phenyl Trimethicone, Cyclohexasiloxane, Silica, Butyrospermum Parkii (Shea) Butter, Isoceteth-10, Polysorbate 60, Parfum (Fragrance), Dimethicone/Phenyl Vinyl Dimethicone Crosspolymer, Sorbitan Isostearate, Sodium Hyaluronate, Limonene, Triethoxycaprylylsilane, Bht, Alumina, Magnesium Oxide, Tocopherol. [+/-: Ci 19140 (Yellow 5, Yellow 5 Lake), Ci 42090 (Blue 1 Lake), Ci 77007 (Ultramarines), Ci 77163 (Bismuth Oxychloride), Ci 77491, Ci 77492, Ci 77499 (Iron Oxides), Ci 77891 (Titanium Dioxide)].']",14.0,,,0,0,0,0,0,"['Natural Finish', 'Hyaluronic Acid', 'Good for: Pores', 'Hydrating', 'Long-wearing', 'Best for Dry, Combo, Normal Skin']",Makeup,Face,Face Primer,0,,
P447358,Mini Hello Happy Flawless Brightening Foundation SPF 15,5333,Benefit Cosmetics,8226,3.7407,27.0,0.33 oz/ 10.0 mL,Color,1,fair cool,"['Water, Methyl Trimethicone, Alcohol, Isododecane, Phenyl Trimethicone, Peg-9 Polydimethylsiloxyethyl Dimethicone, Titanium Dioxide [Nano], Ethylhexyl Methoxycinnamate, Acrylates/Dimethicone Copolymer, Diphenyl Dimethicone/Vinyl Diphenyl Dimethicone/Silsesquioxane Crosspolymer, Glycerin, Dimethiconol/Methylsilanol/Silicate Crosspolymer, Silica, Aluminum Hydroxide, Dimethicone, Phenoxyethanol, Synthetic Fluorphlogopite, Stearic Acid, Sodium Myristoyl Glutamate, Glyceryl Undecyl Dimethicone, Disteardimonium Hectorite, Vp/Va Copolymer, Silica Silylate, Propylene Carbonate, Sodium Metabisulfite, Sodium Tocopheryl Phosphate, Hyaluronic Acid, Hydrogen Dimethicone, Sodium Hyaluronate, Bht, Hibiscus Sabdariffa Flower Extract. May Contain (+/-):Bismuth Oxychloride (Ci 77163), Iron Oxides (Ci 77491, Ci 77492, Ci 77499), Titanium Dioxide (Ci 77891).']",15.0,,,0,0,0,1,0,,Makeup,Face,Foundation,0,,
P447122,Hello Happy Velvet Powder Foundation,5333,Benefit Cosmetics,7565,2.6667,96.0,,Color,6,medium warm,"['Mica, Lauroyl Lysine, Silica, Boron Nitride, Talc, Caprylic/Capric Triglyceride, Dimethicone, Phenyl Trimethicone, Trimethylsiloxysilicate, Octyldodecyl Stearoyl Stearate, Pentylene Glycol, Isopropyl Titanium Triisostearate, Caprylyl Glycol, Ethyl Oleate, Sodium Dehydroacetate, Ethyl Stearate, Aluminum Dimyristate, Triethoxycaprylylsilane, Disodium Stearoyl Glutamate, Bht, Polyethylene, Butyrospermum Parkii (Shea) Butter Unsaponifiables, Ethyl Linoleate, Ethyl Palmitate, Alumina, Citric Acid. May Contain (+/-): Red 6/Red 7/Red 7 Lake (Ci 15850), Yellow 6/Yellow 6 Lake (Ci 15985), Yellow 5/Yellow 5 Lake (Ci 19140), Blue 1 Lake (Ci 42090), Red 27/Red 27 Lake/Red 28 Lake (Ci 45410), Red 30/Red 30 Lake (Ci 73360), Carmine (Ci 75470), Ultramarines (Ci 77007), Bismuth Oxychloride (Ci 77163), Chromium Oxide Greens (Ci 77288), Chromium Hydroxide Green (Ci 77289), Iron Oxides (Ci 77491, Ci 77492, Ci 77499), Ferric Ferrocyanide/Ferric Ammonium Ferrocyanide (Ci 77510), Manganese Violet (Ci 77742), Titanium Dioxide (Ci 77891).']",30.0,,,0,0,0,0,0,,Makeup,Face,Foundation,10,30.0,30.0
P447371,BADgal BANG! 24-Hour Waterproof Eyeliner,5333,Benefit Cosmetics,7560,3.8421,38.0,0.009 oz/ 0.25 g,Color,Pitch Black,,"['Cyclopentasiloxane, Paraffin, C1112 Isoparaffin, Polybutene, Hydrogenated Cottonseed Oil, Mica, Simmondsia Chinensis (Jojoba) Seed Oil, Ceresin, Ozokerite, Microcrystalline Wax (Cera Microcristallina), Tocopherol, Ascorbyl Palmitate. [+/: Iron Oxides (Ci 77491, Ci 77492, Ci 77499), Titanium Dioxide (Ci 77891), Ferric Ferrocyanide (Ci 77510)].']",22.0,,,0,0,0,0,0,,Makeup,Eye,Eyeliner,3,22.0,22.0
P453269,The POREfessional Hydrating Primer,5333,Benefit Cosmetics,7461,4.2353,442.0,0.75 fl oz/ 22 ml,Size,0.75 fl oz/ 22 ml,,"['Aqua (Water), Cyclopentasiloxane, Glycerin, Dimethicone/Vinyl Dimethicone Crosspolymer, Diglycerin, Methyl Methacrylate Crosspolymer, Dimethicone, Dimethicone Crosspolymer, Pentylene Glycol, Hydroxyethyl Acrylate/Sodium Acryloyldimethyl Taurate Copolymer, Isohexadecane, Phenoxyethanol, Diphenylsiloxy Phenyl Trimethicone, Cyclohexasiloxane, Silica, Butyrospermum Parkii (Shea) Butter, Isoceteth-10, Polysorbate 60, Parfum (Fragrance), Dimethicone/Phenyl Vinyl Dimethicone Crosspolymer, Sorbitan Isostearate, Sodium Hyaluronate, Limonene, Triethoxycaprylylsilane, Bht, Alumina, Magnesium Oxide, Tocopherol. [+/-: Ci 19140 (Yellow 5, Yellow 5 Lake), Ci 42090 (Blue 1 Lake), Ci 77007 (Ultramarines), Ci 77163 (Bismuth Oxychloride), Ci 77491, Ci 77492, Ci 77499 (Iron Oxides), Ci 77891 (Titanium Dioxide)].']",34.0,,,0,0,0,0,0,"['Natural Finish', 'Hyaluronic Acid', 'Good for: Pores', 'Hydrating', 'Long-wearing', 'Best for Dry, Combo, Normal Skin']",Makeup,Face,Face Primer,1,14.0,14.0
P502233,Mini Roller Express Curling Mascara & Liquid Eyeliner Set,5333,Benefit Cosmetics,7264,4.6,5.0,,,,,"['Roller Liner Waterproof Liquid Eyeliner:', 'Aqua (Water), Methylpropanediol, Styrene/Acrylates Copolymer, Styrene/Acrylates/Ammonium Methacrylate Copolymer, Cellulose, Peg-60 Hydrogenated Castor Oil, Coco-Glucoside, Poloxamer 407, Citric Acid, Phenoxyethanol, Potassium Sorbate, Phenylpropanol, Sodium Benzoate, Sodium Laureth-12 Sulfate, Sodium Lauryl Sulfate, Caprylyl Glycol, Sodium Dehydroacetate, Bht. [+/-: Ci 19140 (Yellow 5, Yellow 5 Lake), Ci 42090 (Blue 1 Lake), Ci 77007 (Ultramarines), Ci 77163 (Bismuth Oxychloride), Ci 77266 (Black 2 [Nano]), Ci 77288 (Chromium Oxide Greens), Ci 77289 (Chromium Hydroxide Green), Ci 77491, Ci 77492, Ci 77499 (Iron Oxides), Ci 77510 (Ferric Ferrocyanide, Ferric Ammonium Ferrocyanide), Ci 77742 (Manganese Violet), Ci 77891 (Titanium Dioxide)].', 'Roller Lash Curling Mascara:', 'Aqua (Water), Paraffin, Polybutene, Cera Alba (Beeswax), Bis-Diglyceryl Polyacyladipate-2, Palmitic Acid, Stearic Acid, Vp/Eicosene Copolymer, Acacia Senegal Gum, Cera Carnauba (Copernicia Cerifera (Carnauba) Wax), Aminomethyl Propanediol, 1,2-Hexanediol, Caprylyl Glycol, Silica, Candelilla Cera (Euphorbia Cerifera (Candelilla) Wax), Hydroxyethylcellulose, Panthenol, Butylene Glycol, Hydroxyacetophenone, Chlorphenesin, Pentylene Glycol, Tocopheryl Acetate, Algin, Serine, Disodium Phosphate, Sodium Phosphate, Polysorbate 60. [+/- Ci 77499 (Iron Oxides)].']",15.0,26.0,,1,0,1,1,0,"['Volumizing', 'Long-wearing']",Mini Size,Value & Gift Sets,,0,,
P447121,Hello Happy Flawless Brightening Foundation SPF 15,5333,Benefit Cosmetics,6746,3.8846,78.0,0.33 oz/ 10.0 mL,Color,1,fair cool,"['Water, Methyl Trimethicone, Alcohol, Isododecane, Phenyl Trimethicone, Peg-9 Polydimethylsiloxyethyl Dimethicone, Titanium Dioxide [Nano], Ethylhexyl Methoxycinnamate, Acrylates/Dimethicone Copolymer, Diphenyl Dimethicone/Vinyl Diphenyl Dimethicone/Silsesquioxane Crosspolymer, Glycerin, Dimethiconol/Methylsilanol/Silicate Crosspolymer, Silica, Aluminum Hydroxide, Dimethicone, Phenoxyethanol, Synthetic Fluorphlogopite, Stearic Acid, Sodium Myristoyl Glutamate, Glyceryl Undecyl Dimethicone, Disteardimonium Hectorite, Vp/Va Copolymer, Silica Silylate, Propylene Carbonate, Sodium Metabisulfite, Sodium Tocopheryl Phosphate, Hyaluronic Acid, Hydrogen Dimethicone, Sodium Hyaluronate, Bht, Hibiscus Sabdariffa Flower Extract. May Contain (+/-):Bismuth Oxychloride (Ci 77163), Iron Oxides (Ci 77491, Ci 77492, Ci 77499), Titanium Dioxide (Ci 77891).']",15.0,,,0,0,0,1,0,,Makeup,Face,Foundation,0,,
P484032,BADgal BANG! Volumizing Waterproof Mascara,5333,Benefit Cosmetics,6529,3.3673,49.0,0.3 oz / 8.5 g,Color,Black,pitch black,"['Isododecane, Cera Alba (Beeswax), Disteardimonium Hectorite, Aqua (Water), Synthetic Beeswax, Polybutene, Euphorbia Cerifera (Candelilla) Wax, Vp/Eicosene Copolymer, Polymethylsilsesquioxane, Paraffin, Propylene Carbonate, Talc, Phenoxyethanol, Silica, Panthenol. [+/- CI 77499 (Iron Oxides)].']",28.0,,,0,0,0,0,0,"['Volumizing', 'Long-wearing', 'Waterproof']",Makeup,Eye,Mascara,0,,
P475911,Brow Pomade Eyebrow Brush,5333,Benefit Cosmetics,5404,4.5,12.0,,,,,,18.0,,,0,0,0,0,0,,Makeup,Eye,Eyebrow,0,,
P479828,The POREfessional: Mini Lite Primer Water-Based Pore Primer,5333,Benefit Cosmetics,4968,3.8333,12.0,0.25 oz/ 7.5 mL,Size,0.25 oz/ 7.5 mL,,"['Aqua (Water), Glycerin, Silica, Sodium Acrylates Crosspolymer-2, Butylene Glycol, Ppg-24-Glycereth-24, Phenoxyethanol, Peg-60 Hydrogenated Castor Oil, Cetyl Alcohol, Tocopheryl Acetate, Ethylhexylglycerin, Xanthan Gum, Tocopherol. [+/- Ci 19140 (Yellow 5, Yellow 5 Lake), Ci 42090 (Blue 1 Lake), Ci 77007 (Ultramarines), Ci 77491, Ci 77492, Ci 77499 (Iron Oxides), Ci 77891 (Titanium Dioxide)].']",14.0,,,0,0,0,0,0,"['Natural Finish', 'Good for: Pores', 'Long-wearing', 'Fragrance Free', 'Best for Oily, Combo, Normal Skin']",Mini Size,Makeup,,0,,
P500099,"Multitasking Cheek Brush for Powder Blush, Bronzer & Highlighter",5333,Benefit Cosmetics,4064,2.0,2.0,,Color,,,,32.0,,,0,0,1,0,0,"['Pressed Powder Formula', 'Customizable']",Makeup,Brushes & Applicators,Face Brushes,0,,
P479827,The POREfessional: Lite Primer Water-Based Pore Primer,5333,Benefit Cosmetics,3791,4.1515,1010.0,0.75 oz/ 22 mL,Size,0.75 oz/ 22 mL,,"['Aqua (Water), Glycerin, Silica, Sodium Acrylates Crosspolymer-2, Butylene Glycol, PPG-24-Glycereth-24, Phenoxyethanol, PEG-60, Hydrogenated Castor Oil, Cetyl Alcohol, Tocopheryl Acetate, Ethylhexylglycerin, Xanthan Gum, Tocopherol. [+/- CI 19140 (Yellow 5, Yellow 5 Lake), CI 42090 (Blue 1 Lake), CI 77007 (Ultramarines), CI 77491, CI 77492, CI 77499 (Iron Oxides), CI 77891 (Titanium Dioxide)].']",34.0,,,0,0,0,0,0,"['Natural Finish', 'Good for: Pores', 'Long-wearing', 'Fragrance Free', 'Best for Oily, Combo, Normal Skin']",Makeup,Face,Face Primer,1,14.0,14.0
P501426,Mini Gimme Brow + Volumizing Fiber Eyebrow Pencil,5333,Benefit Cosmetics,3656,4.4,95.0,0.02oz / 0.6g,Color,3,warm light brown,"['Dimethicone/Divinyldimethicone/Silsesquioxane Crosspolymer, Polymethyl Methacrylate, Synthetic Fluorphlogopite, Pentylene Glycol, Peg-10 Dimethicone, Caprylyl Glycol, Triethyl Citrate, Magnesium Aluminum Silicate, Phenylpropanol, Methylpropanediol, Algin, Dehydroacetic Acid, Ethylhexylglycerin, Sodium Polyacrylate, Citric Acid, Dipropylene Glycol, Glyceryl Caprylate, Cellulose, Benzyl Alcohol, Tocopherol. [+/- Ci 19140 (Yellow 5, Yellow 5 Lake), Ci 42090 (Blue 1 Lake), Ci 77007 (Ultramarines), Ci 77163 (Bismuth Oxychloride), Ci 77491, Ci 77492, Ci 77499 (Iron Oxides), Ci 77742 (Manganese Violet), Ci 77891 (Titanium Dioxide)].']",15.0,0.0,,0,0,0,0,0,"['allure 2022 Best of Beauty Award Winner', 'Natural Finish', 'Long-wearing', 'Waterproof']",Mini Size,Makeup,,2,15.0,15.0
P501435,Gimme Brow Goals Volumizing Brow Gel & Pencil Duo,5333,Benefit Cosmetics,3154,4.0,2.0,,Color,4,warm deep brown,"['Gimme Brow+ Volumizing Brow Gel:', 'Aqua (Water), Mica, Glyceryl Stearate, Pentylene Glycol, Polypropylene, Magnesium Aluminum Silicate, Peg-100 Stearate, Phenoxyethanol, Polyacrylamide, C13-14 Isoparaffin, Laureth-7, Panthenol, Glycerin, Althaea Officinalis Root Extract, Silica, Citric Acid, Potassium Sorbate, Sodium Benzoate. [+/-: Ci 19140 (Yellow 5, Yellow 5 Lake), Ci 42090 (Blue 1 Lake), Ci 77007 (Ultramarines), Ci 77163 (Bismuth Oxychloride), Ci 77288 (Chromium Oxide Greens), Ci 77289 (Chromium Hydroxide Green), Ci 77491, Ci 77492, Ci 77499 (Iron Oxides), Ci 77510 (Ferric Ferrocyanide, Ferric Ammonium Ferrocyanide), Ci 77742 (Manganese Violet), Ci 77891 (Titanium Dioxide)].', 'Gimme Brow+ Volumizing Pencil:', 'Silica, Dimethicone/Divinyldimethicone/Silsesquioxane Crosspolymer, Mica, Polymethyl Methacrylate, Synthetic Fluorphlogopite, Pentylene Glycol, Peg-10 Dimethicone, Caprylyl Glycol, Triethyl Citrate, Magnesium Aluminum Silicate, Phenylpropanol, Methylpropanediol, Algin, Dehydroacetic Acid, Ethylhexylglycerin, Sodium Polyacrylate, Citric Acid, Dipropylene Glycol, Glyceryl Caprylate, Cellulose, Benzyl Alcohol, Tocopherol. [+/- Ci 19140 (Yellow 5, Yellow 5 Lake), Ci 42090 (Blue 1 Lake), Ci 77007 (Ultramarines), Ci 77163 (Bismuth Oxychloride), Ci 77491, Ci 77492, Ci 77499 (Iron Oxides), Ci 77742 (Manganese Violet), Ci 77891 (Titanium Dioxide)].']",27.0,38.0,,1,0,0,0,0,"['Volumizing', 'Long-wearing']",Makeup,Value & Gift Sets,,2,27.0,27.0
P447368,Hello Happy Flawless Brightening Foundation,5333,Benefit Cosmetics,2168,3.2258,31.0,1 oz/ 30 mL,Color,6,medium warm,"['Water, Methyl Trimethicone, Alcohol, Isododecane, Phenyl Trimethicone, Peg-9 Polydimethylsiloxyethyl Dimethicone, Titanium Dioxide [Nano], Ethylhexyl Methoxycinnamate, Acrylates/Dimethicone Copolymer, Diphenyl Dimethicone/Vinyl Diphenyl Dimethicone/Silsesquioxane Crosspolymer, Glycerin, Dimethiconol/Methylsilanol/Silicate Crosspolymer, Silica, Aluminum Hydroxide, Dimethicone, Phenoxyethanol, Synthetic Fluorphlogopite, Stearic Acid, Sodium Myristoyl Glutamate, Glyceryl Undecyl Dimethicone, Disteardimonium Hectorite, Vp/Va Copolymer, Silica Silylate, Propylene Carbonate, Sodium Metabisulfite, Sodium Tocopheryl Phosphate, Hyaluronic Acid, Hydrogen Dimethicone, Sodium Hyaluronate, Bht, Hibiscus Sabdariffa Flower Extract. May Contain (+/-):Bismuth Oxychloride (Ci 77163), Iron Oxides (Ci 77491, Ci 77492, Ci 77499), Titanium Dioxide (Ci 77891).']",30.0,,,0,0,0,1,0,,Makeup,Face,Foundation,10,30.0,30.0
P504131,BADgal Goodies Volumizing Mascara Value Set,5333,Benefit Cosmetics,2052,3.0,2.0,,,,,"['Aqua (Water), Paraffin, Cera Alba (Beeswax), Glyceryl Stearate, Butylene Glycol, Acrylates Copolymer, Euphorbia Cerifera (Candelilla) Wax, Copernicia Cerifera (Carnauba) Wax, Polybutene, Steareth-21, VP/Eicosene Copolymer, Palmitic Acid, Stearic Acid, Phenoxyethanol, Steareth-2, Aminomethyl Propanediol, Panthenol, Caprylyl Glycol, Hydroxyethylcellulose, Silica Silylate, Tocopheryl Acetate, Nylon-12, BHT. [+/-: CI 19140 (Yellow 5, Yellow 5 Lake), CI 42090 (Blue 1 Lake), CI 77007 (Ultramarines), CI 77163 (Bismuth Oxychloride), CI 77288 (Chromium Oxide Greens), CI 77289 (Chromium Hydroxide Green), CI 77491, CI 77492, CI 77499 (Iron Oxides), CI 77510 (Ferric Ferrocyanide, Ferric Ammonium Ferrocyanide), CI 77742 (Manganese Violet), CI 77891 (Titanium Dioxide)].']",29.0,41.0,,1,0,0,0,1,"['Volumizing', 'Long-wearing', 'Lengthening']",Makeup,Eye,Mascara,0,,
P502816,Mascara Power Pair Extreme Lengthening Mascara Set,5333,Benefit Cosmetics,1765,,,,,,,"['Aqua (Water), Cera Alba (Beeswax), Paraffin, Polybutene, Vp/Eicosene Copolymer, Glyceryl Stearate, Acrylates Copolymer, Copernicia Cerifera (Carnauba) Wax, Steareth-21, Palmitic Acid, Pvp, Stearic Acid, Silica, Pentylene Glycol, Phenoxyethanol, Steareth-2, Aminomethyl Propanediol, Caprylyl Glycol, Panthenol, Hydroxyethylcellulose, Aluminum Hydroxide, Tocopheryl Acetate, Disodium Phosphate, Sodium Phosphate, Polysorbate 60. [+/-: Ci 19140 (Yellow 5, Yellow 5 Lake), Ci 42090 (Blue 1 Lake), Ci 77007 (Ultramarines), Ci 77163 (Bismuth Oxychloride), Ci 77288 (Chromium Oxide Greens), Ci 77289 (Chromium Hydroxide Green), Ci 77491, Ci 77492, Ci 77499 (Iron Oxides), Ci 77510 (Ferric Ferrocyanide, Ferric Ammonium Ferrocyanide), Ci 77742 (Manganese Violet), Ci 77891 (Titanium Dioxide)].']",27.0,42.0,,1,0,1,0,0,"['Long-wearing', 'Lengthening']",Makeup,Eye,Mascara,0,,
P505006,Mini The POREfessional Deep Retreat Pore-Clearing Clay Mask,5333,Benefit Cosmetics,1500,4.766,705.0,1 oz / 30 ml,Size,1 oz / 30 ml,,"['Aqua (Water), Kaolin, Silica, Glycerin, Butylene Glycol, Pentylene Glycol, CI 77007 (Ultramarines), PEG-40 Sorbitan Peroleate, Sodium Acrylates Copolymer, Caprylic/Capric Triglyceride, CI 77499 (Iron Oxides), Hydroxyacetophenone, Lecithin, Mica, Chlorphenesin, Bisabolol, CI 77491 (Iron Oxides), Hydrogenated Vegetable Oil, Opuntia Coccinellifera Flower Extract, CI 77891 (Titanium Dioxide), Trisodium Ethylenediamine Disuccinate, Simmondsia Chinensis (Jojoba) Seed Oil, Prunus Domestica Seed Oil, Parfum (Fragrance), Disodium Phosphate, Potassium Hydroxide, Xanthan Gum, Crithmum Maritimum Extract, 1,2-Hexanediol, Caprylyl Glycol, Tocopherol, CI 77510 (Ferric Ferrocyanide), Sodium Phosphate, Sphingolipids, Sphingomonas Ferment Extract, Tocopheryl Acetate, Citric Acid, Pentaerythrityl Tetra-Di-T-Butyl Hydroxyhydrocinnamate, Sodium Citrate.']",20.0,,,0,1,0,0,0,"['Good for: Dullness/Uneven Texture', 'Good for: Pores']",Mini Size,Skincare,,0,,
P504136,Get REAL Duo Lengthening Mascara Value Set,5333,Benefit Cosmetics,1000,,,,,,,"['Water (Aqua), Paraffin, Polybutene, Styrene/Acrylates/Ammonium Methacrylate Copolymer, Beeswax (Cera Alba), Bisdiglyceryl Polyacyladipate2, C1836 Acid Triglyceride, Palmitic Acid, Stearic Acid, Triethanolamine, VP/Eicosene Copolymer, Acacia Senegal Gum, Hydroxyethylcellulose, Phenoxyethanol, Tetrasodium EDTA, Butylene Glycol, Caprylyl Glycol, Tocopheryl Acetate, Sodium Laureth12 Sulfate, Glycerin, Potassium Sorbate, Sericin, Calcium Chloride, Sodium Hyaluronate, Tilia Tomentosa Bud Extract, Citric Acid, BHT, Sorbic Acid. [+/: Iron Oxides (CI 77491, CI 77492, CI 77499), Ultramarines (CI 77007), Chromium Oxide Greens (CI 77288), Chromium Hydroxide Green (CI 77289), Titanium Dioxide (CI 77891)].']",29.0,41.0,,1,0,0,0,1,"['Volumizing', 'Long-wearing', 'Lengthening']",Makeup,Eye,Mascara,0,,
P505033,Mini The POREfessional Package Deal pore primer & pore care value set,5333,Benefit Cosmetics,539,,,,,,,"['Mini The POREfessional Tight ’n Toned Pore-Refining AHA+PHA Toner:', 'Aqua (Water), Gluconolactone, Glycolic Acid, Glycerin, Sodium Hydroxide, PEG-60 Hydrogenated Castor Oil, Citric Acid, 1,2-Hexanediol, Butylene Glycol, Chlorphenesin, Decyl Glucoside, Bisabolol, Menthoxypropanediol, Sodium Citrate, Pentylene Glycol, Citrus Limon (Lemon) Fruit Extract, Sphingolipids, Sphingomonas Ferment Extract, Citrus Junos Fruit Extract.', 'Mini The POREfessional Deep Retreat Pore-Clearing Clay Mask:', 'Aqua (Water), Kaolin, Silica, Glycerin, Butylene Glycol, Pentylene Glycol, CI 77007 (Ultramarines), PEG-40 Sorbitan Peroleate, Sodium Acrylates Copolymer, Caprylic/Capric Triglyceride, CI 77499 (Iron Oxides), Hydroxyacetophenone, Lecithin, Mica, Chlorphenesin, Bisabolol, CI 77491 (Iron Oxides), Hydrogenated Vegetable Oil, Opuntia Coccinellifera Flower Extract, CI 77891 (Titanium Dioxide), Trisodium Ethylenediamine Disuccinate, Simmondsia Chinensis (Jojoba) Seed Oil, Prunus Domestica Seed Oil, Parfum (Fragrance), Disodium Phosphate, Potassium Hydroxide, Xanthan Gum, Crithmum Maritimum Extract, 1,2-Hexanediol, Caprylyl Glycol, Tocopherol, CI 77510 (Ferric Ferrocyanide), Sodium Phosphate, Sphingolipids, Sphingomonas Ferment Extract, Tocopheryl Acetate, Citric Acid, Pentaerythrityl Tetra-Di-T-Butyl Hydroxyhydrocinnamate, Sodium Citrate.', 'Mini The POREfessional Pore Minimizing Primer:', 'Cyclopentasiloxane, Dimethicone, Dimethicone/Vinyl Dimethicone Crosspolymer, Isononyl Isononanoate, Silica, Dimethicone Crosspolymer, Isododecane, Phenoxyethanol, Polymethyl Methacrylate, Titanium Dioxide (CI 77891), Cyclohexasiloxane, Tocopheryl Acetate, Fragrance (Parfum), Mica, Iron Oxides (CI 77492), Limonene, Iron Oxides (CI 77491), Iron Oxides (CI 77499), Triethoxycaprylylsilane, BHT.', 'The POREfessional Good Cleanup Foaming Cleanser:', 'Aqua (Water), Coco-Betaine, Glycerin, Butylene Glycol, PEG-120 Methyl Glucose Dioleate, Sodium Lauroyl Sarcosinate, Maltitol, Sodium Methyl Cocoyl Taurate, Sodium Cocoyl Isethionate, Polyacrylate Crosspolymer-6, Sodium Benzoate, Caprylyl Glycol, Citric Acid, Hydroxyacetophenone, Parfum (Fragrance), Polyquaternium-22, Bisabolol, Sodium Citrate, Pentylene Glycol, Citrus Limon (Lemon) Fruit Extract, Sphingolipids, Sphingomonas Ferment Extract, Citrus Junos Fruit Extract, Pentaerythrityl Tetra-Di-T-Butyl Hydroxyhydrocinnamate, Tocopherol.']",34.0,52.0,,1,1,0,0,0,"['Liquid Formula', 'Good for: Pores']",Mini Size,Value & Gift Sets,,0,,
P505052,Mini The POREfessional Tight ’n Toned Pore-Refining AHA+PHA Toner,5333,Benefit Cosmetics,490,4.6464,676.0,2 oz / 60 mL,Size,2 oz / 60 mL,,"['Aqua (Water), Gluconolactone, Glycolic Acid, Glycerin, Sodium Hydroxide, PEG-60 Hydrogenated Castor Oil, Citric Acid, 1,2-Hexanediol, Butylene Glycol, Chlorphenesin, Decyl Glucoside, Bisabolol, Menthoxypropanediol, Sodium Citrate, Pentylene Glycol, Citrus Limon (Lemon) Fruit Extract, Sphingolipids, Sphingomonas Ferment Extract, Citrus Junos Fruit Extract.']",19.0,,,0,1,0,0,0,"['Good for: Dullness/Uneven Texture', 'Good for: Pores']",Mini Size,Skincare,,0,,
P505026,Mini The POREfessional Get Unblocked Makeup-Removing Cleansing Oil,5333,Benefit Cosmetics,432,4.6723,476.0,1.5 oz / 45 mL,Size,1.5 oz / 45 mL,,"['Caprylic/Capric Triglyceride, Simmondsia Chinensis (Jojoba) Seed Oil, PEG-40 Sorbitan Peroleate, Persea Gratissima (Avocado) Oil, Vitis Vinifera (Grape) Seed Oil, 1,2-Hexanediol, Caprylyl Glycol, Parfum (Fragrance), Bisabolol, Prunus Domestica Seed Oil, Triethyl Citrate, Tocopherol, Ceramide NP, Tocopheryl Acetate, Pentaerythrityl Tetra-Di-T-Butyl Hydroxyhydrocinnamate.']",18.0,,,0,1,0,0,0,"['Good for: Dullness/Uneven Texture', 'Good for: Pores']",Mini Size,Skincare,,0,,
P505007,Mini The POREfessional Good Cleanup Foaming Cleanser,5333,Benefit Cosmetics,269,4.6212,462.0,1.5 oz / 45 ml,Size,1.5 oz / 45 ml,,"['Aqua (Water), Coco-Betaine, Glycerin, Butylene Glycol, PEG-120 Methyl Glucose Dioleate, Sodium Lauroyl Sarcosinate, Maltitol, Sodium Methyl Cocoyl Taurate, Sodium Cocoyl Isethionate, Polyacrylate Crosspolymer-6, Sodium Benzoate, Caprylyl Glycol, Citric Acid, Hydroxyacetophenone, Parfum (Fragrance), Polyquaternium-22, Bisabolol, Sodium Citrate, Pentylene Glycol, Citrus Limon (Lemon) Fruit Extract, Sphingolipids, Sphingomonas Ferment Extract, Citrus Junos Fruit Extract, Pentaerythrityl Tetra-Di-T-Butyl Hydroxyhydrocinnamate, Tocopherol.']",15.0,,,0,1,0,0,0,"['Good for: Dullness/Uneven Texture', 'Good for: Pores']",Mini Size,Skincare,,0,,
P236816,Dior Addict Lip Glow,1073,Dior,757716,4.3517,2084.0,0.11 oz / 3.52 g,Color,038 Rose Nude,a nude pink,,40.0,,,1,1,1,0,1,"['Satin Finish', 'Hydrating', 'Without Formaldehydes', 'Without Parabens', 'Without Silicones', 'Without Sulfates SLS & SLES']",Makeup,Lip,Lip Balm & Treatment,12,40.0,40.0
P453814,Lip Glow Oil,1073,Dior,684860,4.0795,1145.0,0.2 oz/ 6mL,Color,20 Mahogany,mahogany,"['Hydrogenated Polyisobutene, Tridecyl Trimellitate, Polybutene, Pentaerythrityl Tetraisostearate, Phytosteryl/Octyldodecyl Lauroyl Glutamate, Ethylene/Propylene/Styrene Copolymer, Ethylhexyl Palmitate, Caprylic/Capric Triglyceride, Butylene/Ethylene/Styrene Copolymer, Parfum (Fragrance), Polyglyceryl-2 Triisostearate, Luffa Cylindrica Seed Oil, Prunus Avium (Sweet Cherry) Seed Oil, Trimethylolpropane Triisostearate, Diisostearyl Malate, Tocopherol, Pentaerythrityl Tetra-Di-T-Butyl Hydroxyhydrocinnamate, Undaria Pinnatifida Extract, Benzyl Alcohol, Propyl Gallate, [+/- :Ci 12085 (Red 36, Red 36 Lake), Ci 15850 (Red 6, Red 7, Red 7 Lake), Ci 15985 (Yellow 6, Yellow 6 Lake), Ci 17200 (Red 33), Ci 19140 (Yellow 5, Yellow 5 Lake), Ci 42090 (Blue 1, Blue 1 Lake), Ci 45380 (Red 21, Red 21 Lake, Red 22, Red 22 Lake), Ci 45410 (Red 27, Red 27 Lake, Red 28, Red 28 Lake), Ci 73360 (Red 30, Red 30 Lake), Ci 77163 (Bismuth Oxychloride), Ci 77491, Ci 77492, Ci 77499 (Iron Oxides), Ci 77742 (Manganese Violet), Ci 77891 (Titanium Dioxide)].']",40.0,,,0,0,0,0,0,"['High Shine Finish', 'Hydrating']",Makeup,Lip,Lip Balm & Treatment,7,40.0,40.0
P186805,Dior Addict Lip Maximizer Plumping Gloss,1073,Dior,482461,4.4714,1084.0,0.2 oz / 6 mL,Color,001 Pink,a delicate pink,"['Polyglyceryl-2 Triisostearate, Helianthus Annuus (Sunflower) Seed Oil, Hydrogenated Castor Oil Dimer Dilinoleate, Phytosteryl/Octyldodecyl Lauroyl Glutamate, Jojoba Esters, Polyglyceryl-2 Isostearate/Dimer Dilinoleate Copolymer, Candelilla Cera (Euphorbia Cerifera (Candelilla) Wax), Behenyl Behenate, Helianthus Annuus (Sunflower) Seed Wax, Butyrospermum Parkii (Shea) Butter, Oryza Sativa (Rice) Bran Wax, Caprylic/Capric Triglyceride, Parfum (Fragrance), Butyrospermum Parkii (Shea) Butter Unsaponifiables, Diisostearyl Malate, Prunus Avium (Sweet Cherry) Seed Oil, Trimethylolpropane Triisostearate, Tocopherol, Ethyl Vanillin, Ascorbyl Palmitate, Undaria Pinnatifida Extract, Propyl Gallate, [+/- Ci 77891 (Titanium Dioxide), Ci 77491, Ci 77499 (Iron Oxides), Ci 45380 (Red 21), Ci 15985 (Yellow 6 Lake), Ci 15850 (Red 7), Ci 42090 (Blue 1 Lake)]']",40.0,,,0,0,0,0,0,,Makeup,Lip,Lip Plumper,19,40.0,40.0
P432500,BACKSTAGE Face & Body Foundation,1073,Dior,329288,4.3445,3907.0,1.6 oz/ 50 mL,Color,2.5 Neutral,,"['Cyclopentasiloxane, Water, Alcohol, Trimethylsiloxysilicate, Polyurethane-35, Peg-9 Polydimethylsiloxyethyl Dimethicone, Phenyl Trimethicone, Glycerin, Silica, Disteardimonium Hectorite, Sodium Myristoyl Glutamate, Glyceryl Undecyl Dimethicone, Phenoxyethanol, Propylene Carbonate, Vp/Va Copolymer, Tetrasodium Edta, Fragrance, Aluminum Hydroxide, Linalool, Limonene, Citronellol, Bht, Tocopherol. May Contain (+/-): Yellow 5/Yellow 5 Lake (Ci 19140), Blue 1 Lake (Ci 42090), Ultramarines (Ci 77007), Bismuth Oxychloride (Ci 77163), Iron Oxides (Ci 77491, Ci 77492, Ci 77499), Titanium Dioxide (Ci 77891).']",40.0,,,0,0,0,0,1,,Makeup,Face,Foundation,39,40.0,40.0
P454762,BACKSTAGE Rosy Glow Blush,1073,Dior,244438,4.2244,450.0,0.16 oz/ 4.5 g,Color,Pink,pink,"['Talc, Mica, Dimethicone, Methyl Methacrylate Crosspolymer, Zinc Stearate, Synthetic Fluorphlogopite, Pentylene Glycol, Lauroyl Lysine, Sodium Dehydroacetate, Caprylyl Glycol, Parfum (Fragrance), Citronellol , [+/- :Ci 15850 (Red 6, Red 7, Red 7 Lake), Ci 15985 (Yellow 6, Yellow 6 Lake), Ci 19140 (Yellow 5, Yellow 5 Lake), Ci 42090 (Blue 1 Lake), Ci 45410 (Red 27, Red 27 Lake, Red 28 Lake), Ci 73360 (Red 30, Red 30 Lake), Ci 77007 (Ultramarines), Ci 77163 (Bismuth Oxychloride), Ci 77288 (Chromium Oxide Greens), Ci 77289 (Chromium Hydroxide Green), Ci 77491, Ci 77492, Ci 77499 (Iron Oxides), Ci 77510 (Ferric Ferrocyanide, Ferric Ammonium Ferrocyanide),  Ci 77742 (Manganese Violet), Ci 77891 (Titanium Dioxide)].']",40.0,,,0,0,0,0,0,,Makeup,Cheek,Blush,1,40.0,40.0
P432502,BACKSTAGE Glow Face Palette,1073,Dior,229844,4.5317,961.0,,Color,001 Universal,,"['Shade 1:', 'Alumina, Mica, Cetearyl Ethylhexanoate, Hdi/Trimethylol Hexyllactone Crosspolymer, Squalane, Octyldodecyl Stearoyl Stearate, Glycerin, Tin Oxide, Silica, Polysorbate 80, Ethylhexylglycerin, Caprylyl Glycol, 1,2-Hexanediol, Chondrus Crispus Extract, Xanthan Gum, Pentaerythrityl Tetra-Di-T-Butyl Hydroxyhydrocinnamate, Cetearyl Alcohol, Dicalcium Phosphate, Synthetic Fluorphlogopite, Tocopherol. May Contain (+/-):  Ci 15850 (Red 6, Red 7, Red 7 Lake), Ci 15985 (Yellow 6, Yellow 6 Lake), Ci 19140 (Yellow 5, Yellow 5 Lake), Ci 42090 (Blue 1 Lake), Ci 45410 (Red 27, Red 27 Lake, Red 28 Lake), Ci 73360 (Red 30, Red 30 Lake), Ci 75470  (Carmine), Ci 77007 (Ultramarines), Ci 77163 (Bismuth Oxychloride), Ci 77288 (Chromium Oxide Greens), Ci 77289 (Chromium Hydroxide Green), Ci 77491, Ci 77492, Ci 77499 (Iron Oxides), Ci 77510 (Ferric Ferrocyanide, Ferric Ammonium Ferrocyanide), Ci 77742 (Manganese Violet), Ci 77891 (Titanium Dioxide).', 'Shade 2:', 'Mica, Cetearyl Ethylhexanoate, Hdi/Trimethylol Hexyllactone Crosspolymer, Squalane, Octyldodecyl Stearoyl Stearate, Glycerin, Polysorbate 80, Ethylhexylglycerin, Caprylyl Glycol, 1,2-Hexanediol, Synthetic Fluorphlogopite, Chondrus Crispus Extract, Xanthan Gum, Pentaerythrityl Tetra-Di-T-Butyl Hydroxyhydrocinnamate, Silica, Cetearyl Alcohol, Dicalcium Phosphate, Tocopherol. May Contain (+/-):  Ci 15850 (Red 6, Red 7, Red 7 Lake), Ci 15985 (Yellow 6, Yellow 6 Lake), Ci 19140 (Yellow 5, Yellow 5 Lake), Ci 42090 (Blue 1 Lake), Ci 45410 (Red 27, Red 27 Lake, Red 28 Lake), Ci 73360 (Red 30, Red 30 Lake), Ci 75470  (Carmine), Ci 77007 (Ultramarines), Ci 77163 (Bismuth Oxychloride), Ci 77288 (Chromium Oxide Greens), Ci 77289 (Chromium Hydroxide Green), Ci 77491, Ci 77492, Ci 77499 (Iron Oxides), Ci 77510 (Ferric Ferrocyanide, Ferric Ammonium Ferrocyanide), Ci 77742 (Manganese Violet), Ci 77891 (Titanium Dioxide).']",45.0,,,0,0,0,0,1,,Makeup,Makeup Palettes,,1,45.0,45.0
P432504,BACKSTAGE Eyeshadow Palette,1073,Dior,201544,4.2467,377.0,,Color,Amber Neutrals,,"['Shade 1:', 'Polyglyceryl-2 Triisostearate, Isononyl Isononanoate, Methyl Methacrylate Crosspolymer, Bis-Diglyceryl Polyacyladipate-2, Polyethylene, Isostearyl Hydroxystearate, Cera Microcristallina (Microcrystalline Wax), Trimethylolpropane Triisostearate, Phenoxyethanol, Propyl Gallate, Bht, [+/- :Ci 19140 (Yellow 5, Yellow 5 Lake), Ci 42090 (Blue 1 Lake), Ci 75470 (Carmine) ), Ci 77000 (Aluminum Powder), Ci 77007 (Ultramarines), Ci 77163 (Bismuth Oxychloride), Ci 77288 (Chromium Oxide Greens), Ci 77289 (Chromium Hydroxide Green), Ci 77491, Ci 77492, Ci 77499 (Iron Oxides), Ci 77510 (Ferric Ferrocyanide, Ferric Ammonium Ferrocyanide), Ci 77742 (Manganese Violet), Ci 77891 (Titanium Dioxide)].', 'Shade 2:', 'Synthetic Fluorphlogopite, Talc, Nylon-12, Magnesium Stearate, Octyldodecyl Stearoyl Stearate, Isononyl Isononanoate, Silica, Lauroyl Lysine, Sodium Dehydroacetate, Ethylene/Propylene/Styrene Copolymer, Tin Oxide, Dimethicone, Caprylyl Glycol, Pentylene Glycol, Butylene/Ethylene/Styrene Copolymer, Diphenyl Dimethicone/Vinyl Diphenyl Dimethicone/Silsesquioxane Crosspolymer, Bht, [+/- :Ci 19140 (Yellow 5, Yellow 5 Lake), Ci 42090 (Blue 1 Lake), Ci 75470 (Carmine) ), Ci 77000 (Aluminum Powder), Ci 77007 (Ultramarines), Ci 77163 (Bismuth Oxychloride), Ci 77288 (Chromium Oxide Greens), Ci 77289 (Chromium Hydroxide Green), Ci 77491, Ci 77492, Ci 77499 (Iron Oxides), Ci 77510 (Ferric Ferrocyanide, Ferric Ammonium Ferrocyanide), Ci 77742 (Manganese Violet), Ci 77891 (Titanium Dioxide)].', 'Shade 3:', 'Talc, Mica, Pentaerythrityl Tetraisostearate, Nylon-12, Diphenyl Dimethicone/Vinyl Diphenyl Dimethicone/Silsesquioxane Crosspolymer, Pentylene Glycol, Lauroyl Lysine, Dimethicone, Magnesium Stearate, Sodium Dehydroacetate, [+/- :Ci 19140 (Yellow 5, Yellow 5 Lake), Ci 42090 (Blue 1 Lake), Ci 75470 (Carmine) ), Ci 77000 (Aluminum Powder), Ci 77007 (Ultramarines), Ci 77163 (Bismuth Oxychloride), Ci 77288 (Chromium Oxide Greens), Ci 77289 (Chromium Hydroxide Green), Ci 77491, Ci 77492, Ci 77499 (Iron Oxides), Ci 77510 (Ferric Ferrocyanide, Ferric Ammonium Ferrocyanide), Ci 77742 (Manganese Violet), Ci 77891 (Titanium Dioxide)].', 'Shade 4:', 'Synthetic Fluorphlogopite, Talc, Octyldodecyl Stearoyl Stearate, Isononyl Isononanoate, Nylon-12, Magnesium Stearate, Lauroyl Lysine, Dimethicone, Polymethylsilsesquioxane, Sodium Dehydroacetate, Ethylene/Propylene/Styrene Copolymer, Caprylyl Glycol, Pentylene Glycol, Butylene/Ethylene/Styrene Copolymer, Tin Oxide, Mica, Bht, [+/- :Ci 19140 (Yellow 5, Yellow 5 Lake), Ci 42090 (Blue 1 Lake), Ci 75470 (Carmine) ), Ci 77000 (Aluminum Powder), Ci 77007 (Ultramarines), Ci 77163 (Bismuth Oxychloride), Ci 77288 (Chromium Oxide Greens), Ci 77289 (Chromium Hydroxide Green), Ci 77491, Ci 77492, Ci 77499 (Iron Oxides), Ci 77510 (Ferric Ferrocyanide, Ferric Ammonium Ferrocyanide), Ci 77742 (Manganese Violet), Ci 77891 (Titanium Dioxide)].', 'Shade 5:', 'Synthetic Fluorphlogopite, Talc, Octyldodecyl Stearoyl Stearate, Isononyl Isononanoate, Nylon-12, Magnesium Stearate, Lauroyl Lysine, Dimethicone, Diphenyl Dimethicone/Vinyl Diphenyl Dimethicone/Silsesquioxane Crosspolymer, Sodium Dehydroacetate, Ethylene/Propylene/Styrene Copolymer, Tin Oxide, Caprylyl Glycol, Pentylene Glycol, Butylene/Ethylene/Styrene Copolymer, Bht, [+/- :Ci 19140 (Yellow 5, Yellow 5 Lake), Ci 42090 (Blue 1 Lake), Ci 75470 (Carmine) ), Ci 77000 (Aluminum Powder), Ci 77007 (Ultramarines), Ci 77163 (Bismuth Oxychloride), Ci 77288 (Chromium Oxide Greens), Ci 77289 (Chromium Hydroxide Green), Ci 77491, Ci 77492, Ci 77499 (Iron Oxides), Ci 77510 (Ferric Ferrocyanide, Ferric Ammonium Ferrocyanide), Ci 77742 (Manganese Violet), Ci 77891 (Titanium Dioxide)].', 'Shade 6:', 'Mica, Talc, Pentaerythrityl Tetraisostearate, Nylon-12, Diphenyl Dimethicone/Vinyl Diphenyl Dimethicone/Silsesquioxane Crosspolymer, Pentylene Glycol, Lauroyl Lysine, Dimethicone, Magnesium Stearate, Sodium Dehydroacetate, [+/- :Ci 19140 (Yellow 5, Yellow 5 Lake), Ci 42090 (Blue 1 Lake), Ci 75470 (Carmine) ), Ci 77000 (Aluminum Powder), Ci 77007 (Ultramarines), Ci 77163 (Bismuth Oxychloride), Ci 77288 (Chromium Oxide Greens), Ci 77289 (Chromium Hydroxide Green), Ci 77491, Ci 77492, Ci 77499 (Iron Oxides), Ci 77510 (Ferric Ferrocyanide, Ferric Ammonium Ferrocyanide), Ci 77742 (Manganese Violet), Ci 77891 (Titanium Dioxide)].']",49.0,,,0,0,0,0,1,,Makeup,Eye,Eye Palettes,4,49.0,49.0
P454348,Dior Forever Skin Correct Full-Coverage Concealer,1073,Dior,167236,4.3953,296.0,0.37 oz / 11 mL,Color,0.5 Neutral,very fair skin with neutral undertones,,40.0,,,0,0,0,0,0,"['Natural Finish', 'Hydrating', 'Long-wearing', 'Full Coverage']",Makeup,Face,Concealer,29,40.0,40.0
P467760,Rouge Dior Refillable Lipstick,1073,Dior,161786,4.5272,2591.0,0.12 oz/ 3.5 g,Color,100 Nude Look Satin,,"['Polyglyceryl-2 Triisostearate, Hydrogenated Polyisobutene, Octyldodecanol, Synthetic Wax, Trimethylolpropane Triisostearate, C10-30 Cholesterol/Lanosterol Esters, Hydrogenated Microcrystalline Wax, Polybutene, Cera Alba (Beeswax), Calcium Carbonate, Polyethylene, Ethylhexyl Palmitate, Butyrospermum Parkii (Shea) Butter, Calcium Aluminum Borosilicate, Disteardimonium Hectorite, Prunus Amygdalus Dulcis (Sweet Almond) Oil, Butyrospermum Parkii (Shea) Butter Unsaponifiables, Parfum (Fragrance), Paeonia Officinalis Flower Extract, Simmondsia Chinensis (Jojoba) Seed Oil, Propylene Carbonate, Punica Granatum Flower Extract, Polyglyceryl-3 Diisostearate, Trihydroxystearin, Propyl Gallate, Tocopherol, Sodium Hyaluronate, Glucomannan [+/- :Ci 12085 (Red 36, Red 36 Lake), Ci 15850 (Red 6, Red 7, Red 7 Lake), Ci 15985 (Yellow 6, Yellow 6 Lake), Ci 17200 (Red 33), Ci 19140 (Yellow 5, Yellow 5 Lake), Ci 42090 (Blue 1, Blue 1 Lake), Ci 45380 (Red 21, Red 21 Lake, Red 22, Red 22 Lake), Ci 45410 (Red 27, Red 27 Lake, Red 28, Red 28 Lake), Ci 73360 (Red 30, Red 30 Lake), Ci 77163 (Bismuth Oxychloride), Ci 77491, Ci 77492, Ci 77499 (Iron Oxides), Ci 77742 (Manganese Violet), Ci 77891 (Titanium Dioxide)].']",45.0,,,0,0,0,0,0,"['Hydrating', 'Long-wearing', 'Full Coverage']",Makeup,Lip,Lipstick,41,45.0,45.0
P482262,Backstage Concealer,1073,Dior,146408,4.475,1341.0,0.37 oz,Color,5N,medium to dark skin with neutral undertones,"['Aqua (Water), Phenyl Trimethicone, Isododecane, Dimethicone, Methyl Trimethicone, Glycerin, Mica, Acrylates/Dimethicone Copolymer, Cetyl Peg/Ppg-10/1 Dimethicone, Peg-9 Polydimethylsiloxyethyl Dimethicone, Butylene Glycol, Trimethylsiloxysilicate, Trimethyl Pentaphenyl Trisiloxane, Sodium Myristoyl Glutamate, Disteardimonium Hectorite, Polysilicone-11, Synthetic Fluorphlogopite, Caprylyl Glycol, Butyrospermum Parkii (Shea) Butter, Glyceryl Undecyl Dimethicone, Propylene Carbonate, Lecithin, Sodium Benzoate, Aluminum Hydroxide, Hexadecene, Caffeine, Hydroxyacetophenone, Parfum (Fragrance), Ascorbyl Glucoside, Tocopherol, Tin Oxide, Citric Acid, Pentaerythrityl Tetra-Di-T-Butyl Hydroxyhydrocinnamate, [+/- Ci 77891 (Titanium Dioxide), Ci 77491, Ci 77492, Ci 77499 (Iron Oxides)].']",29.0,,,0,0,0,0,1,"['Radiant Finish', 'Liquid Formula', 'Hydrating', 'Good for: Dark Circles', 'Long-wearing', 'Medium Coverage']",Makeup,Face,Concealer,21,29.0,29.0
P439941,Dior Forever Skin Glow Foundation SPF 15,1073,Dior,140059,4.3385,898.0,1 oz/ 30 mL,Color,5W Warm,medium skin with warm undertones,"['Aqua (Water), Alcohol, Methyl Trimethicone, Isododecane, Phenyl Trimethicone, Glycerin, Peg-9 Polydimethylsiloxyethyl Dimethicone, Trimethyl Pentaphenyl Trisiloxane, Acrylates/Dimethicone Copolymer, Dimethicone, Butylene Glycol, Cetyl Dimethicone, Disteardimonium Hectorite, Cellulose, Cetyl Peg/Ppg-10/1 Dimethicone, Sodium Myristoyl Glutamate, Parfum (Fragrance), Propylene Carbonate, Chlorphenesin, Vp/Va Copolymer, Alumina, Stearic Acid, Aluminum Hydroxide, Hibiscus Sabdariffa Flower Extract, Tromethamine, Tocopherol, Tropaeolum Majus Flower/Leaf/Stem Extract, Hexadecene, Hydrolyzed Viola Tricolor Extract, 1,2-Hexanediol, Caprylyl Glycol, Iris Florentina Root Extract, Sodium Benzoate, Potassium Sorbate, Pentaerythrityl Tetra-Di-T-Butyl Hydroxyhydrocinnamate, Octisalate 4.50%, Titanium Dioxide 4.23%', '[May Contain : Ci 77491,Ci 77492,Ci 77499 (Iron Oxides), Ci 77891 (Titanium Dioxide), ].']",55.0,,,0,0,0,0,0,"['Radiant Finish', 'Liquid Formula', 'Hydrating', 'Long-wearing', 'Medium Coverage', 'SPF']",Makeup,Face,Foundation,41,55.0,55.0
P472977,Rouge Dior Forever Liquid Transfer-Proof Lipstick,1073,Dior,122588,4.4976,1451.0,0.20 oz / 6 mL,Color,720 - Forever Icone,the iconic Dior rosewood,,45.0,,,0,0,0,0,1,,Makeup,Lip,Lipstick,14,45.0,45.0
P456596,Dior Addict Stellar Lip Gloss,1073,Dior,115925,4.3333,165.0,0.21 oz/ 6.5ml,Color,840 Diorfire,orange red,"['Polybutene, C10-30 Cholesterol/Lanosterol Esters, Tridecyl Trimellitate, Bis-Behenyl/Isostearyl/Phytosteryl Dimer Dilinoleyl Dimer Dilinoleate, Polyglyceryl-2 Triisostearate, Jojoba Esters, Octyldodecanol, Polyglyceryl-3 Beeswax, Glyceryl Behenate/Eicosadioate, Calcium Aluminum Borosilicate, Trimethylolpropane Triisostearate, Disteardimonium Hectorite, Carthamus Tinctorius (Safflower) Seed Oil, Parfum (Fragrance), Benzyl Alcohol, Propylene Carbonate, Ammonium Glycyrrhizate, Vaccinium Macrocarpon (Cranberry) Seed Oil, Benzyl Benzoate, Tocopherol, Propyl Gallate, Aloe Barbadensis Leaf Juice, Anise Alcohol, Helianthus Annuus (Sunflower) Seed Oil, Rosmarinus Officinalis (Rosemary) Leaf Extract, [+/- :Ci 12085 (Red 36, Red 36 Lake), Ci 15850 (Red 6, Red 7, Red 7 Lake), Ci 15985 (Yellow 6, Yellow 6 Lake), Ci 17200 (Red 33), Ci 19140 (Yellow 5, Yellow 5 Lake), Ci 42090 (Blue 1, Blue 1 Lake), Ci 45380 (Red 21, Red 21 Lake, Red 22, Red 22 Lake), Ci 45410 (Red 27, Red 27 Lake, Red 28, Red 28 Lake), Ci 73360 (Red 30, Red 30 Lake), Ci 77163 (Bismuth Oxychloride), Ci 77491, Ci 77492, Ci 77499 (Iron Oxides), Ci 77742 (Manganese Violet), Ci 77891 (Titanium Dioxide)].']",40.0,,,0,0,0,0,0,,Makeup,Lip,Lip Gloss,2,40.0,32.0
P385477,Miss Dior Blooming Bouquet,1073,Dior,110647,4.3024,2437.0,1.7 oz/ 50 mL,Size + Concentration + Formulation,1.7 oz/ 50 mL,,"['Alcohol, Aqua (Water), Parfum (Fragrance), Ethylhexyl Methoxycinnamate, Limonene, Butylphenyl Methylpropional, Butyl Methoxydibenzoylmethane, Ethylhexyl Salicylate, Hexyl Cinnamal, Linalool, Benzyl Salicylate, Alpha-Isomethyl Ionone, Bht, Citronellol, Isoeugenol, Citral, Geraniol, Benzyl Alcohol, Tocopherol, Ci 14700 (Red 4), Ci 60730 (Ext. Violet 2), Ci 19140 (Yellow 5).']",105.0,,,0,0,0,0,0,,Fragrance,Women,Perfume,6,165.0,45.0
P474316,Miss Dior Eau de Parfum,1073,Dior,95588,4.5215,2188.0,3.4 oz/ 100 mL,Size + Concentration + Formulation,3.4 oz/ 100 mL Eau de Parfum Spray,,"['Alcohol, Parfum (Fragrance), Aqua (Water), Linalool, Benzyl Salicylate, Ethylhexyl Methoxycinnamate, Limonene, Hydroxycitronellal, Coumarin, Hexyl Cinnamal, Butyl Methoxydibenzoylmethane, Ethylhexyl Salicylate, Citronellol, Geraniol, Bht, Benzyl Benzoate, Citral, Benzyl Alcohol, Farnesol, Eugenol, Methyl 2-Octynoate, Tocopherol, Ci 14700 (Red 4), Ci 60730 (Ext. Violet 2), Ci 19140 (Yellow 5).']",160.0,,,0,0,0,0,0,['Floral Scent'],Fragrance,Women,Perfume,4,200.0,55.0
P6430,J'adore Eau de Parfum,1073,Dior,92480,4.5902,2279.0,3.4 oz/ 100 mL,Size + Concentration + Formulation,3.4 oz/ 100 mL Eau de Parfum Spray,,"['Alcohol, Parfum (Fragrance), Aqua (Water), Butylphenyl Methylpropional, Benzyl Salicylate, Hexyl Cinnamal, Hydroxycitronellal, Citronellol, Ethylhexyl Methoxycinnamate, Alpha-Isomethyl Ionone, Limonene, Linalool, Butyl Methoxydibenzoylmethane, Ethylhexyl Salicylate, Geraniol, Bht, Benzyl Benzoate, Citral, Cinnamyl Alcohol, Benzyl Cinnamate, Benzyl Alcohol, Farnesol, Tocopherol, Ci 14700 (Red 4), Ci 19140 (Yellow 5), Ci 60730 (Ext. Violet 2).']",160.0,,,0,0,0,0,0,,Fragrance,Women,Perfume,4,200.0,55.0
P439940,Dior Forever Matte Foundation SPF 15,1073,Dior,87092,4.3064,692.0,1 oz/ 30 mL,Color,5W Warm,medium skin with warm undertones,"['Aqua (Water), Methyl Trimethicone, Isododecane, Alcohol, Synthetic Fluorphlogopite, Butylene Glycol, Peg-9 Polydimethylsiloxyethyl Dimethicone, Acrylates/Polytrimethylsiloxymethacrylate Copolymer, Silica, Dimethicone, Acrylates/Dimethicone Copolymer, Disteardimonium Hectorite, Cetyl Dimethicone, Polyglyceryl-10 Decaisostearate, Sodium Myristoyl Glutamate, Parfum (Fragrance), Propylene Carbonate, Chlorphenesin, Aluminum Hydroxide, Tromethamine, Hydrolyzed Viola Tricolor Extract, Tocopherol, Alumina, Stearic Acid, Tropaeolum Majus Flower/Leaf/Stem Extract, Rosa Multiflora Fruit Extract, 1,2-Hexanediol, Caprylyl Glycol, Iris Florentina Root Extract, Sodium Benzoate, Potassium Sorbate, Octisalate 3.50%, Titanium Dioxide 0.94%', '[May Contain : Ci 77491,Ci 77492,Ci 77499 (Iron Oxides), Ci 77891 (Titanium Dioxide), ].']",55.0,,,0,0,0,0,0,"['Liquid Formula', 'Hydrating', 'Matte Finish', 'Long-wearing', 'Medium Coverage', 'SPF']",Makeup,Face,Foundation,41,55.0,55.0
P500997,Rouge Dior Forever Transfer-Proof Lipstick,1073,Dior,86389,4.4264,856.0,0.12 oz / 3.5 g,Color,111 - Forever Night,a deep berry black,"['C9-12 Alkane, Isododecane, Helianthus Annuus (Sunflower) Seed Wax, Bis-Hydroxypropyl Dimethicone/SMDI Copolymer, Silica, Jojoba Esters, Aluminum Hydroxide, Cera Carnauba (Copernicia Cerifera (Carnauba) Wax), Cera Alba (Beeswax), Lauryl PEG-10 Tris(Trimethylsiloxy)Silylethyl Dimethicone, Prunus Amygdalus Dulcis (Sweet Almond) Oil, Simmondsia Chinensis (Jojoba) Seed Oil, Parfum (Fragrance), Sodium Myristoyl Glutamate, Punica Granatum Flower Extract, Lauroyl Lysine, Polyglyceryl-3 Diisostearate, Disteardimonium Hectorite, Caprylic/Capric Triglyceride, Polyhydroxystearic Acid, Ammonium Glycyrrhizate, Propylene Carbonate, Pentaerythrityl Tetra-Di-T-Butyl Hydroxyhydrocinnamate, Isostearic Acid, Lecithin, Polyglyceryl-3 Polyricinoleate, Paeonia Officinalis Flower Extract, Tocopherol, [+/- CI 77491, CI 77499 (Iron Oxides), CI 15850 (Red 7), CI 42090 (Blue 1 Lake)].']",45.0,,,0,0,0,0,1,"['Stick Formula', 'Hydrating', 'Clean at Sephora', 'Matte Finish', 'Long-wearing', 'Full Coverage']",Makeup,Lip,Lipstick,15,45.0,45.0
P396240,Diorshow 24h Buildable Volume Mascara,1073,Dior,84140,4.1817,776.0,0.33 oz / 10 mL,Color,090 Black,timeless black,"['Aqua (Water), Glyceryl Stearate, Cera Alba (Beeswax), C18-36 Acid Triglyceride, Hydroxypropyl Starch, Hydrogenated Olive Oil Stearyl Esters, Steareth-21, Glyceryl Hydrogenated Rosinate, Acacia Senegal Gum, Centaurea Cyanus Flower Water, Lecithin, Betula Alba Juice, Palmitic Acid, Steareth-2, Stearic Acid, Caprylyl Glycol, Aminomethyl Propanediol, Synthetic Fluorphlogopite, Xanthan Gum, Copernicia Cerifera (Carnauba) Wax, Hydroxyacetophenone, Chlorphenesin, Propanediol, Tocopheryl Acetate, Cellulose, Tin Oxide, Potassium Sorbate, Sodium Benzoate, Citric Acid, [+/- Ci 77499 (Iron Oxides), Ci 77891 (Titanium Dioxide)].']",29.5,,,0,0,0,0,0,"['Volumizing', 'Long-wearing', 'Lengthening']",Makeup,Eye,Mascara,2,29.5,29.5
P481969,Dior Addict Refillable Shine Lipstick,1073,Dior,80611,4.5083,966.0,0.11 oz/ 3.2g,Color,008 Dior 8,brick red,"['Methyl Hydrogenated Rosinate, Squalane, Polyglyceryl-2 Triisostearate ,Helianthus Annuus (Sunflower) Seed Wax , Dimer Dilinoleyl Dimer Dilinoleate , Hydrogenated Styrene/Methylstyrene/Indene Copolymer , Sorbitan Olivate , Stearyl Heptanoate , Trimethylolpropane Triisostearate , Cera Alba (Beeswax) , Stearyl Caprylate , Sucrose Tetrastearate Triacetate , Oryza Sativa (Rice) Bran Wax , Calcium Aluminum Borosilicate , Jasminum Officinale (Jasmine) Flower Wax , Prunus Domestica Seed Oil , Parfum (Fragrance) , Aluminum Hydroxide , Pentaerythrityl Tetra-Di-T-Butyl Hydroxyhydrocinnamate , Propyl Gallate , Tocopherol , Tocopheryl Acetate , Jasminum Grandiflorum (Jasmine) Flower Extract , [+/- Ci 15985 (Yellow 6 Lake) , Ci 77491 (Iron Oxides) , Ci 15850 (Red 7) , Ci 42090 (Blue 1 Lake)].']",45.0,,,0,0,0,0,0,"['Full Coverage', 'Hydrating', 'High Shine Finish']",Makeup,Lip,Lipstick,24,45.0,45.0
P415619,Dreamskin Skin Perfector,1073,Dior,40209,4.3384,1457.0,1.6 oz/ 50 mL,Size,1.6 oz/ 50 mL,,"['Aqua (Water), Dimethicone, Cyclopentasiloxane, Glycerin, Butyrospermum Parkii (Shea) Butter, Niacinamide, Polysilicone-11, Peg-9 Polydimethylsiloxyethyl Dimethicone, Alcohol, Methyl Methacrylate Crosspolymer, Butylene Glycol, Ci 77891 (Titanium Dioxide), Parfum (Fragrance), Mica, Disteardimonium Hectorite, Phenoxyethanol, Boron Nitride, Decyloxazolidinone, Magnesium Sulfate, Sorbitan Sesquioleate, Xylitol, Propylene Carbonate, Citric Acid, Menthoxypropanediol, Ascorbyl Glucoside, Sodium Benzoate, Synthetic Fluorphlogopite, Triethoxycaprylylsilane, Sodium Hydroxide, Adenosine, Saponins, Potassium Sorbate, Limonene, Malva Sylvestris (Mallow) Extract, Aluminum Hydroxide, Ci 77491 (Iron Oxides), Tocopherol, Geraniol, Saccharide Isomerate, Palmaria Palmata Extract, Alpha-Isomethyl Ionone, Citronellol, Ci 77492 (Iron Oxides), Citral, Aframomum Angustifolium Seed Extract, Jasminum Officinale (Jasmine) Flower Extract.']",130.0,,,0,0,0,0,0,"['Good for: Pores', 'Good for: Dark spots', 'Good for: Dullness/Uneven Texture', 'Niacinamide', 'Refill Available']",Skincare,Moisturizers,Moisturizers,3,160.0,90.0
P4484,Hypnotic Poison,1073,Dior,71756,4.4289,921.0,1.7 oz/ 50 mL,Size + Concentration + Formulation,1.7 oz/ 50 mL,,"['Alcohol  , Aqua (Water)  , Parfum (Fragrance)  , Bht  , Linalool, Limonene, Benzyl Alcohol, Tocopherol.']",100.0,,,0,0,0,0,0,,Fragrance,Women,Perfume,3,130.0,45.0
P483654,Dior Addict Lip Tint,1073,Dior,68493,3.6104,77.0,0.2 oz / 6 mL,Color,251 Natural Peach,coral,"['Aqua (Water), Glycerin, Methyl Hydrogenated Rosinate, Butylene Glycol, Polyglyceryl-2 Triisostearate, Alcohol, Polyglycerin-3, Hydroxyethyl Acrylate/Sodium Acryloyldimethyl Taurate Copolymer, Squalane, Polyurethane-35, 1,2-Hexanediol, Lecithin, Menthoxypropanediol, Parfum (Fragrance), Sodium Hyaluronate, Trimethylolpropane Triisostearate, Polysorbate 60, Hydroxyacetophenone, Sodium Benzoate, Prunus Avium (Sweet Cherry) Seed Oil, Ammonium Glycyrrhizate, Sorbitan Isostearate, Tocopherol, Methylpropanediol, Ethyl Vanillin, Citric Acid, Caprylyl Glycol, Capsicum Frutescens Fruit Extract, Propyl Gallate, Phenylpropanol, Pentaerythrityl Tetra-Di-T-Butyl Hydroxyhydrocinnamate, [+/- CI 77891 (Titanium Dioxide), CI 15985 (Yellow 6), CI 17200 (Red 33), CI 19140 (Yellow 5), CI 15850 (Red 7), CI 77492 (Iron Oxides), CI 42090 (Blue 1 Lake)].']",40.0,,,0,0,0,0,0,"['Hydrating', 'Matte Finish']",Makeup,Lip,Lip Stain,4,40.0,40.0
P400057,Sauvage Eau de Toilette,1073,Dior,68140,4.6143,892.0,2 oz/ 60 mL,Size + Concentration + Formulation,2 oz/ 60 mL Eau de Toilette Spray,,"['Alcohol, Parfum (Fragrance), Aqua (Water), Limonene, Linalool, Ethylhexyl Methoxycinnamate, Citronellol, Butyl Methoxydibenzoylmethane, Ethylhexyl Salicylate, Coumarin, Diethylamino Hydroxybenzoyl Hexyl Benzoate, Bht, Citral, Geraniol, Ci 60730 (Ext.Violet 2), Ci 14700 (Red 4), Ci 19140 (Yellow 5), Ci 42090 (Blue 1), Tocopherol.']",100.0,,,0,0,0,0,0,['Woody & Earthy Scent'],Fragrance,Men,Cologne,4,235.0,68.0
P377821,Diorshow Iconic Overcurl Mascara,1073,Dior,60916,4.2475,2707.0,0.33 oz/ 9.5 g,Color,,,"['Water, Peg-12 Carnauba, Peg-8 Beeswax, Styrene/Acrylates/Ammonium Methacrylate Copolymer, Vp/Eicosene Copolymer, Paraffin, Pvp, Stearyl Alcohol, Palmitic Acid, Stearic Acid, Aminomethyl Propanediol, Bis-Diglyceryl Polyacyladipate-2, Pentylene Glycol, Phenoxyethanol, Butylene Glycol, Hydroxyethylcellulose, Caprylyl Glycol, Crambe Abyssinica Seed Oil, Sodium Laureth-12 Sulfate, Tetrasodium Edta, Decyloxazolidinone, Tocopheryl Acetate, Gossypium Herbaceum (Cotton) Extract, Ammonium Hydroxide, Hydrolyzed Soy Protein, Bht. May Contain (+/-): Yellow 5/Yellow 5 Lake (Ci 19140), Blue 1 Lake (Ci 42090), Ultramarines (Ci 77007), Bismuth Oxychloride (Ci 77163), Chromium Oxide Greens (Ci 77288), Chromium Hydroxide Green (Ci 77289), Iron Oxides (Ci 77491, Ci 77492, Ci 77499), Ferric Ferrocyanide/Ferric Ammonium Ferrocyanide (Ci 77510), Manganese Violet (Ci 77742), Titanium Dioxide (Ci 77891).']",29.5,,,0,0,0,0,0,,Makeup,Eye,Mascara,0,,
P472028,Capture Totale Super Potent Eye Serum,1073,Dior,8533,4.3831,1091.0,0.67 oz/ 20 mL,Size,0.67 oz/ 20 mL,,"['Aqua (Water), Glycerin, Propanediol, Niacinamide, Butylene Glycol, Diglycerin, Polyglycerin-3, Boron Nitride, Aframomum Angustifolium Seed Extract, Paeonia Lactiflora Root Extract, Lilium Candidum Bulb Extract, Jasminum Officinale (Jasmine) Flower Extract, Avena Sativa (Oat) Kernel Extract, Saccharomyces Cerevisiae Extract, Secale Cereale (Rye) Seed Extract, Ascorbyl Glucoside, Adenosine, Sodium Tocopheryl Phosphate, Palmaria Palmata Extract, Hydrolyzed Soy Protein, Alcohol, Xylitol, Chlorphenesin, Parfum (Fragrance), Hydroxyacetophenone, Ci 77891 (Titanium Dioxide), Sodium Hydroxide, Sodium Surfactin, Pyrus Cydonia Seed Extract, Sodium Benzoate, Biosaccharide Gum-2, 1,2-Hexanediol, Sodium Acetylated Hyaluronate, Sodium Metabisulfite, Potassium Sorbate, Trehalose, Pentylene Glycol, Carbomer, Acrylates/C10-30 Alkyl Acrylate Crosspolymer, Mica, Caprylyl Glycol.']",85.0,,,0,0,0,0,0,,Skincare,Eye Care,Eye Creams & Treatments,0,,
P463032,5 Couleurs Couture Eyeshadow Palette,1073,Dior,52383,3.7922,77.0,0.24 oz/  7g,Color,279 Denim,shade of denim blue and a gold hue,"['Talc, Synthetic Fluorphlogopite, Octyldodecyl Stearoyl Stearate, Nylon-12, Zinc Stearate, Pentylene Glycol, Diphenyl Dimethicone/Vinyl Diphenyl Dimethicone/Silsesquioxane Crosspolymer, Triethoxycaprylylsilane, Tin Oxide, Sorbic Acid, Pinus Pentaphylla Seed Oil, Carthamus Tinctorius (Safflower) Seed Oil, Aqua (Water), Sericin, Aloe Barbadensis Leaf Juice, Citric Acid, Potassium Sorbate, Rosa Canina Fruit Oil, [+/- :Ci 19140 (Yellow 5, Yellow 5 Lake), Ci 42090 (Blue 1 Lake), Ci 77007 (Ultramarines), Ci 77163 (Bismuth Oxychloride), Ci 77288 (Chromium Oxide Greens), Ci 77289 (Chromium Hydroxide Green), Ci 77491, Ci 77492, Ci 77499 (Iron Oxides), Ci 77510 (Ferric Ferrocyanide, Ferric Ammonium Ferrocyanide), Ci 77742 (Manganese Violet), Ci 77891 (Titanium Dioxide)].', 'Squalane, Synthetic Fluorphlogopite, Talc, Caprylic/Capric Triglyceride, Silica, Zinc Stearate, Polybutene, Sodium Dehydroacetate, Sorbic Acid, Tin Oxide, Ethylhexylglycerin, Glyceryl Caprylate, Pinus Pentaphylla Seed Oil, Carthamus Tinctorius (Safflower) Seed Oil, Aqua (Water), Dimethicone, Sericin, Aloe Barbadensis Leaf Juice, Citric Acid, Potassium Sorbate, Tocopherol, Rosa Canina Fruit Oil, [+/- :Ci 19140 (Yellow 5, Yellow 5 Lake), Ci 42090 (Blue 1 Lake), Ci 77000  (Aluminum Powder), Ci 77007 (Ultramarines), Ci 77163 (Bismuth Oxychloride), Ci 77288 (Chromium Oxide Greens), Ci 77289 (Chromium Hydroxide Green), Ci 77491, Ci 77492, Ci 77499 (Iron Oxides), Ci 77510 (Ferric Ferrocyanide, Ferric Ammonium Ferrocyanide), Ci 77742 (Manganese Violet), Ci 77891 (Titanium Dioxide)].', 'Talc, Synthetic Fluorphlogopite, Octyldodecyl Stearoyl Stearate, Calcium Aluminum Borosilicate, Nylon-12, Zinc Stearate, Silica, Mica, Pentylene Glycol, Triethoxycaprylylsilane, Diphenyl Dimethicone/Vinyl Diphenyl Dimethicone/Silsesquioxane Crosspolymer, Tin Oxide, Sorbic Acid, Pinus Pentaphylla Seed Oil, Carthamus Tinctorius (Safflower) Seed Oil, Aqua (Water), Sericin, Aloe Barbadensis Leaf Juice, Citric Acid, Potassium Sorbate, Rosa Canina Fruit Oil, [+/- :Ci 19140 (Yellow 5, Yellow 5 Lake), Ci 42090 (Blue 1 Lake), Ci 77007 (Ultramarines), Ci 77163 (Bismuth Oxychloride), Ci 77288 (Chromium Oxide Greens), Ci 77289 (Chromium Hydroxide Green), Ci 77491, Ci 77492, Ci 77499 (Iron Oxides), Ci 77510 (Ferric Ferrocyanide, Ferric Ammonium Ferrocyanide), Ci 77742 (Manganese Violet), Ci 77891 (Titanium Dioxide)].', 'Synthetic Fluorphlogopite, Mica, Isononyl Isononanoate, Talc, Ethylhexyl Isononanoate, Zinc Stearate, Pentylene Glycol, Hdi/Ppg/Polycaprolactone Crosspolymer, Peg-6 Caprylic/Capric Glycerides, Ethylene/Propylene/Styrene Copolymer, Phenoxyethanol, Polybutene, Magnesium Aluminum Silicate, Sorbic Acid, Butylene/Ethylene/Styrene Copolymer, Hectorite, Pinus Pentaphylla Seed Oil, Carthamus Tinctorius (Safflower) Seed Oil, Aqua (Water), Tin Oxide, Silica, Sericin, Bht, Aloe Barbadensis Leaf Juice, Citric Acid, Potassium Sorbate, Rosa Canina Fruit Oil, [+/- :Ci 19140 (Yellow 5, Yellow 5 Lake), Ci 42090 (Blue 1 Lake), Ci 77007 (Ultramarines), Ci 77163 (Bismuth Oxychloride), Ci 77288 (Chromium Oxide Greens), Ci 77289 (Chromium Hydroxide Green), Ci 77491, Ci 77492, Ci 77499 (Iron Oxides), Ci 77510 (Ferric Ferrocyanide, Ferric Ammonium Ferrocyanide), Ci 77742 (Manganese Violet), Ci 77891 (Titanium Dioxide)].', '#14881/A Talc, Mica, Octyldodecyl Stearoyl Stearate, Synthetic Fluorphlogopite, Alumina, Nylon-12, Zinc Stearate, Pentylene Glycol, Triethoxycaprylylsilane, Silica, Sorbic Acid, Pinus Pentaphylla Seed Oil, Carthamus Tinctorius (Safflower) Seed Oil, Aqua (Water), Tin Oxide, Sericin, Aloe Barbadensis Leaf Juice, Citric Acid, Potassium Sorbate, Rosa Canina Fruit Oil, [+/- :Ci 19140 (Yellow 5, Yellow 5 Lake), Ci 42090 (Blue 1 Lake), Ci 75470  (Carmine), Ci 77007 (Ultramarines), Ci 77163 (Bismuth Oxychloride), Ci 77288 (Chromium Oxide Greens), Ci 77289 (Chromium Hydroxide Green), Ci 77491, Ci 77492, Ci 77499 (Iron Oxides), Ci 77510 (Ferric Ferrocyanide, Ferric Ammonium Ferrocyanide), Ci 77742 (Manganese Violet), Ci 77891 (Titanium Dioxide)].']",62.0,,,0,0,0,0,0,,Makeup,Eye,Eye Palettes,7,62.0,62.0
P475090,Dior Forever Couture Luminizer Highlighter Powder,1073,Dior,51295,4.3492,63.0,,Color,02 Pink Glow,a radiant pink,"['Mica, Cetearyl Ethylhexanoate, Silica, Squalane, Octyldodecyl Stearoyl Stearate, Glycerin, Parfum (Fragrance), Polysorbate 80, 1,2-Hexanediol, Caprylyl Glycol, Prunus Armeniaca (Apricot) Kernel Oil, Ethylhexylglycerin, Synthetic Fluorphlogopite, Chondrus Crispus Extract, Xanthan Gum, Pentaerythrityl Tetra-Di-T-Butyl Hydroxyhydrocinnamate, Cetearyl Alcohol, Dicalcium Phosphate, Aqua (Water), Tocopherol, Butylene Glycol, Hydrolyzed Viola Tricolor Extract, Rosa Multiflora Fruit Extract, [+/- Ci 77891 (Titanium Dioxide), Ci 77491, Ci 77499 (Iron Oxides), Ci 75470 (Carmine)].']",50.0,,,0,0,0,0,0,"['Radiant Finish', 'Pressed Powder Formula', 'Medium Coverage', 'Long-wearing', 'Hydrating', 'Without Parabens']",Makeup,Face,Highlighter,3,50.0,50.0
P238433,Diorshow Brow Styler Ultra-Fine Precision Brow Pencil,1073,Dior,49628,4.5911,1252.0,0.003 oz/ 0.085 g,Color,Universal Shade,,"['Talc, Stearic Acid, Rhus Succedanea Fruit Wax, Hydrogenated Castor Oil, Cera Alba (Beeswax), Cera Microcristallina (Microcrystalline Wax), Paraffinum Liquidum (Mineral Oil), Hydrogenated Coconut Oil, Hydrogenated Palm Kernel Oil, Hydrogenated Palm Oil, Lecithin, Bht, Tocopherol. May Contain (+/-): Yellow 5/Yellow 5 Lake (Ci 19140), Blue 1 Lake (Ci 42090), Ultramarines (Ci 77007), Bismuth Oxychloride (Ci 77163), Chromium Oxide Greens (Ci 77288), Chromium Hydroxide Green (Ci 77289), Iron Oxides (Ci 77491, Ci 77492, Ci 77499), Ferric Ferrocyanide/Ferric Ammonium Ferrocyanide (Ci 77510), Manganese Violet (Ci 77742), Titanium Dioxide (Ci 77891).']",31.0,,,0,0,0,0,0,,Makeup,Eye,Eyebrow,5,31.0,31.0
P444597,BACKSTAGE Face & Body Primer,1073,Dior,47975,4.1186,236.0,1.6 oz/ 50 mL,Size,1.6 oz/ 50 mL,,"['Water, Isododecane, Glycerin, Cyclopentasiloxane, Polysilicone-11, Butyrospermum Parkii (Shea) Butter, Polymethylsilsesquioxane, Peg-9 Polydimethylsiloxyethyl Dimethicone, Methyl Methacrylate Crosspolymer, Synthetic Fluorphlogopite, Phenoxyethanol, Caprylyl Glycol, Magnesium Sulfate, Sorbitan Sesquioleate, Disteardimonium Hectorite, Fragrance, Propylene Carbonate, Malva Sylvestris (Mallow) Extract, Tocopherol, Hydrogen Dimethicone, Linalool, Citric Acid, Limonene, Citronellol, Bht. May Contain (+/-): Yellow 5/Yellow 5 Lake (Ci 19140), Blue 1 Lake (Ci 42090), Ultramarines (Ci 77007), Bismuth Oxychloride (Ci 77163), Iron Oxides (Ci 77491, Ci 77492, Ci 77499), Titanium Dioxide (Ci 77891).']",36.0,,,0,0,0,0,1,,Makeup,Face,Face Primer,0,,
P99901,Diorshow Waterproof Mascara,1073,Dior,45007,3.8403,2867.0,0.38 oz/ 11.5 mL,Color,Catwalk Black,jet black,"['Isododecane, Cera Alba (Beeswax), Water, Euphorbia Cerifera (Candelilla) Wax, Copernicia Cerifera (Carnauba) Wax, Stearyl Stearate, Polybutene, Disteardimonium Hectorite, Glyceryl Hydrogenated Rosinate, Vp/Eicosene Copolymer, Phenoxyethanol, Sorbitan Isostearate, Ozokerite, Peg-2 Hydrogenated Castor Oil, Hydrogenated Castor Oil, Propylene Carbonate, Hydroxyethylcellulose, Tetrasodium Edta, Ethylene/Propylene/Styrene Copolymer, Butylene/Ethylene/Styrene Copolymer, Bht. May Contain (+/-): Yellow 5/Yellow 5 Lake (Ci 19140), Blue 1 Lake (Ci 42090), Ci 77000 (Aluminum Powder), Ultramarines (Ci 77007), Bismuth Oxychloride (Ci 77163), Chromium Oxide Greens (Ci 77288), Chromium Hydroxide Green (Ci 77289), Iron Oxides (Ci 77491, Ci 77492, Ci 77499), Ferric Ferrocyanide/Ferric Ammonium Ferrocyanide (Ci 77510), Manganese Violet (Ci 77742), Titanium Dioxide (Ci 77891).']",29.5,,,0,0,0,0,0,,Makeup,Eye,Mascara,2,29.5,29.5
P450457,Rouge Dior Ultra Care Liquid Lipstick,1073,Dior,42064,4.3235,68.0,,Color,999 Bloom,iconic red matte,"['Dimethicone, Hydrogenated Polydecene, Dimethicone Crosspolymer, Vinyl Dimethicone/Methicone Silsesquioxane Crosspolymer, Synthetic Fluorphlogopite, Methyl Trimethicone, Polysilicone-11, Butyrospermum Parkii (Shea) Butter, Dimethicone/Divinyldimethicone/Silsesquioxane Crosspolymer, Lecithin, Silica, Parfum (Fragrance), Camelina Sativa Seed Oil, Prunus Amygdalus Dulcis (Sweet Almond) Oil, Sodium Myristoyl Glutamate, Tocopherol, Geraniol, Aluminum Hydroxide, Citronellol, Amyl Cinnamal, Linalool, Limonene, Citrus Aurantium Amara (Bitter Orange) Flower Oil. May Contain (+/-): Red 36/Red 36 Lake (Ci 12085), Red 6/Red 7/Red 7 Lake (Ci 15850), Yellow 6/Yellow 6 Lake (Ci 15985), Red 33 (Ci 17200), Yellow 5/Yellow 5 Lake (Ci 19140), Blue 1/Blue 1 Lake (Ci 42090), Red 21/Red 21 Lake/Red 22/Red 22 Lake (Ci 45380), Red 27/Red 27 Lake/Red 28/Red 28 Lake (Ci 45410), Red 30/Red 30 Lake (Ci 73360), Bismuth Oxychloride (Ci 77163), Iron Oxides (Ci 77491, Ci 77492, Ci 77499), Manganese Violet (Ci 77742), Titanium Dioxide (Ci 77891).']",38.0,,,0,0,0,1,0,,Makeup,Lip,Liquid Lipstick,1,45.0,45.0
P437018,Miss Dior Blooming Bouquet Roller-pearl,1073,Dior,40949,4.3024,2437.0,.7 oz / 20 mL,Size + Concentration + Formulation,.7 oz / 20 mL eau de toilette spray,,"['Alcohol, Aqua (Water), Parfum (Fragrance), Butyl Methoxydibenzoylmethane, Limonene, Hexyl Cinnamal, Linalool, Benzyl Salicylate, Alpha-Isomethyl Ionone, Citronellol, Isoeugenol, Hydroxycitronellal, Citral, Geraniol, Benzyl Alcohol, CI 14700 (Red 4), CI 19140 (Yellow 5), CI 60730 (Ext. Violet 2).']",45.0,,,0,0,0,1,0,,Fragrance,Women,Rollerballs & Travel Size,0,,
P467945,Capture Totale Super Potent Rich Cream,1073,Dior,2700,4.5457,678.0,1.7 oz/ 50 mL,Size,1.7 oz/ 50 mL,,"['Aqua (Water), Glycerin, Niacinamide, Caprylic/Capric/Succinic Triglyceride, Butylene Glycol, Dicaprylyl Ether, Cetyl Alcohol, Glyceryl Stearate, PEG-100 Stearate, Hydrogenated Coco-Glycerides, Lauroyl Lysine, Jojoba Esters, Isostearyl Hydroxystearate, C10-18 Triglycerides, Polyglyceryl-3 Beeswax, Aframomum Angustifolium Seed Extract, Paeonia Lactiflora Root Extract, Lilium Candidum Bulb Extract, Jasminum Officinale (Jasmine) Flower Extract, Ascorbyl Glucoside, Adenosine, Sodium Tocopheryl Phosphate, Palmaria Palmata Extract, Hydrolyzed Soy Protein, Parfum (Fragrance), Stearyl Alcohol, Microcrystalline Cellulose, Xylitol, Chlorphenesin, Prunus Amygdalus Dulcis (Sweet Almond) Oil, Xanthan Gum, Ceramide NP, Sodium Acetylated Hyaluronate, Sodium Surfactin, Cellulose Gum, Sodium Hydroxide, Trisodium Ethylenediamine Disuccinate, Pentaerythrityl Tetra-Di-T-Butyl Hydroxyhydrocinnamate, Sodium Benzoate, Trehalose, Potassium Sorbate, Paeonia Officinalis Flower Extract, Tocopherol, CI 14700 (Red 4), Dimethicone, Caprylyl Glycol, Acrylates/C10-30 Alkyl Acrylate Crosspolymer, Dimethiconol, Alpha-Isomethyl Ionone, Limonene.']",130.0,,,0,0,1,0,0,"['Best for Dry Skin', 'Good for: Anti-Aging', 'Good for: Loss of firmness', 'Without Sulfates SLS & SLES']",Skincare,Moisturizers,Moisturizers,0,,
P379408,Nail Glow,1073,Dior,39646,4.1767,566.0,0.33 oz/ 10 mL,,,,"['Butyl Acetate, Ethyl Acetate, Nitrocellulose, Adipic Acid/Neopentyl Glycol/Trimellitic Anhydride Copolymer, Acetyl Tributyl Citrate, Isopropyl Alcohol, Acrylates Copolymer, Benzophenone-3, Fluorescent Brightener 367, Ci 15850  (Red 7 Lake), Adipic Acid/Fumaric Acid/Phthalic Acid/Tricyclodecane Dimethanol Copolymer, Stearalkonium Bentonite, Sucrose Acetate Isobutyrate, Citric Acid.']",30.0,,,0,0,0,0,0,,Makeup,Nail,,0,,
P454806,Capture Totale Firming & Wrinkle-Correcting Cream,1073,Dior,7071,4.5168,654.0,1.7 oz/ 50 mL,Size,1.7 oz/ 50 mL,,"['Aqua (Water), Glycerin, Propylene Glycol Dicaprylate/Dicaprate, Niacinamide, Alcohol, Butylene Glycol, Prunus Amygdalus Dulcis (Sweet Almond) Oil, Cetearyl Alcohol, Butyrospermum Parkii (Shea) Butter, Pentaerythrityl Tetraisostearate, Limnanthes Alba (Meadowfoam) Seed Oil, Steareth-21, Diglycerin, Polyglycerin-3, Aframomum Angustifolium Seed Extract, Paeonia Lactiflora Root Extract, Lilium Candidum Bulb Extract, Jasminum Officinale (Jasmine) Flower Extract, Sodium Surfactin, Ceramide Np, Hydrolyzed Soy Protein, Ascorbyl Glucoside, Sodium Tocopheryl Phosphate, Sodium Acetylated Hyaluronate, Adenosine, Xylitol, Trehalose, Palmaria Palmata Extract, Camelina Sativa Seed Oil, Polymethyl Methacrylate, Dimethicone, Cetearyl Glucoside, Parfum (Fragrance), Glyceryl Stearate, Caprylyl Glycol, Chlorphenesin, Acrylates/C10-30 Alkyl Acrylate Crosspolymer, Xanthan Gum, Cetyl Palmitate, Cocoglycerides, Sodium Hydroxide, Glucose, Ci 14700 (Red 4), Citric Acid, Sodium Benzoate, Potassium Sorbate, Tocopherol.']",130.0,,,0,0,0,0,0,"['Good for: Anti-Aging', 'Good for: Dullness/Uneven Texture', 'Good for: Loss of firmness', 'Without Sulfates SLS & SLES', 'Without Parabens']",Skincare,Moisturizers,Moisturizers,0,,
P428500,Sauvage Eau de Parfum,1073,Dior,36609,4.5798,683.0,2.0 oz/ 60 mL,Size + Concentration + Formulation,2.0 oz/ 60 mL Eau de Parfum Spray,,"['Alcohol, Parfum (Fragrance), Aqua (Water), Limonene, Linalool, Ethylhexyl Methoxycinnamate, Coumarin, Citronellol, Diethylamino Hydroxybenzoyl Hexyl Benzoate, Butyl Methoxydibenzoylmethane, Ethylhexyl Salicylate, Citral, Bht, Geraniol, Ci 60730 (Ext. Violet 2), Tocopherol, Ci 19140 (Yellow 5), Ci 14700 (Red 4), Ci 42090 (Blue 1).']",120.0,,,0,0,0,0,0,,Fragrance,Men,Cologne,2,215.0,145.0
P480162,Cica Recover & Repair Multi-Use Balm,1073,Dior,3512,4.6416,611.0,2.5 oz / 75 mL,Size,2.5 oz / 75 mL,,"['Aqua (Water), Glycerin, Ethylhexyl Palmitate, Butyrospermum Parkii (Shea) Butter, Propanediol, Butylene Glycol, Cetyl Alcohol, Pentylene Glycol, Stearyl Alcohol, Triticum Vulgare (Wheat) Germ Oil, Dimethicone, Glyceryl Stearate, Peg-100 Stearate, Simmondsia Chinensis (Jojoba) Seed Oil, Centella Asiatica Leaf Extract, Stearyl Glycyrrhetinate, Ormenis Multicaulis Flower Wax, Sodium Hyaluronate, Prunus Amygdalus Dulcis (Sweet Almond) Oil, Chlorphenesin, Laureth-7, Sodium Hydroxide, Tocopherol, Polyacrylamide, C13-14 Isoparaffin, Carbomer.']",60.0,,,0,0,0,0,0,"['Hyaluronic Acid', 'Cream Formula', 'Hydrating', 'Good for: Dryness', 'Fragrance Free', 'Without Parabens']",Skincare,Moisturizers,Moisturizers,0,,
P297404,Forever Natural Velvet Matte Compact Foundation,1073,Dior,34467,3.875,8.0,0.4 oz / 10 g,Color,6N,medium to deep,"['Synthetic Fluorphlogopite, Mica, Calcium Sodium Borosilicate, Silica, Butylene Glycol Dicaprylate/Dicaprate, Boron Nitride, Zinc Stearate, Caprylic/Capric/Succinic Triglyceride, Polyglyceryl-2 Triisostearate, Pentylene Glycol, Aqua (Water), Caprylyl Glycol, Iris Florentina Root Extract, Ethylhexylglycerin, Butylene Glycol, Sodium Dehydroacetate, Parfum (Fragrance), Aluminum Hydroxide, Isopropyl Titanium Triisostearate, Rosa Centifolia Flower Wax, Rosa Damascena Flower Wax, Sodium Lauroyl Aspartate, Hydrolyzed Viola Tricolor Extract, Rosa Multiflora Fruit Extract, Tocopherol, Zinc Chloride, Tropaeolum Majus Flower/Leaf/Stem Extract, 1,2-Hexanediol, Sodium Benzoate, Potassium Sorbate, [+/- CI 77891 (Titanium Dioxide), CI 77491, CI 77492, CI 77499 (Iron Oxides)].']",60.0,,,0,0,0,0,0,"['Pressed Powder Formula', 'Good for: Dullness/Uneven Texture', 'Matte Finish', 'Medium Coverage', 'Best for Oily, Combo, Normal Skin', 'Without Parabens']",Makeup,Face,Foundation,15,60.0,60.0
P442793,Rouge Blush,1073,Dior,33669,4.6618,68.0,0.23 oz/ 6.7 g,Color,962,poison matte,"['Talc, Nylon-12, Synthetic Fluorphlogopite, Magnesium Myristate, Isostearyl Isostearate, Phenyl Trimethicone, Ethylhexyl Palmitate, Acrylates/Stearyl Acrylate/Dimethicone Methacrylate Copolymer, Dimethicone, Pentylene Glycol, Sodium Dehydroacetate, Caprylyl Glycol, Fragrance, Bht, Linalool, Limonene, Citronellol, Tocopherol. May Contain (+/-):  Ci 15850 (Red 6, Red 7, Red 7 Lake), Ci 15985 (Yellow 6, Yellow 6 Lake), Ci 19140 (Yellow 5, Yellow 5 Lake), Ci 42090 (Blue 1 Lake), Ci 45410 (Red 27, Red 27 Lake, Red 28 Lake), Ci 73360 (Red 30, Red 30 Lake), Ci 77007 (Ultramarines), Ci 77163 (Bismuth Oxychloride), Ci 77288 (Chromium Oxide Greens), Ci 77289 (Chromium Hydroxide Green), Ci 77491, Ci 77492, Ci 77499 (Iron Oxides), Ci 77510 (Ferric Ferrocyanide, Ferric Ammonium Ferrocyanide), Ci 77742 (Manganese Violet), Ci 77891 (Titanium Dioxide).']",45.0,,,0,0,0,0,0,,Makeup,Cheek,Blush,3,45.0,45.0
P481972,La Mousse OFF/ON Foaming Face Cleanser,1073,Dior,9400,4.4232,560.0,5 oz / 150 mL,Size,5 oz / 150 mL,,"['Aqua (Water), Glycerin, Lauric Acid, Stearic Acid, Sodium Methyl Cocoyl Taurate, Maltooligosyl Glucoside, Palmitic Acid, Sodium Hydroxide, Hydrogenated Starch Hydrolysate, Centaurea Cyanus Flower Water, Parfum (Fragrance), Glyceryl Stearate, Peg-100 Stearate, Pentaerythrityl Tetrabehenate, Nymphaea Alba Root Extract, Dipotassium Glycyrrhizate, Coco-Betaine, Potassium Hydroxide, Chlorphenesin, Sodium Cocoyl Isethionate, Sodium Benzoate, Potassium Sorbate, Tocopherol, Citric Acid, Caprylyl Glycol, Polyquaternium-22.']",50.0,,,0,0,0,0,0,"['Cream Formula', 'Without Sulfates SLS & SLES', 'Without Parabens', 'Alcohol Free', 'Hydrating']",Skincare,Cleansers,Face Wash & Cleansers,0,,
P416366,Dior Addict Lip Sugar Scrub,1073,Dior,31724,4.2837,208.0,0.12 oz/ 3.40 g,Size,0.12 oz/ 3.40 g,Sheer pink balm to your perfect pink glow,"['Polyglyceryl-2 Triisostearate, Caprylic/Capric/Myristic/Stearic Triglyceride, Synthetic Beeswax, Phytosteryl/Octyldodecyl Lauroyl Glutamate, Dimer Dilinoleyl Dimer Dilinoleate, Mangifera Indica (Mango) Seed Butter, Sucrose, Cera Microcristallina (Microcrystalline Wax), Polyethylene, C20-40 Alcohols, Ethylhexyl Palmitate, Decyloxazolidinone, Parfum (Fragrance), Luffa Cylindrica Seed Oil, Vanillin, Diisostearyl Malate, Trimethylolpropane Triisostearate, Bht, Tocopherol, Benzyl Alcohol, Limonene, Propyl Gallate, [+/- :Ci 12085 (Red 36, Red 36 Lake), Ci 15850 (Red 6, Red 7, Red 7 Lake), Ci 15985 (Yellow 6, Yellow 6 Lake), Ci 19140 (Yellow 5, Yellow 5 Lake), Ci 42090 (Blue 1 Lake), Ci 45380 (Red 21, Red 21 Lake, Red 22 Lake), Ci 45410 (Red 27, Red 27 Lake, Red 28 Lake), Ci 73360 (Red 30, Red 30 Lake), Ci 77891 (Titanium Dioxide), Ci 77163 (Bismuth Oxychloride), Ci 77491, Ci 77492, Ci 77499 (Iron Oxides), Ci 77742 (Manganese Violet)].']",40.0,,,0,0,0,0,0,,Makeup,Lip,Lip Balm & Treatment,0,,
P410469,Miss Dior Absolutely Blooming,1073,Dior,31062,4.5481,208.0,3.4 oz/ 101 mL,Size + Concentration + Formulation,3.4 oz/ 101 mL Eau de Parfum Spray,,"['Alcohol, Parfum (Fragrance), Aqua (Water), Linalool, Limonene, Ethylhexyl Methoxycinnamate, Benzyl Salicylate, Hexyl Cinnamal, Hydroxycitronellal, Butyl Methoxydibenzoylmethane, Ethylhexyl Salicylate, Alpha-Isomethyl Ionone, Citronellol, Coumarin, Bht, Geraniol, Eugenol, Citral, Benzyl Benzoate, Benzyl Alcohol, Farnesol, Tocopherol, Ci 14700 (Red 4), Ci 60730 (Ext.Violet 2), Ci 19140 (Yellow 5).']",160.0,,,0,0,0,0,0,,Fragrance,Women,Perfume,2,130.0,100.0
P435806,Dreamskin Fresh & Perfect Cushion Broad Spectrum SPF 50,1073,Dior,30793,4.1378,225.0,0.5 oz/ 15 g,Color,010 Ivory,,"['Octinoxate 7.00%, Titanium Dioxide 4.15%, Zinc Oxide 9.80%, Aqua (Water), Cyclopentasiloxane, Cyclohexasiloxane, Peg-10 Dimethicone, Dimethicone, Butylene Glycol Dicaprylate/Dicaprate, Propanediol, Lauryl Peg-9 Polydimethylsiloxyethyl Dimethicone, Hdi/Trimethylol Hexyllactone Crosspolymer, Trisiloxane, Phenyl Trimethicone, Glycerin, Sodium Chloride, Dimethicone/Peg-10/15 Crosspolymer, Disteardimonium Hectorite, Aluminum Hydroxide, Phenoxyethanol, Stearic Acid, Triethoxycaprylylsilane, Xylitol, Polymethyl Methacrylate, Parfum (Fragrance), Caprylyl Glycol, Ethylhexylglycerin, Disodium Edta, Silica, Zinc Gluconate, Adenosine, Butylphenyl Methylpropional, Limonene, Synthetic Fluorphlogopite, Palmaria Palmata Extract, Sodium Benzoate, Alpha-Isomethyl Ionone, Geraniol, Butylene Glycol, Jasminum Officinale (Jasmine) Flower Extract, Alcohol, Hydrogen Dimethicone, Bht, Saponins, Tocopherol, Aframomum Angustifolium Seed Extract [May Contain: Ci 77491,Ci 77492,Ci 77499 (Iron Oxides), Ci 77891 (Titanium Dioxide).']",90.0,,,0,0,0,0,0,"['Light Coverage', 'Refill Available', 'Good for: Dullness/Uneven Texture', 'Good for: Pores', 'Good for: Dark spots']",Makeup,Face,Foundation,3,90.0,90.0
P416731,Poison Girl,1073,Dior,29859,4.1509,159.0,1 oz/ 30 mL,Size + Concentration + Formulation,1 oz/ 30 mL Eau de Toilette Spray,,"['Alcohol, Parfum (Fragrance), Aqua (Water), Limonene, Linalool, Ethylhexyl Methoxycinnamate, Butyl Methoxydibenzoylmethane, Ethylhexyl Salicylate, Hydroxycitronellal, Hexyl Cinnamal, Coumarin, Alpha-Isomethyl Ionone, Bht, Citronellol, Citral, Benzyl Benzoate, Geraniol, Anise Alcohol, Ci 14700 (Red 4), Tocopherol, Ci 60730 (Ext. Violet 2), Ci 19140 (Yellow 5).']",80.0,,,0,0,0,0,1,,Fragrance,Women,Perfume,1,130.0,130.0
P503999,Capture Totale Le Sérum Anti-Aging Serum,1073,Dior,2435,4.4527,497.0,1 oz / 30 mL,Size,1 oz / 30 mL,,"['Aqua (Water), Glycerin, Alcohol, Butylene Glycol, Squalane, Betaine, Limnanthes Alba (Meadowfoam) Seed Oil, Polyglycerin-3, Lauroyl Lysine, Iris Florentina Root Extract, Malva Sylvestris (Mallow) Extract, Aframomum Angustifolium Seed Extract, Jasminum Officinale (Jasmine) Flower Extract, Adenosine, Sodium Hyaluronate, Sodium Tocopheryl Phosphate, Palmaria Palmata Extract, Hydrolyzed Soy Protein, Propanediol, Polyglycerin-6, Hydrogenated Lecithin, Pullulan, Xylitol, Parfum (Fragrance), Chlorphenesin, Lecithin, Yeast Ferment Extract, Sodium Acetylated Hyaluronate, Alcaligenes Polysaccharides, Lactobacillus Ferment Lysate, Sodium Surfactin, Polysorbate 60, Sorbitan Isostearate, Sodium Benzoate, Potassium Sorbate, Trisodium Ethylenediamine Disuccinate, Ci 77491 (Iron Oxides), Silica, Tocopherol, Helianthus Annuus (Sunflower) Seed Oil, Pentylene Glycol, Hydroxyethyl Acrylate/Sodium Acryloyldimethyl Taurate Copolymer, Caprylyl Glycol.']",100.0,,,0,1,0,0,0,"['Hyaluronic Acid', 'Good for: Dullness/Uneven Texture', 'Good for: Loss of firmness', 'Plumping', 'Hydrating', 'Good for: Anti-Aging']",Skincare,Treatments,Face Serums,1,150.0,150.0
P501542,Mini Rouge Dior Lipstick Set,1073,Dior,27800,3.5625,16.0,,,,,"['Mini Rouge Dior Lipstick in 999 Velvet:', 'Hydrogenated Polydecene, Dimethicone, Polyethylene, Dimethicone Crosspolymer, Silica, Vinyl Dimethicone/Methicone Silsesquioxane Crosspolymer, Euphorbia Cerifera (Candelilla) Wax, Ethylhexyl Palmitate, Butyrospermum Parkii (Shea) Butter, Parfum (Fragrance), Prunus Amygdalus Dulcis (Sweet Almond) Oil, Butyrospermum Parkii (Shea) Butter Unsaponifiables, Paeonia Officinalis Flower Extract, Simmondsia Chinensis (Jojoba) Seed Oil, Punica Granatum Flower Extract, Lecithin, Sodium Myristoyl Glutamate, Polyglyceryl-3 Diisostearate, Calcium Carbonate, Trihydroxystearin, Tocopherol, Aluminum Hydroxide, Sodium Hyaluronate, Glucomannan, [+/- :Ci 12085 (Red 36, Red 36 Lake), Ci 15850 (Red 6, Red 7, Red 7 Lake), Ci 15985 (Yellow 6, Yellow 6 Lake), Ci 17200 (Red 33), Ci 19140 (Yellow 5, Yellow 5 Lake), Ci 42090 (Blue 1, Blue 1 Lake), Ci 45380 (Red 21, Red 21 Lake, Red 22, Red 22 Lake), Ci 45410 (Red 27, Red 27 Lake, Red 28, Red 28 Lake), Ci 73360 (Red 30, Red 30 Lake), Ci 77163 (Bismuth Oxychloride), Ci 77491, Ci 77492, Ci 77499 (Iron Oxides), Ci 77742 (Manganese Violet), Ci 77891 (Titanium Dioxide)].', 'Mini Rouge Dior Lipstick in 100 Nude Look:', 'Hydrogenated Polydecene, Dimethicone, Polyethylene, Silica, Dimethicone Crosspolymer, Euphorbia Cerifera (Candelilla) Wax, Vinyl Dimethicone/Methicone Silsesquioxane Crosspolymer, Ethylhexyl Palmitate, Butyrospermum Parkii (Shea) Butter, Parfum (Fragrance), Prunus Amygdalus Dulcis (Sweet Almond) Oil, Sodium Myristoyl Glutamate, Butyrospermum Parkii (Shea) Butter Unsaponifiables, Paeonia Officinalis Flower Extract, Simmondsia Chinensis (Jojoba) Seed Oil, Punica Granatum Flower Extract, Lecithin, Aluminum Hydroxide, Polyglyceryl-3 Diisostearate, Calcium Carbonate, Trihydroxystearin, Tocopherol, Sodium Hyaluronate, Glucomannan, [+/- :Ci 12085 (Red 36, Red 36 Lake), Ci 15850 (Red 6, Red 7, Red 7 Lake), Ci 15985 (Yellow 6, Yellow 6 Lake), Ci 17200 (Red 33), Ci 19140 (Yellow 5, Yellow 5 Lake), Ci 42090 (Blue 1, Blue 1 Lake), Ci 45380 (Red 21, Red 21 Lake, Red 22, Red 22 Lake), Ci 45410 (Red 27, Red 27 Lake, Red 28, Red 28 Lake), Ci 73360 (Red 30, Red 30 Lake), Ci 77163 (Bismuth Oxychloride), Ci 77491, Ci 77492, Ci 77499 (Iron Oxides), Ci 77742 (Manganese Violet), Ci 77891 (Titanium Dioxide)].', 'Mini Rouge Dior Lipstick in 720 Icone:', 'Hydrogenated Polydecene, Dimethicone, Silica, Polyethylene, Dimethicone Crosspolymer, Vinyl Dimethicone/Methicone Silsesquioxane Crosspolymer, Euphorbia Cerifera (Candelilla) Wax, Ethylhexyl Palmitate, Butyrospermum Parkii (Shea) Butter, Parfum (Fragrance), Prunus Amygdalus Dulcis (Sweet Almond) Oil, Butyrospermum Parkii (Shea) Butter Unsaponifiables, Paeonia Officinalis Flower Extract, Simmondsia Chinensis (Jojoba) Seed Oil, Punica Granatum Flower Extract, Sodium Myristoyl Glutamate, Lecithin, Polyglyceryl-3 Diisostearate, Calcium Carbonate, Aluminum Hydroxide, Trihydroxystearin, Tocopherol, Sodium Hyaluronate, Glucomannan, [+/- :Ci 12085 (Red 36, Red 36 Lake), Ci 15850 (Red 6, Red 7, Red 7 Lake), Ci 15985 (Yellow 6, Yellow 6 Lake), Ci 17200 (Red 33), Ci 19140 (Yellow 5, Yellow 5 Lake), Ci 42090 (Blue 1, Blue 1 Lake), Ci 45380 (Red 21, Red 21 Lake, Red 22, Red 22 Lake), Ci 45410 (Red 27, Red 27 Lake, Red 28, Red 28 Lake), Ci 73360 (Red 30, Red 30 Lake), Ci 77163 (Bismuth Oxychloride), Ci 77491, Ci 77492, Ci 77499 (Iron Oxides), Ci 77742 (Manganese Violet), Ci 77891 (Titanium Dioxide)].', 'Mini Rouge Dior Lipstick in 760 Favorite:', 'Hydrogenated Polydecene, Dimethicone, Polyethylene, Dimethicone Crosspolymer, Silica, Vinyl Dimethicone/Methicone Silsesquioxane Crosspolymer, Euphorbia Cerifera (Candelilla) Wax, Ethylhexyl Palmitate, Butyrospermum Parkii (Shea) Butter, Parfum (Fragrance), Prunus Amygdalus Dulcis (Sweet Almond) Oil, Butyrospermum Parkii (Shea) Butter Unsaponifiables, Paeonia Officinalis Flower Extract, Simmondsia Chinensis (Jojoba) Seed Oil, Punica Granatum Flower Extract, Lecithin, Polyglyceryl-3 Diisostearate, Calcium Carbonate, Trihydroxystearin, Tocopherol, Sodium Hyaluronate, Glucomannan, [+/- :Ci 12085 (Red 36, Red 36 Lake), Ci 15850 (Red 6, Red 7, Red 7 Lake), Ci 15985 (Yellow 6, Yellow 6 Lake), Ci 17200 (Red 33), Ci 19140 (Yellow 5, Yellow 5 Lake), Ci 42090 (Blue 1, Blue 1 Lake), Ci 45380 (Red 21, Red 21 Lake, Red 22, Red 22 Lake), Ci 45410 (Red 27, Red 27 Lake, Red 28, Red 28 Lake), Ci 73360 (Red 30, Red 30 Lake), Ci 77163 (Bismuth Oxychloride), Ci 77491, Ci 77492, Ci 77499 (Iron Oxides), Ci 77742 (Manganese Violet), Ci 77891 (Titanium Dioxide)].']",50.0,,,1,0,0,1,1,,Makeup,Value & Gift Sets,,0,,
P475089,Dior Forever Natural Powder Bronzer,1073,Dior,27572,4.1053,38.0,0.21 oz/ 6 g,Color,5,warm bronze,,50.0,,,0,0,0,0,0,"['Light Coverage', 'Pressed Powder Formula', 'Matte Finish']",Makeup,Cheek,Bronzer,3,50.0,50.0
P395905,Miss Dior Hair Mist,1073,Dior,26362,3.9818,55.0,1 oz/ 30 mL,Size,1 oz/ 30 mL,,"['Alcohol, Aqua (Water), Parfum (Fragrance), Triethyl Citrate, Peg-60 Hydrogenated Castor Oil, Ethylhexylglycerin, Ethylhexyl Methoxycinnamate, Limonene, Hydroxycitronellal, Butyl Methoxydibenzoylmethane, Ethylhexyl Salicylate, Hexyl Cinnamal, Linalool, Benzyl Salicylate, Alpha-Isomethyl Ionone, Citronellol, Bht, Isoeugenol, Geraniol, Citral, Tocopherol, Ci 14700 (Red 4), Ci 60730 (Ext. Violet 2), Ci 42090 (Blue 1).']",75.0,,,0,0,0,0,0,,Fragrance,Women,Body Mist & Hair Mist,0,,
P76000,Pure Poison,1073,Dior,26129,4.5763,295.0,1.7 oz/ 50 mL,Size + Concentration + Formulation,1.7 oz/ 50 mL Eau de Parfum Spray,,"['Alcohol, Parfum (Fragrance), Aqua (Water), Linalool, Benzyl Salicylate, Limonene, Citronellol, Hydroxycitronellal, Hexyl Cinnamal, Ethylhexyl Methoxycinnamate, Alpha-Isomethyl Ionone, Bht, Butyl Methoxydibenzoylmethane, Ethylhexyl Salicylate, Citral, Geraniol, Coumarin, Isoeugenol, Benzyl Alcohol, Tocopherol, Ci 60730 (Ext.Violet 2), Disodium Edta.']",130.0,,,0,0,0,0,0,,Fragrance,Women,Perfume,1,160.0,160.0
P429720,Diorshow On Stage Waterproof Liquid Eyeliner,1073,Dior,25849,3.432,169.0,.01 oz / 0.55 mL,Color,091 Matte Black,matte black,"['Aqua (Water), Butylene Glycol, Acrylates Copolymer, Styrene/Acrylates/Ammonium Methacrylate Copolymer, Beheneth-30, Phenoxyethanol, Sodium Polyaspartate, Pvp, Pentylene Glycol, Alcohol, Caprylyl Glycol, 1,2-Hexanediol, Ethylhexylglycerin, Disodium Edta, Sodium Laureth-12 Sulfate, Sodium Dehydroacetate, C11-15 Pareth-7, Potassium Sorbate, Tetrasodium Edta, [+/- Ci 77891 (Titanium Dioxide), Ci 77266 [Nano] (Black 2), Ci 77510 (Ferric Ammonium Ferrocyanide), Ci 77491 (Iron Oxides)].']",32.0,,,0,0,0,0,0,"['Liquid Formula', 'Long-wearing']",Makeup,Eye,Eyeliner,5,32.0,32.0
P471544,Diorshow Maximizer 3D Triple Volume Plumping Lash Primer,1073,Dior,25255,4.3092,2303.0,0.33 oz/ 10 mL,Size,0.33 oz/ 10 mL,,"['Aqua (Water), Paraffin, C18-36 Acid Triglyceride, Copernicia Cerifera (Carnauba) Wax, Pentylene Glycol, Bis-Diglyceryl Polyacyladipate-2, Palmitic Acid, Stearic Acid, Euphorbia Cerifera (Candelilla) Wax, Cera Alba (Beeswax), Acacia Senegal Gum, Hydroxyethylcellulose, Aminomethyl Propanediol, Synthetic Fluorphlogopite, Centaurea Cyanus Flower Water, Butylene Glycol, Chlorphenesin, Caprylyl Glycol, Silica, Tocopheryl Acetate, Gossypium Herbaceum (Cotton) Extract, Disodium Phosphate, Sodium Phosphate, Schisandra Chinensis Fruit Extract, Tin Oxide, Polysorbate 60, Sodium Benzoate, Potassium Sorbate, [+/- Ci 19140 (Yellow 5, Yellow 5 Lake), Ci 42090 (Blue 1 Lake), Ci 77007 (Ultramarines), Ci 77163 (Bismuth Oxychloride), Ci 77288 (Chromium Oxide Greens), Ci 77289 (Chromium Hydroxide Green), Ci 77491, Ci 77492, Ci 77499 (Iron Oxides), Ci 77510 (Ferric Ferrocyanide, Ferric Ammonium Ferrocyanide), Ci 77742 (Manganese Violet), Ci 77891 (Titanium Dioxide)].']",29.5,,,0,0,0,0,0,"['Volumizing', 'Curling', 'Lengthening']",Makeup,Eye,Mascara,0,,
P480439,Miss Dior Eau de Parfum Roller-Pearl,1073,Dior,22870,4.28,25.0,0.7 oz/ 20 mL,Size + Concentration + Formulation,0.7 oz/ 20 mL,,,55.0,,,0,0,0,0,0,['Floral Scent'],Fragrance,Women,Rollerballs & Travel Size,0,,
P502013,J'adore Parfum d'Eau,1073,Dior,21372,4.5556,1107.0,3.4 oz / 100 mL,Size + Concentration + Formulation,3.4 oz / 100 mL,,"['Aqua (Water), Parfum (Fragrance), Butylene Glycol, Glycerin, Pentylene Glycol, Caprylic/Capric/Succinic Triglyceride, Citrus Aurantium Amara (Bitter Orange) Flower Water, Hydrogenated Lecithin, Hydroxycitronellal, Benzyl Salicylate, Hexyl Cinnamal, Hydroxyacetophenone, Chlorphenesin, Citronellol, Limonene, Alpha-Isomethyl Ionone, Triethyl Citrate, Poloxamer 407, Sodium Citrate, Phytosterols, Linalool, Geraniol, Citric Acid, Pentaerythrityl Tetra-Di-T-Butyl Hydroxyhydrocinnamate, Cinnamyl Alcohol, Benzyl Benzoate, Citral, Benzyl Alcohol, Benzyl Cinnamate.']",160.0,,,0,0,0,0,0,,Fragrance,Women,Perfume,2,130.0,100.0
P480599,Lip Maximizer Serum,1073,Dior,20712,3.8,35.0,0.17 oz/ 5mL,Size,0.17 oz/ 5mL,,"['Aqua (Water), Methyl Hydrogenated Rosinate, Glycerin, Hydrogenated Polyisobutene, Alcohol, Caprylic/Capric Triglyceride, Hydrogenated Polycyclopentadiene, Bis-Behenyl/Isostearyl/Phytosteryl Dimer Dilinoleyl Dimer Dilinoleate, Polyglyceryl-2 Triisostearate, C10-18 Triglycerides, Diglycerin, Steareth-21, Myreth-3 Myristate, Hydroxyethyl Acrylate/Sodium Acryloyldimethyl Taurate Copolymer, Malva Sylvestris (Mallow) Extract, Dipalmitoyl Hydroxyproline, Squalane, Parfum (Fragrance), Steareth-2, Menthoxypropanediol, Pentylene Glycol, Sodium Hyaluronate, Hydroxyacetophenone, Sodium Benzoate, Palmitic Acid, Polysorbate 60, Ammonium Glycyrrhizate, Sodium Citrate, Sorbitan Isostearate, Ethyl Vanillin, Citric Acid, Capsicum Frutescens Fruit Extract, Potassium Sorbate, Tocopherol, Pentaerythrityl Tetra-Di-T-Butyl Hydroxyhydrocinnamate.']",40.0,,,0,0,0,0,1,"['Hydrating', 'Plumping', 'Light Coverage']",Makeup,Lip,Lip Plumper,0,,
P99902,Crayon Eyeliner - Waterproof,1073,Dior,19701,4.313,540.0,0.04 oz/ 1.2 g,Color,Trinidad Black 094,jet black,"['Cyclopentasiloxane, Synthetic Wax, Isododecane, Polybutene, Hydrogenated Cottonseed Oil, Simmondsia Chinensis (Jojoba) Seed Oil, Ceresin, Ozokerite, Mica, Cera Microcristallina (Microcrystalline Wax), Tocopherol, Ascorbyl Palmitate. May Contain (+/-): Yellow 5/Yellow 5 Lake (Ci 19140), Blue 1 Lake (Ci 42090), Ultramarines (Ci 77007), Bismuth Oxychloride (Ci 77163), Chromium Oxide Greens (Ci 77288), Chromium Hydroxide Green (Ci 77289), Iron Oxides (Ci 77491, Ci 77492, Ci 77499), Ferric Ferrocyanide/Ferric Ammonium Ferrocyanide (Ci 77510), Manganese Violet (Ci 77742), Titanium Dioxide (Ci 77891).']",30.0,,,0,0,0,0,0,,Makeup,Eye,Eyeliner,2,30.0,30.0
P451225,BACKSTAGE Lash Curler,1073,Dior,19542,2.7647,34.0,,,,,,28.0,,,0,0,0,1,1,,Makeup,Accessories,Eyelash Curlers,0,,
P475088,Hypnotic Poison Roller-Pearl,1073,Dior,19259,4.4289,921.0,0.7 oz/ 20 mL,Size + Concentration + Formulation,0.7 oz/ 20 mL Eau de Toilette Roller-pearl,,,45.0,,,0,0,0,0,0,,Fragrance,Women,Rollerballs & Travel Size,0,,
P454106,Miss Dior Rose N'Roses Eau de Toilette,1073,Dior,18222,4.0629,1430.0,3.4 oz/ 100 mL,Size + Concentration + Formulation,3.4 oz/ 100 mL Eau de Toilette Spray,,"['Alcohol, Parfum (Fragrance), Aqua (Water), Ethylhexyl Methoxycinnamate, Limonene, Hydroxycitronellal, Linalool, Citronellol, Butyl Methoxydibenzoylmethane, Ethylhexyl Salicylate, Geraniol, Triethyl Citrate, Pentaerythrityl Tetra-Di-T-Butyl, Hydroxyhydrocinnamate, Coumarin, Citral, Benzyl Alcohol, Eugenol, Bht, Ci 17200 (Red 33), Ci 19140 (Yellow 5), Ci 60730 (Ext. Violet 2).']",130.0,,,0,0,0,0,0,,Fragrance,Women,Perfume,4,160.0,45.0
P423548,Miss Dior Moisturizing Body Milk,1073,Dior,17973,4.2308,13.0,6.8 oz/ 200 mL,Size,6.8 oz/ 200 mL,,"['Aqua (Water), Dimethicone, Glycerin, Alcohol, Parfum (Fragrance), Cetearyl Isononanoate, Ethylhexyl Isononanoate, Stearyl Dimethicone, Cetyl Alcohol, Stearyl Alcohol, Aluminum Starch Octenylsuccinate, Pentylene Glycol, Steareth-21, Phenoxyethanol, Steareth-2, Carbomer, Sodium Cetearyl Sulfate, Limonene, Rosa Centifolia Flower Water, Hydroxycitronellal, Sodium Hydroxide, Bht, Rosa Canina Fruit Oil, Hexyl Cinnamal, Linalool, Benzyl Salicylate, Alpha-Isomethyl Ionone, Citronellol, Isoeugenol, Geraniol, Citral, Citric Acid, Sodium Benzoate, Potassium Sorbate, Tocopherol, Ci 14700 (Red 4), Ci 60730 (Ext. Violet 2), Ascorbyl Dipalmitate.']",65.0,,,0,0,1,0,0,,Bath & Body,Body Moisturizers,Body Lotions & Body Oils,0,,
P457667,J'adore Eau de Parfum Roller-pearl,1073,Dior,17664,3.9412,17.0,0.67 oz/ 20 mL,Size + Concentration + Formulation,0.67 oz/ 20 mL Eau de Parfum Roller-pearl,,"['Alcohol, Parfum (Fragrance), Aqua (Water), Butylphenyl Methylpropional, Benzyl Salicylate, Hexyl Cinnamal, Hydroxycitronellal, Citronellol, Ethylhexyl Methoxycinnamate, Alpha-Isomethyl Ionone, Limonene, Linalool, Butyl Methoxydibenzoylmethane, Ethylhexyl Salicylate, Geraniol, Bht, Benzyl Benzoate, Citral, Cinnamyl Alcohol, Benzyl Cinnamate, Benzyl Alcohol, Farnesol, Tocopherol, Ci 14700 (Red 4), Ci 19140 (Yellow 5), Ci 60730 (Ext. Violet 2).']",55.0,,,0,0,0,0,0,,Mini Size,Fragrance,,0,,
P483435,Dior Addict Lipstick Case,1073,Dior,16527,3.6667,3.0,,Color,Pink Cannage,pink,,30.0,,,0,0,1,0,0,,Makeup,Accessories,Makeup Bags & Travel Cases,2,30.0,30.0
P375238,Dior Addict Eau Fraîche,1073,Dior,16236,4.3717,113.0,1.7 oz/ 50 mL,Size + Concentration + Formulation,1.7 oz/ 50 mL Eau de Toilette Spray,,"['Alcohol, Parfum (Fragrance), Aqua (Water), Butylphenyl Methylpropional, Limonene, Linalool, Ethylhexyl Methoxycinnamate, Bht, Butyl Methoxydibenzoylmethane, Butylene Glycol Dicaprylate/Dicaprate, Citral, Geraniol, Tocopherol, Ci 14700 (Red 4), Ci 60730 (Ext.Violet 2), Ci 19140 (Yellow 5).']",100.0,,,0,0,0,0,0,,Fragrance,Women,Perfume,1,130.0,130.0
P440916,Miss Dior Eau de Toilette Roller-pearl,1073,Dior,16153,4.3548,62.0,0.7 oz/20 mL,Size + Concentration + Formulation,0.7 oz/20 mL Eau de Toilette Roller-pearl,,"['Alcohol, Aqua (Water), Parfum (Fragrance), Peg-60 Hydrogenated Castor Oil, Ammonium Acryloyldimethyltaurate/Vp Copolymer, Benzyl Salicylate, Linalool, Limonene, Hydroxycitronellal, Hexyl Cinnamal, Citronellol, Ethylhexyl Methoxycinnamate, Geraniol, Coumarin, Diethylamino Hydroxybenzoyl Hexyl Benzoate, Bht, Citral, Benzyl Benzoate, Benzyl Alcohol, Tocopherol, Ci 17200 (Red 33), Ci 14700 (Red 4), Ci 19140 (Yellow 5), Ci 60730 (Ext. Violet 2).']",45.0,,,0,0,0,0,0,,Fragrance,Women,Rollerballs & Travel Size,0,,
P435915,JOY by Dior,1073,Dior,14852,3.8208,173.0,3.0 oz/ 90 mL,Size + Concentration + Formulation,3.0 oz/ 90 mL,,"['Alcohol, Parfum (Fragrance), Aqua (Water), Limonene, Linalool, Benzyl Salicylate, Hexyl Cinnamal, Ethylhexyl Methoxycinnamate, Hydroxycitronellal, Citronellol, Alpha-Isomethyl Ionone, Butyl Methoxydibenzoylmethane, Ethylhexyl Salicylate, Coumarin, Bht, Geraniol, Citral, Benzyl Benzoate, Benzyl Alcohol, Amyl Cinnamal, Farnesol, Eugenol, Tocopherol, Ci 17200 (Red 33), Ci 60730 (Ext. Violet 2), Ci 42090 (Blue 1), Ci 19140 (Yellow 5), Ci 14700 (Red 4).']",160.0,,,0,0,0,0,0,,Fragrance,Women,Perfume,0,,
P408407,Sauvage Deodorant Stick,1073,Dior,14481,4.5862,29.0,2.6 oz/ 74 g,Size,2.6 oz/ 74 g,,"['Propylene Glycol, Aqua (Water), Sodium Stearate, Nylon-12, Parfum (Fragrance), Laureth-23, Ethylhexylglycerin, Linalool, Coumarin, Sodium Hydroxide, Citronellol, Citral, Bht, Limonene, Geraniol, Tocopherol.']",35.0,,,0,0,1,0,0,,Bath & Body,Body Care,Deodorant & Antiperspirant,0,,
P375237,Dior Addict Eau de Parfum,1073,Dior,14480,4.5301,183.0,1.7 oz/ 50 mL,Size + Concentration + Formulation,1.7 oz/ 50 mL Eau de Parfum Spray,,"['Alcohol, Parfum (Fragrance), Aqua (Water), Linalool, Coumarin, Limonene, Geraniol, Ethylhexyl Methoxycinnamate, Cinnamyl Alcohol, Butyl Methoxydibenzoylmethane, Butylene Glycol Dicaprylate/Dicaprate, Citronellol, Bht, Farnesol, Isoeugenol, Citral, Benzyl Benzoate, Benzyl Cinnamate, Eugenol, Tocopherol, Benzyl Alcohol, Ci 60730 (Ext.Violet 2), Ci 42090 (Blue 1).']",130.0,,,0,0,0,0,0,,Fragrance,Women,Perfume,1,160.0,160.0
P467944,Miss Dior Rose N'Roses Roller-pearl,1073,Dior,13999,4.0679,1472.0,0.7 oz/ 20 mL,Size + Concentration + Formulation,0.7 oz/ 20 mL Eau de Toilette Roller-pearl,,"['Alcohol, Parfum (Fragrance), Aqua (Water), Ethylhexyl Methoxycinnamate, Limonene, Hydroxycitronellal, Linalool, Citronellol, Butyl Methoxydibenzoylmethane, Ethylhexyl Salicylate, Geraniol, Triethyl Citrate, Pentaerythrityl Tetra-Di-T-Butyl, Hydroxyhydrocinnamate, Coumarin, Citral, Benzyl Alcohol, Eugenol, BHT, CI 17200 (Red 33), CI 19140 (Yellow 5), CI 60730 (Ext. Violet 2).']",45.0,,,0,0,0,0,0,,Fragrance,Women,Rollerballs & Travel Size,0,,
P386816,Diorshow Iconic Overcurl Waterproof Mascara,1073,Dior,13889,3.4735,283.0,0.33 oz/ 10 mL,Color,Black,,"['Isododecane, Polyethylene, Water, Euphorbia Cerifera (Candelilla) Wax, Acrylates/Dimethicone Copolymer, Acrylates Copolymer, Copernicia Cerifera (Carnauba) Wax, Vp/Eicosene Copolymer, Disteardimonium Hectorite, Glyceryl Hydrogenated Rosinate, Phenoxyethanol, Sorbitan Isostearate, Ozokerite, Peg-2 Hydrogenated Castor Oil, Ethylene/Propylene/Styrene Copolymer, Hydrogenated Castor Oil, Oryza Sativa (Rice) Bran Wax, Propylene Carbonate, Caprylyl Glycol, Butylene/Ethylene/Styrene Copolymer, Bht, Benzyl Alcohol. May Contain (+/-): Yellow 5/Yellow 5 Lake (Ci 19140), Blue 1 Lake (Ci 42090), Ultramarines (Ci 77007), Bismuth Oxychloride (Ci 77163), Chromium Oxide Greens (Ci 77288), Chromium Hydroxide Green (Ci 77289), Iron Oxides (Ci 77491, Ci 77492, Ci 77499), Ferric Ferrocyanide/Ferric Ammonium Ferrocyanide (Ci 77510), Manganese Violet (Ci 77742), Titanium Dioxide (Ci 77891).']",29.5,,,0,0,0,0,0,,Makeup,Eye,Mascara,0,,
P435807,Dreamskin Fresh & Perfect Cushion Broad Spectrum SPF 50 Refill,1073,Dior,13114,4.2619,42.0,0.5 oz/ 15 g,Color,010 Ivory,,"['Octinoxate 7.00%, Titanium Dioxide 4.15%, Zinc Oxide 9.80%, Aqua (Water), Cyclopentasiloxane, Cyclohexasiloxane, Peg-10 Dimethicone, Dimethicone, Butylene Glycol Dicaprylate/Dicaprate, Propanediol, Lauryl Peg-9 Polydimethylsiloxyethyl Dimethicone, Hdi/Trimethylol Hexyllactone Crosspolymer, Trisiloxane, Phenyl Trimethicone, Glycerin, Sodium Chloride, Dimethicone/Peg-10/15 Crosspolymer, Disteardimonium Hectorite, Aluminum Hydroxide, Phenoxyethanol, Stearic Acid, Triethoxycaprylylsilane, Xylitol, Polymethyl Methacrylate, Parfum (Fragrance), Caprylyl Glycol, Ethylhexylglycerin, Disodium Edta, Silica, Zinc Gluconate, Adenosine, Butylphenyl Methylpropional, Limonene, Synthetic Fluorphlogopite, Palmaria Palmata Extract, Sodium Benzoate, Alpha-Isomethyl Ionone, Geraniol, Butylene Glycol, Jasminum Officinale (Jasmine) Flower Extract, Alcohol, Hydrogen Dimethicone, Bht, Saponins, Tocopherol, Aframomum Angustifolium Seed Extract [May Contain: Ci 77491,Ci 77492,Ci 77499 (Iron Oxides), Ci 77891 (Titanium Dioxide).']",45.0,,,0,0,0,0,0,"['Light Coverage', 'Good for: Dullness/Uneven Texture', 'Good for: Pores', 'Good for: Dark spots', 'Without Sulfates SLS & SLES']",Makeup,Face,Foundation,3,45.0,45.0
P475091,Dior Forever Loose Cushion Powder,1073,Dior,12646,3.6667,18.0,0.35 oz/ 10 g,Color,"""020""",light skintones,"['Synthetic Fluorphlogopite, Aqua (Water), Calcium Silicate, Polymethylsilsesquioxane, Glycerin, Silica, Methicone, Caprylyl Glycol, Ethylhexylglycerin, Sodium Dehydroacetate, Hydrogen Dimethicone, Parfum (Fragrance), Dimethicone, Menthol, Sodium Hyaluronate, Hydrolyzed Viola Tricolor Extract, Tocopherol, 1,2-Hexanediol, [+/- Ci 77491, Ci 77492, Ci 77499 (Iron Oxides)].']",65.0,,,0,0,0,0,0,"['Loose Powder Formula', 'Matte Finish', 'Natural Finish', 'Light Coverage', 'Hydrating']",Makeup,Face,Setting Spray & Powder,2,65.0,65.0
P379931,Poison,1073,Dior,12408,4.0806,62.0,1 oz,Size,1 oz,,"['Alcohol, Parfum (Fragrance), Triethyl Citrate, Aqua (Water), Hydroxycitronellal, Linalool, Peg-40 Hydrogenated Castor Oil, Eugenol, Benzyl Benzoate, Coumarin, Geraniol, Citronellol, Bht, Alpha-Isomethyl Ionone, Limonene, Farnesol, Benzyl Alcohol, Isoeugenol, Benzyl Salicylate, Ci 60730 (Ext. Violet 2), Citral, Tocopherol.']",80.0,,,0,0,0,0,0,,Fragrance,Women,Perfume,0,,
P441312,Diorshow Pump 'N' Volume Mascara,1073,Dior,12142,3.44,25.0,0.33 fl. oz. / 10 mL,,,,"['Aqua (Water), Cera Alba (Beeswax), Hydrogenated Olive Oil Stearyl Esters, Oryza Sativa (Rice) Bran Wax, Glyceryl Stearate, Acacia Senegal Gum, Butylene Glycol, Palmitic Acid, Stearic Acid, Vp/Eicosene Copolymer, Synthetic Beeswax, Bis-Diglyceryl Polyacyladipate-2, Aminomethyl Propanediol, Hydroxypropyl Starch, Centaurea Cyanus Flower Water, Hydroxyethylcellulose, Silica, Caprylyl Glycol, Crambe Abyssinica Seed Oil, Panthenol, Hydroxyacetophenone, Chlorphenesin, Tocopheryl Acetate, Synthetic Fluorphlogopite, Disodium Phosphate, Sodium Phosphate, Polysorbate 60, Sodium Benzoate, Potassium Sorbate, Tin Oxide, [+/- Ci 77499 (Iron Oxides), Ci 77891 (Titanium Dioxide)].']",29.5,,,0,0,0,0,0,"['Volumizing', 'Long-wearing', 'Lengthening']",Makeup,Eye,Mascara,0,,
P501414,Miss Dior Blooming Bouquet Lifestyle Gift Set,1073,Dior,11973,2.5,4.0,,,,,"['Dior Addict Lip Glow Pink 001:', 'Polyglyceryl-2 Triisostearate, Helianthus Annuus (Sunflower) Seed Oil, Hydrogenated Castor Oil Dimer Dilinoleate, Phytosteryl/Octyldodecyl Lauroyl Glutamate, Jojoba Esters, Polyglyceryl-2 Isostearate/Dimer Dilinoleate Copolymer, Euphorbia Cerifera (Candelilla) Wax, Behenyl Behenate, Helianthus Annuus (Sunflower) Seed Wax, Butyrospermum Parkii (Shea) Butter, Oryza Sativa (Rice) Bran Wax, Caprylic/Capric Triglyceride, Parfum (Fragrance), Trimethylolpropane Triisostearate, Diisostearyl Malate, Butyrospermum Parkii (Shea) Butter Unsaponifiables, Prunus Avium (Sweet Cherry) Seed Oil, Tocopherol, Ethyl Vanillin, Ascorbyl Palmitate, Undaria Pinnatifida Extract, Propyl Gallate, [+/- Ci 15850 (Red 6, Red 7, Red 7 Lake), Ci 15985 (Yellow 6 Lake), Ci 19140 (Yellow 5 Lake), Ci 42090 (Blue 1 Lake), Ci 45410 (Red 28 Lake), Ci 45380 (Red 21), Ci 73360 (Red 30 Lake), Ci 77491, Ci 77492, Ci 77499 (Iron Oxides), Ci 77891 (Titanium Dioxide)].', 'Miss Dior Nourishing Rose Hand Cream:', 'Alcohol, Aqua (Water), Parfum (Fragrance), Butyl Methoxydibenzoylmethane, Limonene, Hexyl Cinnamal, Linalool, Benzyl Salicylate, Alpha-Isomethyl Ionone, Citronellol, Isoeugenol, Hydroxycitronellal, Citral, Geraniol, Benzyl Alcohol, Ci 14700 (Red 4), Ci 19140 (Yellow 5), Ci 60730 (Ext. Violet 2) #16611 Aqua (Water), Butyrospermum Parkii (Shea) Butter, Glycerin, Butylene Glycol, Propanediol, Glyceryl Stearate, Peg-100 Stearate, Prunus Amygdalus Dulcis (Sweet Almond) Oil, Parfum (Fragrance), Rosa Canina Fruit Oil, Rosa Centifolia Flower Water, Alcohol, Cetyl Alcohol, Stearyl Alcohol, Chlorphenesin, Tromethamine, Triethyl Citrate, Pentaerythrityl Tetra-Di-T-Butyl Hydroxyhydrocinnamate, Xanthan Gum, Polysorbate 60, Sorbitan Isostearate, Citric Acid, Glycine Soja (Soybean) Oil, Tocopherol, Sodium Benzoate, Potassium Sorbate, Ci 14700 (Red 4), Polymethyl Methacrylate, Hydroxyethyl Acrylate/Sodium Acryloyldimethyl Taurate Copolymer, Caprylyl Glycol, Carbomer, Limonene, Hydroxycitronellal, Hexyl Cinnamal, Linalool, Benzyl Salicylate, Alpha-Isomethyl Ionone, Citronellol, Isoeugenol, Geraniol, Citral, Ascorbyl Dipalmitate #15567 Polyglyceryl-2 Triisostearate, Helianthus Annuus (Sunflower) Seed Oil, Hydrogenated Castor Oil Dimer Dilinoleate, Phytosteryl/Octyldodecyl Lauroyl Glutamate, Jojoba Esters, Polyglyceryl-2 Isostearate/Dimer Dilinoleate Copolymer, Euphorbia Cerifera (Candelilla) Wax, Behenyl Behenate, Helianthus Annuus (Sunflower) Seed Wax, Butyrospermum Parkii (Shea) Butter, Oryza Sativa (Rice) Bran Wax, Caprylic/Capric Triglyceride, Parfum (Fragrance), Trimethylolpropane Triisostearate, Diisostearyl Malate, Butyrospermum Parkii (Shea) Butter Unsaponifiables, Prunus Avium (Sweet Cherry) Seed Oil, Tocopherol, Ethyl Vanillin, Ascorbyl Palmitate, Undaria Pinnatifida Extract, Propyl Gallate, [+/- Ci 15850 (Red 6, Red 7, Red 7 Lake), Ci 15985 (Yellow 6 Lake), Ci 19140 (Yellow 5 Lake), Ci 42090 (Blue 1 Lake), Ci 45410 (Red 28 Lake), Ci 45380 (Red 21), Ci 73360 (Red 30 Lake), Ci 77491, Ci 77492, Ci 77499 (Iron Oxides), Ci 77891 (Titanium Dioxide)].', 'Miss Dior Blooming Bouquet Eau de Toilette:', '#12103/A Alcohol, Aqua (Water), Parfum (Fragrance), Ethylhexyl Methoxycinnamate, Limonene, Butylphenyl Methylpropional, Butyl Methoxydibenzoylmethane, Ethylhexyl Salicylate, Hexyl Cinnamal, Linalool, Benzyl Salicylate, Alpha-Isomethyl Ionone, Bht, Citronellol, Isoeugenol, Citral, Geraniol, Benzyl Alcohol, Tocopherol, Ci 14700 (Red 4), Ci 60730 (Ext. Violet 2), Ci 19140 (Yellow 5).']",110.0,,,1,0,0,1,0,,Makeup,Value & Gift Sets,,0,,
P500313,Mini Diorshow Mascara Duo Set,1073,Dior,11238,4.4,5.0,,,,,"['Diorshow 24H Buildable Volume Mascara:', 'Aqua (Water), Glyceryl Stearate, Cera Alba (Beeswax), C18-36 Acid Triglyceride, Hydroxypropyl Starch, Hydrogenated Olive Oil Stearyl Esters, Steareth-21, Glyceryl Hydrogenated Rosinate, Acacia Senegal Gum, Centaurea Cyanus Flower Water, Lecithin, Betula Alba Juice, Palmitic Acid, Steareth-2, Stearic Acid, Caprylyl Glycol, Aminomethyl Propanediol, Synthetic Fluorphlogopite, Xanthan Gum, Copernicia Cerifera (Carnauba) Wax, Hydroxyacetophenone, Chlorphenesin, Propanediol, Tocopheryl Acetate, Cellulose, Tin Oxide, Potassium Sorbate, Sodium Benzoate, Citric Acid, [+/- Ci 77499 (Iron Oxides), Ci 77891 (Titanium Dioxide)].', 'Diorshow Maximizer 3D Triple Volume Plumping Lash Primer:', 'Aqua (Water), Paraffin, C18-36 Acid Triglyceride, Copernicia Cerifera (Carnauba) Wax, Pentylene Glycol, Bis-Diglyceryl Polyacyladipate-2, Palmitic Acid, Stearic Acid, Euphorbia Cerifera (Candelilla) Wax, Cera Alba (Beeswax), Acacia Senegal Gum, Hydroxyethylcellulose, Aminomethyl Propanediol, Synthetic Fluorphlogopite, Centaurea Cyanus Flower Water, Butylene Glycol, Chlorphenesin, Caprylyl Glycol, Silica, Tocopheryl Acetate, Gossypium Herbaceum (Cotton) Extract, Disodium Phosphate, Sodium Phosphate, Schisandra Chinensis Fruit Extract, Tin Oxide, Polysorbate 60, Sodium Benzoate, Potassium Sorbate, [+/- Ci 19140 (Yellow 5, Yellow 5 Lake), Ci 42090 (Blue 1 Lake), Ci 77007 (Ultramarines), Ci 77163 (Bismuth Oxychloride), Ci 77288 (Chromium Oxide Greens), Ci 77289 (Chromium Hydroxide Green), Ci 77491, Ci 77492, Ci 77499 (Iron Oxides), Ci 77510 (Ferric Ferrocyanide, Ferric Ammonium Ferrocyanide), Ci 77742 (Manganese Violet), Ci 77891 (Titanium Dioxide)].']",28.0,,,0,0,0,0,0,,Makeup,Eye,Mascara,0,,
P449122,Sauvage Parfum,1073,Dior,10891,4.5236,487.0,3.4 oz / 100 mL,Size + Concentration + Formulation,3.4 oz / 100 mL Parfum Spray,,"['Alcohol, Aqua (Water), Parfum (Fragrance), Limonene, Linalool, Ethylhexyl Methoxycinnamate, Coumarin, Citral, Hexyl Cinnamal, Alpha-Isomethyl Ionone, Diethylamino Hydroxybenzoyl Hexyl Benzoate, Citronellol, Eugenol, Butyl Methoxydibenzoylmethane, Ethylhexyl Salicylate, Geraniol, Bht, Hydroxycitronellal, Cinnamal, Ci 19140 (Yellow 5), Tocopherol, Ci 14700 (Red 4), Ci 42090 (Blue 1), Ci 60730 (Ext. Violet 2).']",180.0,,,0,0,0,0,0,,Fragrance,Men,Cologne,2,250.0,150.0
P406640,J'adore Eau Lumière Eau de Toilette,1073,Dior,10463,4.5263,76.0,0.67 oz/ 20 mL,Size + Concentration + Formulation,0.67 oz/ 20 mL Eau de Toilette Roller-pearl,,"['Alcohol, Aqua (Water), Parfum (Fragrance), Ethylhexyl Methoxycinnamate, Hexyl Cinnamal, Ammonium Acryloyldimethyltaurate/Vp Copolymer, Alpha-Isomethyl Ionone, Benzyl Salicylate, Limonene, Citronellol, Butyl Methoxydibenzoylmethane, Ethylhexyl Salicylate, Hydroxycitronellal, Linalool, Geraniol, Bht, Ammonium Acryloyldimethyltaurate/Beheneth-25 Methacrylate Crosspolymer, Isoeugenol, Benzyl Benzoate, Cinnamyl Alcohol, Farnesol, Tris(Tetramethylhydroxypiperidinol) Citrate, Benzyl Alcohol, Amyl Cinnamal, Citral, T-Butyl Alcohol, Tocopherol, Ci 14700 (Red 4), Ci 19140 (Yellow 5), Ci 60730 (Ext. Violet 2).']",55.0,,,0,0,0,0,0,,Fragrance,Women,Perfume,2,138.0,130.0
P475526,Sauvage Elixir,1073,Dior,10313,4.5178,1178.0,2 oz/ 60 mL,Size + Concentration + Formulation,2 oz/ 60 mL Elixir Spray,,"['Alcohol, Parfum (Fragrance), Aqua (Water), Linalool, Limonene, Coumarin, Citronellol, Eugenol, Butyl Methoxydibenzoylmethane, Triethyl Citrate, Pentaerythrityl Tetra-Di-T-Butyl Hydroxyhydrocinnamate, Geraniol, Cinnamal, Citral, Evernia Furfuracea (Treemoss) Extract, Farnesol, Isoeugenol, Ci 60730 (Ext. Violet 2), Ci 19140 (Yellow 5), Ci 42090 (Blue 1).']",180.0,,,0,0,0,0,0,,Fragrance,Men,Cologne,1,250.0,250.0
P428255,Capture Youth Serum Collection,1073,Dior,47079,4.2434,152.0,1 oz/ 30 mL,Type,Glow Booster Age-Delay Illuminating Serum,,"['Aqua (Water), Dipropylene Glycol, Glycerin, Glycolic Acid, 3-O-Ethyl Ascorbic Acid, Ppg-26-Buteth-26, Tromethamine, Phenoxyethanol, Parfum (Fragrance), Peg-40 Hydrogenated Castor Oil, Sodium Citrate, Tetrasodium Edta, Terminalia Ferdinandiana Fruit Extract, Xanthan Gum, Adenosine, Sodium Tocopheryl Phosphate, Sodium Metabisulfite, Ci 15985 (Yellow 6), Iris Florentina Root Extract, Bht, Tocopherol.']",110.0,,,0,0,0,0,0,"['Good for: Dullness/Uneven Texture', 'Good for: Dark spots', 'Vitamin C', 'AHA/Glycolic Acid', 'Without Sulfates SLS & SLES', 'Without Parabens']",Skincare,Treatments,Face Serums,2,110.0,110.0
P380621,J'adore Body Milk,1073,Dior,9953,4.1714,35.0,5 oz/ 150 mL,Size + Concentration + Formulation,5 oz/ 150 mL,,"['Aqua (Water), Alcohol, Dimethicone, Parfum (Fragrance), Diethylhexylcyclohexane, Glycerin, Aluminum Starch Octenylsuccinate, Coco-Caprylate/Caprate, Stearyl Dimethicone, Pentylene Glycol, Isononyl Isononanoate, Cetyl Alcohol, Stearyl Alcohol, Steareth-21, Phenoxyethanol, Steareth-2, Butylene Glycol, Carbomer, Sodium Cetearyl Sulfate, Hexyl Cinnamal, Tetrasodium Edta, Alpha-Isomethyl Ionone, Hydroxycitronellal, Jasminum Officinale (Jasmine) Flower Extract, Sodium Hydroxide, Citronellol, Limonene, Gossypium Herbaceum (Cotton) Extract, Bht, Linalool,  Geraniol, Rosa Damascena Flower Water, Cinnamal, Cinnamyl Alcohol, Isoeugenol, Ci 19140 (Yellow 5), Tocopherol, Ci 14700 (Red 4).']",65.0,,,0,0,1,0,0,,Bath & Body,Body Moisturizers,Body Lotions & Body Oils,0,,
P380620,J'adore Soap,1073,Dior,9524,4.4375,32.0,5 oz/ 142 g,Size,5 oz/ 142 g,,"['Sodium Palmate, Sodium Palm Kernelate, Aqua (Water), Parfum (Fragrance), Zea Mays (Corn) Starch, Potassium Lauryl Sulfate, Butyrospermum Parkii (Shea Butter) Oil, Cetearyl Alcohol, Sodium Lauryl Sulfate, Butylphenyl Methylpropional, Hexyl Cinnamal, Glycerin, Sodium Chloride, Linalool, Hydrogenated Castor Oil, Benzyl Salicylate, Ci 77891 (Titanium Dioxide), Citronellol, Hydroxycitronellal, Alpha-Isomethyl Ionone, Limonene, Tetrasodium Edta, Tetrasodium Etidronate, Paraffinum Liquidum (Mineral Oil), Bht, Cocamidopropyl Betaine, Geraniol, Potassium Phosphate, Butylene Glycol, Gossypium Herbaceum (Cotton) Extract, Tocopherol.']",33.0,,,0,0,0,0,0,,Bath & Body,Bath & Shower,Body Wash & Shower Gel,0,,
P440915,Miss Dior Eau de Toilette,1073,Dior,8986,4.0172,58.0,3.4oz/100mL,Size + Concentration + Formulation,3.4oz/100mL Eau de Toilette Spray,,"['Alcohol, Aqua (Water), Parfum (Fragrance), Ethylhexyl Methoxycinnamate, Benzyl Salicylate, Linalool, Limonene, Hydroxycitronellal, Hexyl Cinnamal, Butyl Methoxydibenzoylmethane, Ethylhexyl Salicylate, Citronellol, Geraniol, Coumarin, Bht, Citral, Benzyl Benzoate, Benzyl Alcohol, Tocopherol, Ci 14700 (Red 4), Ci 19140 (Yellow 5), Ci 60730 (Ext. Violet 2).']",130.0,,,0,0,0,0,0,,Fragrance,Women,Perfume,2,100.0,45.0
P457662,J'adore Hair Mist,1073,Dior,8854,4.3125,16.0,1.35 oz/ 40 mL,Size,1.35 oz/ 40 mL,,"['Alcohol, Aqua (Water), Parfum (Fragrance), Glycerin, Ethylhexylglycerin, Citronellyl Methylcrotonate, Butylphenyl Methylpropional, Ethylhexyl Methoxycinnamate, Hexyl Cinnamal, Benzyl Salicylate, Citronellol, Hydroxycitronellal, Alpha-Isomethyl Ionone, Butyl Methoxydibenzoylmethane, Ethylhexyl Salicylate, Limonene, Geraniol, Linalool, Bht, Cinnamyl Alcohol, Benzyl Benzoate, Citral, Benzyl Alcohol, Tocopherol, Ci 19140 (Yellow 5), Ci 14700 (Red 4), Ci 60730 (Ext. Violet 2).']",75.0,,,0,0,0,0,0,,Fragrance,Women,Body Mist & Hair Mist,0,,
P457666,J'adore Eau Lumière Eau de Toilette Roller-pearl,1073,Dior,7763,4.1,10.0,0.67 oz/ 20 mL,Size + Concentration + Formulation,0.67 oz/ 20 mL Eau de Toilette Roller-pearl,,"['Alcohol, Aqua (Water), Parfum (Fragrance), Ethylhexyl Methoxycinnamate, Hexyl Cinnamal, Ammonium Acryloyldimethyltaurate/Vp Copolymer, Alpha-Isomethyl Ionone, Benzyl Salicylate, Limonene, Citronellol, Butyl Methoxydibenzoylmethane, Ethylhexyl Salicylate, Hydroxycitronellal, Linalool, Geraniol, Bht, Ammonium Acryloyldimethyltaurate/Beheneth-25 Methacrylate Crosspolymer, Isoeugenol, Benzyl Benzoate, Cinnamyl Alcohol, Farnesol, Tris(Tetramethylhydroxypiperidinol) Citrate, Benzyl Alcohol, Amyl Cinnamal, Citral, T-Butyl Alcohol, Tocopherol, Ci 14700 (Red 4), Ci 19140 (Yellow 5), Ci 60730 (Ext. Violet 2).']",55.0,,,0,0,0,0,0,,Mini Size,Fragrance,,0,,
P4490,Fahrenheit,1073,Dior,7487,4.7009,107.0,1.7 oz/ 50 mL,Size + Concentration + Formulation,1.7 oz/ 50 mL Eau de Toilette Spray,,"['Alcohol, Aqua (Water), Parfum (Fragrance), Limonene, Benzyl Benzoate, Ethylhexyl Methoxycinnamate, Linalool, Hydroxycitronellal, Coumarin, Butyl Methoxydibenzoylmethane, Ethylhexyl Salicylate, Hydroxyisohexyl 3-Cyclohexene Carboxaldehyde, Bht, Alpha-Isomethyl Ionone, Citral, Methyl 2-Octynoate, Eugenol, Geraniol, Isoeugenol, Tocopherol.']",95.0,,,0,0,0,0,0,,Fragrance,Men,Cologne,1,120.0,120.0
P444194,J'adore Huile Divine - Dry Silky Body & Hair Oil,1073,Dior,7089,4.0833,12.0,,,,,"['Propylene Glycol Dicaprylate/Dicaprate, Dimethicone, Isopropyl Palmitate, Parfum (Fragrance), Benzyl Salicylate, Prunus Armeniaca (Apricot) Kernel Oil, Hexyl Cinnamal, Hydroxycitronellal, Ethylhexyl Methoxycinnamate, Citronellol, Alpha-Isomethyl Ionone, Diethylamino Hydroxybenzoyl Hexyl Benzoate, Limonene, Geraniol, Bht, Linalool, Tocopherol, Eugenol, Benzyl Alcohol, Benzyl Benzoate, Solanum Lycopersicum (Tomato) Fruit/Leaf/Stem Extract, Citral, Helianthus Annuus (Sunflower) Seed Oil, Rosmarinus Officinalis (Rosemary) Leaf Extract.']",75.0,,,0,0,1,0,0,,Bath & Body,Body Moisturizers,Body Lotions & Body Oils,0,,
P455023,Homme Eau de Toilette,1073,Dior,6996,4.481,1237.0,1.7 oz/ 50 mL,Size + Concentration + Formulation,1.7 oz/ 50 mL Eau de Toilette Spray,,"['Alcohol, Parfum (Fragrance), Aqua (Water), Limonene, Ethylhexyl Methoxycinnamate, Hydroxycitronellal, Linalool, Hexyl Cinnamal, Citronellol, Diethylamino Hydroxybenzoyl Hexyl Benzoate, Bht, Butyl Methoxydibenzoylmethane, Ethylhexyl Salicylate, Coumarin, Citral, Geraniol, Ci 47005 (Yellow 10), Tocopherol, Ci 14700 (Red 4), Ci 60730 (Ext. Violet 2), Ci 19140 (Yellow 5).']",95.0,,,0,0,0,0,0,,Fragrance,Men,Cologne,2,155.0,120.0
P504675,Dior Forever Glow Veil Makeup Primer,1073,Dior,6743,4.375,8.0,1oz / 30ml,Size,1oz / 30ml,,"['Aqua (Water), Alcohol, Glycerin, Squalane, Betaine, Butylene Glycol, Limnanthes Alba (Meadowfoam) Seed Oil, Polyglycerin-3, Lauroyl Lysine, Hibiscus Sabdariffa Flower Extract, Iris Florentina Root Extract, Synthetic Fluorphlogopite, Hydroxyethyl Acrylate/Sodium Acryloyldimethyl Taurate Copolymer, Polyglycerin-6, Caprylyl Glycol, Hydrogenated Lecithin, Pentylene Glycol, Chlorphenesin, Sodium Citrate, Sodium Hyaluronate, Parfum (Fragrance), Alcaligenes Polysaccharides, Polysorbate 60, Sorbitan Isostearate, Sodium Surfactin, Tin Oxide, Hydrolyzed Viola Tricolor Extract, Citric Acid, 1,2-Hexanediol, Sodium Benzoate, Potassium Sorbate, Tocopherol, [+/- Ci 77891 (Titanium Dioxide)].']",50.0,,,0,0,1,0,0,"['Radiant Finish', 'Good for: Dullness/Uneven Texture', 'Best for Oily Skin', 'Good for: Pores', 'Hydrating', 'Without Parabens']",Makeup,Face,Face Primer,0,,
P504426,Miss Dior Eau de Parfum Set,1073,Dior,6461,5.0,4.0,,,,,"['Miss Dior Eau de Parfum, Miss Dior Eau de Parfum Pre-filled, Refillable Travel Spray:', 'Benzyl Salicylate, Linalool, Limonene, Hydroxycitronellal, Geraniol, Coumarin, Citronellol, Benzyl Benzoate, Farnesol, Citral, Benzyl Cinnamate, Anise Alcohol, Benzyl Alcohol, Eugenol.']",155.0,,,1,1,0,0,0,,Fragrance,Value & Gift Sets,Perfume Gift Sets,0,,
P470214,Forever Perfect Fix Setting Spray,1073,Dior,6458,4.0909,11.0,3.4oz/ 100 mL,Size,3.4oz/ 100 mL,,"['Aqua (Water), Methylpropanediol, Pentylene Glycol, Caprylyl Glycol, Chlorphenesin, Pvp, Ppg-26-Buteth-26, Peg-40 Hydrogenated Castor Oil, Sodium Citrate, Parfum (Fragrance), Alcohol, Hydrolyzed Viola Tricolor Extract, Citric Acid, 1,2-Hexanediol, Ci 60730 (Ext. Violet 2).']",45.0,,,0,0,0,0,0,"['Radiant Finish', 'Hydrating', 'Long-wearing']",Makeup,Face,Setting Spray & Powder,0,,
P427729,Capture Youth Age-Delay Advanced Crème,1073,Dior,7745,3.9219,64.0,1.7 oz/ 50 mL,Size,1.7 oz/ 50 mL,,"['Aqua (Water), Dicaprylyl Ether, Glycerin, Isononyl Isononanoate, Butyrospermum Parkii (Shea Butter) Extract, Glyceryl Stearate, Peg-100 Stearate, Myristyl Myristate, Jojoba Esters, Behenyl Alcohol, Cetyl Alcohol, Pentylene Glycol, Stearyl Alcohol, Vinyl Dimethicone/Methicone Silsesquioxane Crosspolymer, Caesalpinia Spinosa Fruit Extract, Decyloxazolidinone, Phenoxyethanol, Cera Alba (Beeswax), Dimethicone, Parfum (Fragrance), Caprylyl Glycol, Carbomer, Sodium Polyacrylate, Kappaphycus Alvarezii Extract, Tocopheryl Acetate, Tromethamine, Sorbitol, Sodium Hyaluronate, Xanthan Gum, Algin, Adenosine, Polyvinyl Alcohol, Sodium Tocopheryl Phosphate, Peg-7 Glyceryl Cocoate, Cellulose Gum, Bht, Iris Florentina Root Extract, Tocopherol, Polyquaternium-7, Ethylhexylglycerin, Methylsilanol Tri-Peg-8 Glyceryl Cocoate.']",110.0,,,0,0,0,0,0,"['Good for: Anti-Aging', 'Good for: Dullness/Uneven Texture', 'Without Sulfates SLS & SLES', 'Without Parabens', 'Without Phthalates']",Skincare,Moisturizers,Moisturizers,0,,
P463845,J'adore eau de parfum infinissime,1073,Dior,6204,4.1905,21.0,3.4 oz/ 100 mL,Size + Concentration + Formulation,3.4 oz/ 100 mL Eau de Parfum Spray,,"['Alcohol, Parfum (Fragrance), Aqua (Water), Benzyl Salcylate, Hexyl Cinnamal, Butyl Methoxydibenzoylmethane, Linalool, Limonene, Hydroxycitronellal, Citronellol, Alpha-Isomethyl Ionone, Geraniol, Eugenol, Benzyl Benzonate, Benzyl Alcohol, Citral, Tris(Tetramethylhydroxypiperidnol) Citrate, Farnesol, Isoeugenol, Amyl Cinnamal, CI 14700 (Red 4), CI 47005 (Yellow 10), CI 60730 (Ext. Violet 2).']",170.0,,,0,0,0,0,0,,Fragrance,Women,Perfume,4,210.0,60.0
P431440,Miss Dior Body Oil,1073,Dior,6021,3.6429,14.0,3.4 oz/ 100 ml,Size,3.4 oz/ 100 ml,,"['Aqua (Water), Isohexadecane, Methyl Trimethicone, Glycerin, Alcohol, Parfum (Fragrance), Phenoxyethanol, Peg-32, Sodium Chloride, Tocopheryl Acetate, Sodium Citrate, Limonene, Menthoxypropanediol, Benzophenone-4, Rosa Centifolia Flower Water, Rosa Canina Fruit Oil, Hydroxycitronellal, Citric Acid, Hexyl Cinnamal, Linalool, Benzyl Salicylate, Alpha-Isomethyl Ionone, Citronellol, Sodium Hydroxide, Sorbitan Sesquioleate, Xanthan Gum, Bht, Isoeugenol, Geraniol, Sodium Benzoate, Potassium Sorbate, Ci 17200 (Red 33), Tocopherol, Ci 19140 (Yellow 5), Ascorbyl Dipalmitate.']",70.0,,,0,0,0,1,0,,Bath & Body,Body Moisturizers,Body Lotions & Body Oils,0,,
P463033,Diorshow Stylo Waterproof Eyeliner,1073,Dior,5853,2.7742,31.0,0.007oz / 0.2g,Color,091 Matte Black,,"['Dimethicone, Dicalcium Phosphate, Trimethylsiloxysilicate, Synthetic Wax, Phenylpropyldimethylsiloxysilicate, Polyethylene, Mica, Polyhydroxystearic Acid, Caprylyl Trimethicone, Pentaerythrityl Tetra-Di-T-Butyl Hydroxyhydrocinnamate, Disteardimonium Hectorite, Propylene Carbonate, Synthetic Fluorphlogopite, Calcium Aluminum Borosilicate, Calcium Sodium Borosilicate, Silica, Tin Oxide, [+/- :Ci 19140 (Yellow 5, Yellow 5 Lake), Ci 42090 (Blue 1 Lake), Ci 77000  (Aluminum Powder), Ci 77007 (Ultramarines), Ci 77163 (Bismuth Oxychloride), Ci 77266 [Nano] (Black 2), Ci 77288 (Chromium Oxide Greens), Ci 77289 (Chromium Hydroxide Green), Ci 77491, Ci 77492, Ci 77499 (Iron Oxides), Ci 77510 (Ferric Ferrocyanide, Ferric Ammonium Ferrocyanide), Ci 77742 (Manganese Violet), Ci 77891 (Titanium Dioxide)].']",34.0,,,0,0,0,0,0,,Makeup,Eye,Eyeliner,5,34.0,34.0
P400061,Sauvage Deodorant Spray,1073,Dior,5838,4.5806,31.0,5 oz/ 150 mL,Size,5 oz/ 150 mL,,"['Alcohol, Aqua (Water), Parfum (Fragrance), Triethyl Citrate, Butylene Glycol, Ethylhexylglycerin, Limonene, Linalool, Bht, Citronellol, Coumarin, Citral, Geraniol, Tocopherol.']",40.0,,,0,0,0,0,0,,Bath & Body,Body Care,Deodorant & Antiperspirant,0,,
P423264,One Essential Skin Boosting Super Serum,1073,Dior,8855,4.3889,54.0,1 oz/ 30 mL,Size,1 oz/ 30 mL,,"['Aqua (Water), Butylene Glycol, Glycerin, Caprylic/Capric/Succinic Triglyceride, Alcohol, Polymethylsilsesquioxane, Maltitol, Peg-60 Hydrogenated Castor Oil, Phenoxyethanol, Peg-32, Peg-8, Decyloxazolidinone, Acrylates/C10-30 Alkyl Acrylate Crosspolymer, Peg-7 Glyceryl Cocoate, Tetrasodium Edta, Parfum (Fragrance), Malva Sylvestris (Mallow) Extract, Hibiscus Sabdariffa Flower Extract, Faex (Yeast Extract), Sodium Hydroxide, Lecithin, Squalane, Pyrus Cydonia Seed Extract, Alcaligenes Polysaccharides, Dimethylmethoxy Chromanol, Adenosine, Xanthan Gum, Sorbitol, Biosaccharide Gum-1, Sodium Metabisulfite, Sodium Tocopheryl Phosphate, Algin, Aframomum Angustifolium Seed Extract, Butylphenyl Methylpropional, Polyvinyl Alcohol, Limonene, Haberlea Rhodopensis Leaf Extract, Benzyl Alcohol, Citric Acid, Cellulose Gum, Ethylhexylglycerin, Alpha-Isomethyl Ionone, Geraniol, Lilium Candidum Bulb Extract, Phaeodactylum Tricornutum Extract, Dehydroacetic Acid, Bht, Tocopherol.']",110.0,,,0,0,0,0,0,"['Good for: Dullness/Uneven Texture', 'Best for Dry, Combo, Normal Skin', 'Without Sulfates SLS & SLES', 'Without Parabens', 'Without Phthalates']",Skincare,Treatments,Face Serums,2,175.0,140.0
P375354,Capture Totale Intensive Night Restorative Crème,1073,Dior,4799,4.4545,44.0,2.1 oz/ 60 mL,,,,"['Aqua (Water), Glycerin, Decyl Oleate, Hydrogenated Palm Kernel Glycerides, Dimethicone, Mangifera Indica (Mango) Seed Butter, Butylene Glycol, Cetyl Alcohol, Pentylene Glycol, Hydrogenated Coco-Glycerides, Hydrogenated Polyisobutene, Aluminum Starch Octenylsuccinate, Decyloxazolidinone, Diglycerin, Glyceryl Stearate, Myreth-3 Myristate, Peg-75 Stearate, Citrus Madurensis Fruit Extract, Alcohol, Polyglycerin-3, Phenoxyethanol, Dimethiconol, Stearyl Alcohol, Parfum (Fragrance), Hydrogenated Palm Glycerides, Acrylates/C10-30 Alkyl Acrylate Crosspolymer, Ceteth-20, Steareth-20, Disodium Edta, Tocopheryl Acetate, Xanthan Gum, Sodium Hydroxide, Secale Cereale (Rye) Seed Extract, Faex (Yeast Extract), Decyl Glucoside, Malva Sylvestris (Mallow) Extract, Dimethylmethoxy Chromanol, Adenosine, Sorbitol, Butylphenyl Methylpropional, Hydrolyzed Soy Protein, Sodium Metabisulfite, Sodium Tocopheryl Phosphate, Limonene, Algin, Caprylyl Glycol, Hexylene Glycol, Bht, Aframomum Angustifolium Seed Extract, Polyvinyl Alcohol, Geraniol, Hydrolyzed Rice Protein, Citronellol, Alpha-Isomethyl Ionone, Oenothera Biennis (Evening Primrose) Root Extract, Vitis Vinifera (Grape) Seed Extract, Cellulose Gum, Ethylhexylglycerin, Kluyveromyces Extract, Sodium Benzoate, Polygonum Bistorta Root Extract, Tocopherol, Citric Acid, Potassium Sorbate, Hydrogenated Palm Glycerides Citrate.']",175.0,,,0,0,0,0,0,"['Good for: Anti-Aging', 'Good for: Dark spots', 'Good for: Loss of firmness', 'Without Parabens']",Skincare,Moisturizers,Moisturizers,0,,
P397673,Dior Homme Cologne,1073,Dior,4616,4.359,39.0,2.5 oz/ 75 mL,Size + Concentration + Formulation,2.5 oz/ 75 mL Eau de Cologne Spray,,"['Alcohol, Aqua (Water), Parfum (Fragrance), Limonene, Ethylhexyl Methoxycinnamate, Linalool, Citral, Butyl Methoxydibenzoylmethane, Butylene Glycol Dicaprylate/Dicaprate, Geraniol, Bht, Citronellol, Isoeugenol, Styrene/Acrylates Copolymer, Benzyl Benzoate, Hexyl Cinnamal, Tocopherol, Sodium Lauryl Sulfate, Ci 60730 (Ext. Violet 2).']",105.0,,,0,0,0,0,0,,Fragrance,Men,Cologne,2,175.0,130.0
P500247,Diorshow OnSet Brow Gel,1073,Dior,4514,4.375,8.0,0.33 oz / 9.5 g,Color,05 Black,natural luminous black,"['Aqua (Water), Cera Alba (Beeswax), Oryza Sativa (Rice) Bran Wax, Triheptanoin, Silica, Synthetic Fluorphlogopite, Butylene Glycol, Alcohol, Acacia Senegal Gum, Palmitic Acid, Stearic Acid, Mica, Hydroxyethylcellulose, Aminomethyl Propanediol, Caprylyl Glycol, Panthenol, Pvp, Cellulose, Chlorphenesin, Tocopherol, Hydroxyacetophenone, Disodium Phosphate, Sodium Phosphate, Biotin, Polysorbate 60 [+/- Ci 77491, Ci 77499 (Iron Oxides), Ci 77891 (Titanium Dioxide)].']",31.0,,,0,0,0,0,0,"['Volumizing', 'Long-wearing', 'Waterproof', 'Without Parabens']",Makeup,Eye,Eyebrow,2,31.0,31.0
P416728,Dreamskin Skin Perfector Refill,1073,Dior,9535,4.5714,35.0,1.6 oz/ 50 mL,,,,"['Aqua (Water), Dimethicone, Cyclopentasiloxane, Glycerin, Butyrospermum Parkii (Shea) Butter, Niacinamide, Polysilicone-11, Peg-9 Polydimethylsiloxyethyl Dimethicone, Alcohol, Methyl Methacrylate Crosspolymer, Butylene Glycol, Ci 77891 (Titanium Dioxide), Parfum (Fragrance), Mica, Disteardimonium Hectorite, Phenoxyethanol, Boron Nitride, Decyloxazolidinone, Magnesium Sulfate, Sorbitan Sesquioleate, Xylitol, Propylene Carbonate, Citric Acid, Menthoxypropanediol, Ascorbyl Glucoside, Sodium Benzoate, Synthetic Fluorphlogopite, Triethoxycaprylylsilane, Sodium Hydroxide, Adenosine, Saponins, Potassium Sorbate, Limonene, Malva Sylvestris (Mallow) Extract, Aluminum Hydroxide, Ci 77491 (Iron Oxides), Tocopherol, Geraniol, Saccharide Isomerate, Palmaria Palmata Extract, Alpha-Isomethyl Ionone, Citronellol, Ci 77492 (Iron Oxides), Citral, Aframomum Angustifolium Seed Extract, Jasminum Officinale (Jasmine) Flower Extract.']",102.0,,,0,0,1,0,0,"['Refill Available', 'Good for: Dullness/Uneven Texture', 'Good for: Pores', 'Good for: Dark spots', 'Without Sulfates SLS & SLES', 'Niacinamide']",Skincare,Treatments,Face Serums,0,,
P471543,J'adore eau de parfum infinissime Roller-Pearl,1073,Dior,4295,4.375,8.0,0.67 oz/ 20 mL,Size + Concentration + Formulation,0.67 oz/ 20 mL Eau de Parfum roller-pearl,,"['Alcohol, Parfum (Fragrance), Aqua (Water), Benzyl Salcylate, Hexyl Cinnamal, Butyl Methoxydibenzoylmethane, Linalool, Limonene, Hydroxycitronellal, Citronellol, Alpha-Isomethyl Ionone, Geraniol, Eugenol, Benzyl Benzonate, Benzyl Alcohol, Citral, Tris (Tetramethylhydroxypiperidnol) Citrate, Farnesol, Isoeugenol, Amyl Cinnamal, CI 14700 (Red 4), CI 47005 (Yellow 10), CI 60730 (Ext. Violet 2).']",60.0,,,0,0,0,0,0,,Fragrance,Women,Rollerballs & Travel Size,0,,
P481078,Sauvage Shower Wash,1073,Dior,4281,4.5,4.0,8.5 oz/ 250 mL,Size,8.5 oz/ 250 mL,,"['Aqua (Water), Butylene Glycol, Coco-Betaine, Cocamidopropyl Betaine, Parfum (Fragrance), Ppg-26-Buteth-26, Glycerin, PEG-120 Methyl Glucose Dioleate, PEG-40 Hydrogenated Castor Oil, Disodium Cocoyl Glutamate, Opuntia Coccinellifera Flower Extract, Sodium Methyl Cocoyl Taurate, Sodium Cocoyl Isethionate, Sodium Chloride, Sodium Stearoyl Glutamate, Sodium Cocoyl Glutamate, Citric Acid, Sodium Benzoate, Coconut Acid, Sodium Citrate, Triethyl Citrate, 1,2-Hexanediol, Pentaerythrityl Tetra-Di-T-Butyl Hydroxyhydrocinnamate, Caprylyl Glycol.']",50.0,,,0,0,0,0,0,,Bath & Body,Bath & Shower,Body Wash & Shower Gel,0,,
P417604,Hydra Life Deep Hydration Sorbet Water Essence,1073,Dior,5499,4.3438,32.0,1.3 oz/ 40 mL,Size,1.3 oz/ 40 mL,,"['Aqua (Water), Butylene Glycol, Glycerin, Caprylic/capric/succinic Triglyceride, Alcohol, Polymethylsilsesquioxane, Isohexadecane, Maltitol, Peg-60 Hydrogenated Castor Oil, Phenoxyethanol, Peg-32, Peg-8, Decyloxazolidinone, Acrylates/c10-30 Alkyl Acrylate Crosspolymer, Menthoxypropanediol, Peg-7 Glyceryl Cocoate, Tocopheryl Acetate, Parfum (Fragrance), Tetrasodium Edta, Vaccinium Myrtillus Fruit Extract, Lecithin, Sodium Hydroxide, Malva Sylvestris (Mallow) Extract, Saccharum Officinarum (Sugar Cane) Extract, Alcaligenes Polysaccharides, Sodium Hyaluronate, Xanthan Gum, Sorbitol, Biosaccharide Gum-1, Citrus Aurantium Dulcis (Orange) Fruit Extract, Citrus Medica Limonum (Lemon) Fruit Extract, Algin, Sodium Metabisulfite, Acer Saccharum (Sugar Maple) Extract, Polyvinyl Alcohol, Haberlea Rhodopensis Leaf Extract, Benzyl Alcohol, Cellulose Gum, Paeonia Suffruticosa Root Extract, Dehydroacetic Acid, Bht, Ci 42090 (Blue 1), Tocopherol.']",80.0,,,0,0,0,0,0,,Skincare,Treatments,Face Serums,0,,
P429676,Hydra Life Cooling Hydration Sorbet Eye Gel,1073,Dior,6630,3.3226,31.0,0.5 oz/ 15 mL,Size,0.5 oz/ 15 mL,,"['Aqua (Water), Glycerin, Centaurea Cyanus Flower Water, Butylene Glycol, Propanediol, Diglycerin, Polyglycerin-3, Boron Nitride, Alcohol, Albizia Julibrissin Bark Extract, Phenoxyethanol, Synthetic Fluorphlogopite, Carbomer, Acrylates/c10-30 Alkyl Acrylate Crosspolymer, Ci 77891 (Titanium Dioxide), Dipotassium Glycyrrhizate, Menthoxypropanediol, Sodium Hydroxide, Silica, Crambe Abyssinica Seed Oil, Parfum (Fragrance), Malva Sylvestris (Mallow) Extract, Tin Oxide, Haberlea Rhodopensis Leaf Extract, Benzyl Alcohol, Sodium Benzoate, Siegesbeckia Orientalis Extract, Paeonia Suffruticosa Root Extract, Dehydroacetic Acid, Bht, Ci 42090 (Blue 1), Tocopherol.']",60.0,,,0,0,0,0,0,,Skincare,Eye Care,Eye Creams & Treatments,0,,
P480600,Rouge Dior Lip Balm,1073,Dior,15332,3.4,30.0,0.12 oz/ 3.5 mL,Color,772 Classic,,,45.0,,,0,0,1,0,0,"['Light Coverage', 'Hydrating']",Skincare,Lip Balms & Treatments,,9,45.0,45.0
P440923,Capture Youth Age-Delay Advanced Eye Treatment,1073,Dior,4285,3.4667,30.0,0.5 oz/ 15 mL,Size,0.5 oz/ 15 mL,,"['Aqua (Water), Glycerin, Butylene Glycol, Pentylene Glycol, Squalane, C10-18 Triglycerides, Cellulose, Steareth-21, Cetyl Alcohol, Stearyl Alcohol, Albizia Julibrissin Bark Extract, Caprylic/capric Triglyceride, Caesalpinia Spinosa Fruit Extract, Steareth-2, Phenoxyethanol, Dimethicone, Ci 77891 (Titanium Dioxide), Caprylyl Glycol, Synthetic Fluorphlogopite, Tromethamine, Silica, Acrylates/c10-30 Alkyl Acrylate Crosspolymer, Tocopheryl Acetate, Xanthan Gum, Kappaphycus Alvarezii Extract, Alumina, Hydrogenated Vegetable Oil, Parfum (Fragrance), Sodium Hyaluronate, Malva Sylvestris (Mallow) Extract, Adenosine, Crithmum Maritimum Extract, Sodium Tocopheryl Phosphate, Tin Oxide, Sodium Benzoate, Iris Florentina Root Extract, Siegesbeckia Orientalis Extract, Bht, Tocopherol.']",75.0,,,0,0,0,0,0,,Skincare,Eye Care,Eye Creams & Treatments,0,,
P500408,Dior Addict Shine Lipstick Refill,1073,Dior,4105,5.0,2.0,0.11 oz / 3.2 g,Color,525 Cherie,pink rosewood,"['Dimethicone, Bis-Diglyceryl Polyacyladipate-2, Ci 15985 / Yellow 6 Lake, Phenyl Trimethicone, Tridecyl Trimellitate, Hydrogenated Polyisobutene, Hydrogenated Jojoba Oil, Dimethicone Crosspolymer, Isostearyl Isostearate, Mica, Kaolin, Paraffin, Nylon-12, Isohexadecane, Vinyl Dimethicone/Methicone Silsesquioxane Crosspolymer, Cera Microcristallina / Microcrystalline Wax, Ci 77891 / Titanium Dioxide, Polyethylene, Synthetic Wax, Ci 15850 / Red 7, Triethoxysilylethyl Polydimethylsiloxyethyl Dimethicone, Isopropyl Titanium Triisostearate, Ci 77499 / Iron Oxides, Pentaerythrityl Tetra-Di-T-Butyl Hydroxyhydrocinnamate, Alumina, Benzyl Alcohol, Limonene, Benzyl Benzoate, Anise Alcohol, Tocopherol, Parfum / Fragrance.']",35.0,,,0,0,1,0,0,"['High Shine Finish', 'Shimmer Finish', 'Hydrating', 'Full Coverage']",Makeup,Lip,Lipstick,4,35.0,35.0
P504694,Dior Forever Velvet Veil Matte Primer,1073,Dior,3938,3.6,5.0,1 / 30,Size,1 / 30,,"['Aqua (Water), Alcohol, Glycerin, Squalane, Betaine, Butylene Glycol, Limnanthes Alba (Meadowfoam) Seed Oil, Polyglycerin-3, Lauroyl Lysine, Hibiscus Sabdariffa Flower Extract, Iris Florentina Root Extract, Synthetic Fluorphlogopite, Hydroxyethyl Acrylate/Sodium Acryloyldimethyl Taurate Copolymer, Polyglycerin-6, Caprylyl Glycol, Hydrogenated Lecithin, Pentylene Glycol, Chlorphenesin, Sodium Citrate, Sodium Hyaluronate, Parfum (Fragrance), Alcaligenes Polysaccharides, Polysorbate 60, Sorbitan Isostearate, Sodium Surfactin, Tin Oxide, Hydrolyzed Viola Tricolor Extract, Citric Acid, 1,2-Hexanediol, Sodium Benzoate, Potassium Sorbate, Tocopherol, [+/- Ci 77891 (Titanium Dioxide)].']",50.0,,,0,0,1,0,0,"['Radiant Finish', 'Good for: Dullness/Uneven Texture', 'Liquid Formula', 'Hydrating', 'Without Parabens', 'Without Triclosan']",Makeup,Face,Face Primer,0,,
P408542,One Essential Eye Serum,1073,Dior,5908,4.3333,27.0,0.5 oz/ 15 mL,Size,0.5 oz/ 15 mL,,"['Aqua (Water), Butylene Glycol, Glycerin, Cetearyl Isononanoate, Ethylene/Acrylic Acid Copolymer, Methyl Methacrylate Crosspolymer, Polyacrylate-13, Phenoxyethanol, Polyisobutene, Acrylates/C10-30 Alkyl Acrylate Crosspolymer, Caprylyl Glycol, Sorbitol, Alcohol, Hibiscus Sabdariffa Flower Extract, Sodium Hydroxide, Xanthan Gum, Algin, Parfum (Fragrance), Steareth-20, Malva Sylvestris (Mallow) Extract, Sorbitan Isostearate, Disodium Edta, Ruscus Aculeatus Root Extract, Polysorbate 20, Polyvinyl Alcohol, Biosaccharide Gum-2, Cellulose Gum, Dimethylmethoxy Chromanol, Sodium Metabisulfite, Haberlea Rhodopensis Leaf Extract, Butylphenyl Methylpropional, Benzyl Alcohol, Citric Acid, Limonene, N-Hydroxysuccinimide, Potassium Sorbate, Acetyl Tetrapeptide-5, Aframomum Angustifolium Seed Extract, Alpha-Isomethyl Ionone, Geraniol, Phaeodactylum Tricornutum Extract, Sodium Citrate, Dehydroacetic Acid, Chrysin, Palmitoyl Tetrapeptide-7, Bht, Tocopherol.']",72.0,,,0,0,0,0,0,,Skincare,Eye Care,Eye Creams & Treatments,0,,
P467761,Rouge Dior Lipstick Refill,1073,Dior,3653,5.0,3.0,0.12 oz/ 3.5 mL,Color,080 Red Smile Satin Refill,intense warm red,"['Polyglyceryl-2 Triisostearate, Hydrogenated Polyisobutene, Octyldodecanol, Synthetic Wax, Trimethylolpropane Triisostearate, C10-30 Cholesterol/Lanosterol Esters, Hydrogenated Microcrystalline Wax, Polybutene, Cera Alba (Beeswax), Calcium Carbonate, Polyethylene, Ethylhexyl Palmitate, Butyrospermum Parkii (Shea) Butter, Calcium Aluminum Borosilicate, Disteardimonium Hectorite, Prunus Amygdalus Dulcis (Sweet Almond) Oil, Butyrospermum Parkii (Shea) Butter Unsaponifiables, Parfum (Fragrance), Paeonia Officinalis Flower Extract, Simmondsia Chinensis (Jojoba) Seed Oil, Propylene Carbonate, Punica Granatum Flower Extract, Polyglyceryl-3 Diisostearate, Trihydroxystearin, Propyl Gallate, Tocopherol, Sodium Hyaluronate, Glucomannan, [+/- :Ci 12085 (Red 36, Red 36 Lake), Ci 15850 (Red 6, Red 7, Red 7 Lake), Ci 15985 (Yellow 6, Yellow 6 Lake), Ci 17200 (Red 33), Ci 19140 (Yellow 5, Yellow 5 Lake), Ci 42090 (Blue 1, Blue 1 Lake), Ci 45380 (Red 21, Red 21 Lake, Red 22, Red 22 Lake), Ci 45410 (Red 27, Red 27 Lake, Red 28, Red 28 Lake), Ci 73360 (Red 30, Red 30 Lake), Ci 77163 (Bismuth Oxychloride), Ci 77491, Ci 77492, Ci 77499 (Iron Oxides), Ci 77742 (Manganese Violet), Ci 77891 (Titanium Dioxide), ].']",35.0,,,0,0,1,0,0,"['Hydrating', 'Long-wearing', 'Full Coverage']",Makeup,Lip,Lipstick,6,35.0,35.0
P429430,Diorshow Pump'N'Volume Waterproof Mascara,1073,Dior,3580,2.9111,90.0,0.18 oz/ 5.2 g,Color,090 Black Pump,,"['Isododecane, Copernicia Cerifera (Carnauba) Wax, Cera Alba (Beeswax), Synthetic Beeswax, Paraffin, Polybutene, Talc, Disteardimonium Hectorite, Water, Vp/Eicosene Copolymer, Propylene Carbonate, Alcohol, Polymethylsilsesquioxane, Hdi/Trimethylol Hexyllactone Crosspolymer, Phenoxyethanol, Silica, Bht. May Contain (+/-): Yellow 5/Yellow 5 Lake (Ci 19140), Blue 1 Lake (Ci 42090), Ultramarines (Ci 77007), Bismuth Oxychloride (Ci 77163), Chromium Oxide Greens (Ci 77288), Chromium Hydroxide Green (Ci 77289), Iron Oxides (Ci 77491, Ci 77492, Ci 77499), Ferric Ferrocyanide/Ferric Ammonium Ferrocyanide (Ci 77510), Manganese Violet (Ci 77742), Titanium Dioxide (Ci 77891).']",29.5,,,0,0,0,0,0,,Makeup,Eye,Mascara,0,,
P504692,Diorshow 10 Couleurs Eye Makeup Palette – Mitzah Limited Edition,1073,Dior,3432,5.0,8.0,,,,,"['#17627:', 'Talc, Synthetic Fluorphlogopite, Octyldodecyl Stearoyl Stearate, Zinc Stearate, Nylon-12, Rosa Canina Fruit Oil, Silica, Triethoxycaprylylsilane, Caprylyl Glycol, Pentylene Glycol, Sodium Dehydroacetate, Tin Oxide, Aqua (Water), Centaurea Cyanus Flower Water, Pinus Pentaphylla Seed Oil, Diphenyl Dimethicone/Vinyl Diphenyl Dimethicone/Silsesquioxane Crosspolymer, Carthamus Tinctorius (Safflower) Seed Oil, Stearic Acid, Sericin, Aloe Barbadensis Leaf Juice, Potassium Sorbate, Citric Acid, Sodium Benzoate, [+/- Ci 77891 (Titanium Dioxide), Ci 77000 (Aluminum Powder), Ci 77491, Ci 77492, Ci 77499 (Iron Oxides)].', '#17676:', 'Talc, Mica, Nylon-12, Zinc Stearate, Silica, Synthetic Fluorphlogopite, Isostearyl Neopentanoate, Octyldodecyl Stearoyl Stearate, Pentylene Glycol, Rosa Canina Fruit Oil, Bis-Behenyl/Isostearyl/Phytosteryl Dimer Dilinoleyl Dimer Dilinoleate, Lauroyl Lysine, Maltodextrin, Triethoxycaprylylsilane, Caprylyl Glycol, Sorbic Acid, Centaurea Cyanus Flower Water, Pinus Pentaphylla Seed Oil, Diphenyl Dimethicone/Vinyl Diphenyl Dimethicone/Silsesquioxane Crosspolymer, Carthamus Tinctorius (Safflower) Seed Oil, Stearic Acid, Aqua (Water), Linum Usitatissimum (Linseed) Seed Oil, Aloe Barbadensis Leaf Juice, Tocopherol, Sodium Benzoate, Potassium Sorbate, [+/- Ci 75470 (Carmine), Ci 77491, Ci 77492, Ci 77499 (Iron Oxides), Ci 77891 (Titanium Dioxide)].', '#17681:', 'Synthetic Fluorphlogopite, Talc, Octyldodecyl Stearoyl Stearate, Nylon-12, Zinc Stearate, Kaolin, Rosa Canina Fruit Oil, Tin Oxide, Caprylyl Glycol, Pentylene Glycol, Sodium Dehydroacetate, Triethoxycaprylylsilane, Aqua (Water), Centaurea Cyanus Flower Water, Pinus Pentaphylla Seed Oil, Diphenyl Dimethicone/Vinyl Diphenyl Dimethicone/Silsesquioxane Crosspolymer, Carthamus Tinctorius (Safflower) Seed Oil, Stearic Acid, Sericin, Aloe Barbadensis Leaf Juice, Potassium Sorbate, Citric Acid, Sodium Benzoate, [+/- Ci 77891 (Titanium Dioxide), Ci 77007 (Ultramarines), Ci 77491, Ci 77492 (Iron Oxides), Ci 75470 (Carmine)].', '#17541:', 'Talc, Mica, Silica, Zinc Stearate, Nylon-12, Isostearyl Neopentanoate, Octyldodecyl Stearoyl Stearate, Pentylene Glycol, Rosa Canina Fruit Oil, Bis-Behenyl/Isostearyl/Phytosteryl Dimer Dilinoleyl Dimer Dilinoleate, Lauroyl Lysine, Triethoxycaprylylsilane, Sodium Dehydroacetate, Caprylyl Glycol, Dimethicone, Centaurea Cyanus Flower Water, Diphenyl Dimethicone/Vinyl Diphenyl Dimethicone/Silsesquioxane Crosspolymer, Pinus Pentaphylla Seed Oil, Carthamus Tinctorius (Safflower) Seed Oil, Linum Usitatissimum (Linseed) Seed Oil, Aloe Barbadensis Leaf Juice, Tocopherol, Sodium Benzoate, Potassium Sorbate, [+/- Ci 77491, Ci 77492, Ci 77499 (Iron Oxides)].', '#17673:', 'Talc, Synthetic Fluorphlogopite, Mica, Octyldodecyl Stearoyl Stearate, Nylon-12, Zinc Stearate, Diphenyl Dimethicone/Vinyl Diphenyl Dimethicone/Silsesquioxane Crosspolymer, Rosa Canina Fruit Oil, Caprylyl Glycol, Pentylene Glycol, Triethoxycaprylylsilane, Sodium Dehydroacetate, Maltodextrin, Lauroyl Lysine, Aqua (Water), Centaurea Cyanus Flower Water, Pinus Pentaphylla Seed Oil, Carthamus Tinctorius (Safflower) Seed Oil, Tin Oxide, Stearic Acid, Sericin, Aloe Barbadensis Leaf Juice, Potassium Sorbate, Citric Acid, Sodium Benzoate, [+/- Ci 77891 (Titanium Dioxide), Ci 75470 (Carmine), Ci 77491, Ci 77492, Ci 77499 (Iron Oxides)].', '#17628:', 'Synthetic Fluorphlogopite, Talc, Octyldodecyl Stearoyl Stearate, Nylon-12, Zinc Stearate, Rosa Canina Fruit Oil, Triethoxycaprylylsilane, Caprylyl Glycol, Pentylene Glycol, Sodium Dehydroacetate, Tin Oxide, Aqua (Water), Centaurea Cyanus Flower Water, Pinus Pentaphylla Seed Oil, Diphenyl Dimethicone/Vinyl Diphenyl Dimethicone/Silsesquioxane Crosspolymer, Carthamus Tinctorius (Safflower) Seed Oil, Stearic Acid, Sericin, Aloe Barbadensis Leaf Juice, Potassium Sorbate, Citric Acid, Sodium Benzoate, [+/- Ci 77891 (Titanium Dioxide), Ci 77491, Ci 77492, Ci 77499 (Iron Oxides)].', '#17675:', 'Talc, Synthetic Fluorphlogopite, Octyldodecyl Stearoyl Stearate, Zinc Stearate, Mica, Nylon-12, Diphenyl Dimethicone/Vinyl Diphenyl Dimethicone/Silsesquioxane Crosspolymer, Rosa Canina Fruit Oil, Triethoxycaprylylsilane, Caprylyl Glycol, Pentylene Glycol, Sodium Dehydroacetate, Tin Oxide, Aqua (Water), Centaurea Cyanus Flower Water, Lauroyl Lysine, Pinus Pentaphylla Seed Oil, Carthamus Tinctorius (Safflower) Seed Oil, Stearic Acid, Sericin, Aloe Barbadensis Leaf Juice, Potassium Sorbate, Citric Acid, Sodium Benzoate, [+/- Ci 77891 (Titanium Dioxide), Ci 77491, Ci 77492, Ci 77499 (Iron Oxides)].', '#17629:', 'Synthetic Fluorphlogopite, Talc, Octyldodecyl Stearoyl Stearate, Nylon-12, Zinc Stearate, Diphenyl Dimethicone/Vinyl Diphenyl Dimethicone/Silsesquioxane Crosspolymer, Rosa Canina Fruit Oil, Caprylyl Glycol, Pentylene Glycol, Sodium Dehydroacetate, Triethoxycaprylylsilane, Maltodextrin, Tin Oxide, Centaurea Cyanus Flower Water, Aqua (Water), Pinus Pentaphylla Seed Oil, Carthamus Tinctorius (Safflower) Seed Oil, Stearic Acid, Sericin, Aloe Barbadensis Leaf Juice, Potassium Sorbate, Citric Acid, Sodium Benzoate, [+/- Ci 77891 (Titanium Dioxide), Ci 75470 (Carmine), Ci 19140 (Yellow 5 Lake), Ci 77491, Ci 77492, Ci 77499 (Iron Oxides)].', '#17515:', 'Talc, Mica, Nylon-12, Zinc Stearate, Silica, Isostearyl Neopentanoate, Octyldodecyl Stearoyl Stearate, Synthetic Fluorphlogopite, Pentylene Glycol, Rosa Canina Fruit Oil, Bis-Behenyl/Isostearyl/Phytosteryl Dimer Dilinoleyl Dimer Dilinoleate, Maltodextrin, Triethoxycaprylylsilane, Lauroyl Lysine, Caprylyl Glycol, Sorbic Acid, Centaurea Cyanus Flower Water, Pinus Pentaphylla Seed Oil, Diphenyl Dimethicone/Vinyl Diphenyl Dimethicone/Silsesquioxane Crosspolymer, Carthamus Tinctorius (Safflower) Seed Oil, Linum Usitatissimum (Linseed) Seed Oil, Aloe Barbadensis Leaf Juice, Tocopherol, Sodium Benzoate, Potassium Sorbate, [+/- Ci 75470 (Carmine), Ci 77491, Ci 77499 (Iron Oxides)].', '#17650:', 'Talc, Mica, Silica, Zinc Stearate, Nylon-12, Isostearyl Neopentanoate, Octyldodecyl Stearoyl Stearate, Caprylyl Glycol, Pentylene Glycol, Rosa Canina Fruit Oil, Bis-Behenyl/Isostearyl/Phytosteryl Dimer Dilinoleyl Dimer Dilinoleate, Triethoxycaprylylsilane, Lauroyl Lysine, Sodium Dehydroacetate, Maltodextrin, Centaurea Cyanus Flower Water, Pinus Pentaphylla Seed Oil, Diphenyl Dimethicone/Vinyl Diphenyl Dimethicone/Silsesquioxane Crosspolymer, Carthamus Tinctorius (Safflower) Seed Oil, Stearic Acid, Aqua (Water), Linum Usitatissimum (Linseed) Seed Oil, Aloe Barbadensis Leaf Juice, Tocopherol, Sodium Benzoate, Potassium Sorbate, [+/- Ci 77491, Ci 77499 (Iron Oxides), Ci 75470 (Carmine), Ci 77891 (Titanium Dioxide)].']",130.0,,,1,0,1,0,0,"['Satin Finish', 'Long-wearing', 'Matte Finish']",Makeup,Eye,Eye Palettes,0,,
P503196,Sauvage Eau de Toilette Gift Set,1073,Dior,3345,,,,,,,"['Sauvage Eau de Toilette:', 'Alcohol, Parfum (Fragrance), Aqua (Water), Limonene, Linalool, Ethylhexyl Methoxycinnamate, Citronellol, Butyl Methoxydibenzoylmethane, Ethylhexyl Salicylate, Coumarin, Diethylamino Hydroxybenzoyl Hexyl Benzoate, Bht, Citral, Geraniol, Ci 60730 (Ext.Violet 2), Ci 14700 (Red 4), Ci 19140 (Yellow 5), Ci 42090 (Blue 1), Tocopherol.', 'Sauvage Deoderant Stick:', 'Propylene Glycol, Aqua (Water), Sodium Stearate, Nylon-12, Parfum (Fragrance), Laureth-23, Ethylhexylglycerin, Linalool, Coumarin, Sodium Hydroxide, Citronellol, Citral, Bht, Limonene, Geraniol, Tocopherol.', 'Sauvage After Shave Balm:', 'Aqua (Water), Aluminum Starch Octenylsuccinate, Caprylic/Capric Triglyceride, Cetearyl Isononanoate, Butylene Glycol, Glycerin, Parfum (Fragrance), Ethylhexyl Palmitate, Steareth-21, Cetyl Alcohol, Stearyl Alcohol, Phenoxyethanol, Steareth-2, Caprylyl Glycol, Dimethicone, Limonene, Tetrasodium Edta, Xanthan Gum, Carbomer, Linalool, Coumarin, Sodium Hydroxide, Bht, Citronellol, Citral, Geraniol, Tocopherol.']",149.0,,,1,0,0,1,0,,Fragrance,Value & Gift Sets,Cologne Gift Sets,0,,
P4489,Eau Sauvage,1073,Dior,3250,4.7403,77.0,3.4 oz/ 100 mL,Size + Concentration + Formulation,3.4 oz/ 100 mL Eau de Toilette Spray,,"['Alcohol  , Aqua (Water)  , Parfum (Fragrance)  , Limonene, Linalool, Ethylhexyl Methoxycinnamate  , Citral, Butyl Methoxydibenzoylmethane  , Butylene Glycol Dicaprylate/Dicaprate  , Hexyl Cinnamal, Eugenol, Coumarin, Alpha-Isomethyl Ionone, Cinnamyl Alcohol, Bht  , Geraniol, Hydroxycitronellal, Citronellol, Ci 19140 (Yellow 5)  , Ci 42090 (Blue 1)  , Tocopherol  , Ci 14700 (Red 4).']",120.0,,,0,0,0,0,0,,Fragrance,Men,Cologne,1,95.0,95.0
P454807,Capture Totale Firming & Wrinkle-Correcting Eye Cream,1073,Dior,6539,4.3889,18.0,0.5 oz/ 15 mL,Size,0.5 oz/ 15 mL,,"['Aqua (Water), Glycerin, Butylene Glycol, Niacinamide, Ethylhexyl Stearate, Propylene Glycol Dicaprylate/Dicaprate, Polymethyl Methacrylate, Coco-Caprylate/Caprate, Bis-Behenyl/Isostearyl/Phytosteryl Dimer Dilinoleyl Dimer Dilinoleate, Pentylene Glycol, Soybean Glycerides, Cetyl Alcohol, Stearyl Alcohol, Beta-Sitosterol, Steareth-21, Aframomum Angustifolium Seed Extract, Paeonia Lactiflora Root Extract, Lilium Candidum Bulb Extract, Jasminum Officinale (Jasmine) Flower Extract, Sodium Surfactin, Albizia Julibrissin Bark Extract, Siegesbeckia Orientalis Extract, Biosaccharide Gum-2, Hydrolyzed Soy Protein, Ascorbyl Glucoside, Sodium Tocopheryl Phosphate, Adenosine, Xylitol, Trehalose, Palmaria Palmata Extract, Sodium Hyaluronate, Butyrospermum Parkii (Shea) Butter Unsaponifiables, Mangifera Indica (Mango) Seed Butter, Polyethylene, Steareth-2, Sorbitol, Acrylates/C10-30 Alkyl Acrylate Crosspolymer, Caprylyl Glycol, Parfum (Fragrance), Chlorphenesin, Silica, Dimethicone, Polyacrylamide, Tocopheryl Acetate, Algin, Synthetic Fluorphlogopite, C13-14 Isoparaffin, Ci 77891 (Titanium Dioxide), Xanthan Gum, Polyvinyl Alcohol, Sodium Hydroxide, Cellulose Gum, Laureth-7, Tin Oxide, Citric Acid, Sodium Benzoate, Potassium Sorbate, Ascorbyl Palmitate, Tocopherol.']",80.0,,,0,0,0,0,0,"['Good for: Anti-Aging', 'Good for: Dark Circles', 'Good for: Loss of firmness', 'Without Sulfates SLS & SLES', 'Without Parabens']",Skincare,Eye Care,Eye Creams & Treatments,0,,
P469465,Rouge Dior Lip Balm Refill,1073,Dior,2588,,,0.12 oz/ 3.5 mL,Color,100 Diornatural,universal sheer,"['Polyglyceryl-2 Triisostearate, Squalane, Helianthus Annuus (Sunflower) Seed Wax, Octyldodecanol, Hydrogenated Castor Oil Dimer Dilinoleate, Bis Behenyl/Isostearyl/Phytosteryl Dimer Dilinoleyl Dimer Dilinoleate, Jojoba Esters, Cera Alba (Beeswax), Ethylhexyl Palmitate, Oryza Sativa (Rice) Bran Wax, Butyrospermum Parkii (Shea) Butter, Prunus Amygdalus Dulcis (Sweet Almond) Oil, Simmondsia Chinensis (Jojoba) Seed Oil, Butyrospermum Parkii (Shea) Butter Unsaponifiables, Parfum (Fragrance), Punica Granatum Flower Extract, Polyglyceryl-3 Diisostearate, Tocopherol, Ascorbyl Palmitate, Calcium Carbonate, Pentaerythrityl Tetra-Di-T-Butyl Hydroxyhydrocinnamate, Trihydroxystearin, Ammonium Glycyrrhizate, Paeonia Officinalis Flower Extract, Sodium Hyaluronate, Glucomannan.']",35.0,,,0,0,1,0,0,"['Long-wearing', 'Hydrating']",Makeup,Lip,Lip Balm & Treatment,0,,
P427731,Capture Youth Glow Booster Age-Delay Illuminating Serum,1073,Dior,0,4.6667,15.0,1 oz/ 30 mL,Type,Glow Booster Age-Delay Illuminating Serum,,"['Aqua (Water), Dipropylene Glycol, Glycerin, Glycolic Acid, 3-O-Ethyl Ascorbic Acid, Ppg-26-Buteth-26, Tromethamine, Phenoxyethanol, Parfum (Fragrance), Peg-40 Hydrogenated Castor Oil, Sodium Citrate, Tetrasodium Edta, Terminalia Ferdinandiana Fruit Extract, Xanthan Gum, Adenosine, Sodium Tocopheryl Phosphate, Sodium Metabisulfite, Ci 15985 (Yellow 6), Iris Florentina Root Extract, Bht, Tocopherol.']",110.0,,,0,0,0,0,0,"['Good for: Dullness/Uneven Texture', 'Good for: Dark spots', 'Vitamin C', 'AHA/Glycolic Acid', 'Without Sulfates SLS & SLES', 'Without Parabens']",Skincare,Treatments,Face Serums,0,,
P429675,Hydra Life Balancing Hydration 2 in 1 Sorbet Water,1073,Dior,2966,3.7692,13.0,5.9 oz/ 175 mL,Size,5.9 oz/ 175 mL,,"['Aqua (Water), Glycerin, Butylene Glycol, Alcohol, Pentylene Glycol, Betaine, Magnesium Sulfate, Phenoxyethanol, Alpha-glucan Oligosaccharide, Peg-60 Hydrogenated Castor Oil, Jasminum Officinale (Jasmine) Flower Water, Cellulose, Hectorite, Parfum (Fragrance), Sodium Citrate, Hydroxylated Lecithin, Jasminum Officinale (Jasmine) Flower Extract, Citric Acid, Haberlea Rhodopensis Leaf Extract, Malva Sylvestris (Mallow) Extract, Benzyl Alcohol, Paeonia Suffruticosa Root Extract, Dehydroacetic Acid, Bht, Ci 42090 (Blue 1), Ci 60730 (Ext. Violet 2), Tocopherol.']",45.0,,,0,0,0,0,0,,Skincare,Moisturizers,Mists & Essences,0,,
P427732,Capture Youth Plump Filler Age-Delay Plumping Serum,1073,Dior,0,4.0,13.0,1 oz/ 30 mL,Type,Plump Filler Age-Delay Plumping Serum,,"['Aqua (Water), Glycerin, Dimethicone, Phenoxyethanol, Sodium Hyaluronate, Butylene Glycol, Dimethicone/Vinyl Dimethicone Crosspolymer, Acrylates/C10-30 Alkyl Acrylate Crosspolymer, Caprylyl Glycol, Hyaluronic Acid, Parfum (Fragrance), Peg-60 Hydrogenated Castor Oil, Alpinia Galanga Leaf Extract, Xanthan Gum, Sodium Hydroxide, Disodium Edta, Adenosine, Sodium Dilauramidoglutamide Lysine, Sodium Tocopheryl Phosphate, Caprylic/Capric Triglyceride, Iris Florentina Root Extract, Bht, Tocopherol.']",110.0,,,0,0,0,0,0,"['Good for: Loss of firmness', 'Good for: Anti-Aging', 'Hyaluronic Acid', 'Without Sulfates SLS & SLES', 'Without Parabens', 'Without Phthalates']",Skincare,Treatments,Face Serums,0,,
P420536,Sauvage Very Cool Spray,1073,Dior,2153,5.0,6.0,3.4 oz/ 100 mL,Size + Concentration + Formulation,3.4 oz/ 100 mL Eau de Toilette Body Spray,,"['Alcohol, Aqua (Water), Parfum (Fragrance), Limonene, Linalool, Coumarin, Citral, Citronellol, Bht, Geraniol, Tocopherol.']",82.0,,,0,0,0,1,0,,Fragrance,Women,Body Mist & Hair Mist,0,,
P476432,Capture Totale Super Potent Cleanser,1073,Dior,2344,4.4545,11.0,5 oz/ 150 mL,,,,"['Aqua (Water), Stearic Acid, Sodium Methyl Cocoyl Taurate, Glycerin, PEG-8, Lauric Acid, Maltooligosyl Glucoside, Myristic Acid, Palmitic Acid, Sodium Hydroxide, Hydrogenated Starch Hydrolysate, Glyceryl Stearate, PEG-100 Stearate, Parfum (Fragrance), Pentaerythrityl Tetrabehenate, Aframomum Angustifolium Seed Extract, Paeonia Lactiflora Root Extract, Jasminum Officinale (Jasmine) Flower Extract, Lilium Candidum Bulb Extract, Ascorbyl Glucoside, Niacinamide, Palmaria Palmata Extract, Hydrolyzed Soy Protein, Coco-Betaine, Potassium Hydroxide, Chlorphenesin, Sodium Cocoyl Isethionate, Maltodextrin, Moringa Oleifera Seed Extract, Xylitol, Disodium Phosphate, Citric Acid, Tocopherol, Sodium Surfactin, Sodium Benzoate, Potassium Sorbate, Trehalose, Caprylyl Glycol, Polyquaternium-22, Butylene Glycol.']",65.0,,,0,0,0,0,0,"['Good for: Pores', 'Good for: Dullness/Uneven Texture', 'Without Parabens']",Skincare,Cleansers,Face Wash & Cleansers,0,,
P400059,Sauvage After-Shave Lotion,1073,Dior,2046,4.8571,7.0,3.4 oz/ 100 mL,Size,3.4 oz/ 100 mL,,"['Alcohol, Aqua (Water), Parfum (Fragrance), Ethylhexyl Methoxycinnamate, Limonene, Linalool, Bisabolol, Butyl Methoxydibenzoylmethane, Ethylhexyl Salicylate, Bht, Citronellol, Coumarin, Menthoxypropanediol, Citral, Geraniol, Tocopherol.']",70.0,,,0,0,0,0,0,,Bath & Body,Bath & Shower,Body Wash & Shower Gel,0,,
P480163,Dior Homme Sport,1073,Dior,2039,4.4665,1076.0,4.25 oz / 125 mL,Size + Concentration + Formulation,4.25 oz / 125 mL,,"['Alcohol, Parfum (Fragrance), Aqua (Water), Limonene, Linalool, Butyl Methoxydibenzoylmethane, Hexyl Cinnamal, Citral, Citronellol, Triethyl Citrate, Eugenol, Pentaerythrityl Tetra-Di-T-Butyl Hydroxyhydrocinnamate, Cinnamal, Geraniol, Tris(Tetramethylhydroxypiperidinol) Citrate, Evernia Furfuracea (Treemoss) Extract, Ci 14700 (Red 4), Ci 47005 (Yellow 10), Ci 60730 (Ext. Violet 2).']",130.0,,,0,0,0,0,0,,Fragrance,Men,Cologne,2,175.0,105.0
P418122,Dior Homme Sport,1073,Dior,1784,4.4118,17.0,2.5 oz/ 75 mL,Size + Concentration + Formulation,2.5 oz/ 75 mL,,"['Alcohol, Parfum (Fragrance), Aqua (Water), Limonene, Ethylhexyl Methoxycinnamate, Linalool, Citral, Diethylamino Hydroxybenzoyl Hexyl Benzoate, Butyl Methoxydibenzoylmethane, Ethylhexyl Salicylate, Coumarin, Bht, Geraniol, Citronellol, Farnesol, Tocopherol, Ci 60730 (Ext. Violet 2), Ci 14700 (Red 4), Ci 19140 (Yellow 5).']",82.0,,,0,0,0,1,0,,Fragrance,Men,Cologne,0,,
P500623,Eye and Lip Makeup Remover,1073,Dior,1695,2.4,5.0,4.2 oz / 125 mL,Size,4.2 oz / 125 mL,,"['Aqua (Water), Propanediol, C15-19 Alkane, Coco-Caprylate/Caprate, Simmondsia Chinensis (Jojoba) Seed Oil, Centaurea Cyanus Flower Water, Dicaprylyl Carbonate, 1,2-Hexanediol, Limnanthes Alba (Meadowfoam) Seed Oil, Nymphaea Alba Root Extract, Sodium Chloride, Sodium Benzoate, Parfum (Fragrance), Glycerin, Tocopherol, Citric Acid, Potassium Sorbate.']",40.0,,,0,0,0,1,0,,Makeup,Accessories,Makeup Removers,0,,
P444987,Capture Youth Age-Delay Progressive Peeling Crème,1073,Dior,2275,4.4286,7.0,,,,,"['Aqua (Water), Dicaprylyl Ether, Glycerin, Isononyl Isononanoate, Butyrospermum Parkii (Shea Butter) Extract, Glyceryl Stearate, Peg-100 Stearate, Myristyl Myristate, Jojoba Esters, Behenyl Alcohol, Cetyl Alcohol, Pentylene Glycol, Stearyl Alcohol, Vinyl Dimethicone/methicone Silsesquioxane Crosspolymer, Caesalpinia Spinosa Fruit Extract, Decyloxazolidinone, Phenoxyethanol, Cera Alba (Beeswax), Dimethicone, Parfum (Fragrance), Caprylyl Glycol, Carbomer, Sodium Polyacrylate, Kappaphycus Alvarezii Extract, Tocopheryl Acetate, Tromethamine, Sorbitol, Sodium Hyaluronate, Xanthan Gum, Algin, Adenosine, Polyvinyl Alcohol, Sodium Tocopheryl Phosphate, Peg-7 Glyceryl Cocoate, Cellulose Gum, Bht, Iris Florentina Root Extract, Tocopherol, Polyquaternium-7, Ethylhexylglycerin, Methylsilanol Tri-peg-8 Glyceryl Cocoate.']",110.0,,,0,0,0,0,0,,Skincare,Treatments,Facial Peels,0,,
P481970,Hydra Life Fresh Sorbet Crème Moisturizer,1073,Dior,1208,3.5,6.0,1.7 oz/ 50 mL,Size,1.7 oz/ 50 mL,,"['Aqua (Water), Glycerin, Pentylene Glycol, Caprylic/Capric Triglyceride, 1,2-Hexanediol, Limnanthes Alba (Meadowfoam) Seed Oil, Polyglycerin-3, Propanediol, Alcohol, Malva Sylvestris (Mallow) Extract, Tocopheryl Acetate, Sodium Hyaluronate, Steareth-2, Jojoba Esters, Steareth-21, Stearyl Alcohol, Polyglyceryl-3 Beeswax, Chlorphenesin, Hydrolyzed Jojoba Esters, Parfum (Fragrance), Lecithin, Sodium Hydroxide, Faex (Yeast Extract), Potassium Sorbate, Sodium Acrylates Copolymer, Acrylates/C10-30 Alkyl Acrylate Crosspolymer, Ammonium Acryloyldimethyltaurate/Vp Copolymer.']",85.0,,,0,0,0,0,0,"['Cream Formula', 'Hydrating', 'Best for Dry, Combo, Normal Skin']",Skincare,Moisturizers,Moisturizers,0,,
P455022,Homme Deodorant Stick,1073,Dior,1294,3.0,3.0,2.64 oz/ 75 g,Size,2.64 oz/ 75 g,,"['Cyclopentasiloxane, Paraffinum Liquidum (Mineral Oil), Stearyl Alcohol, C12-15 Alkyl Benzoate, Cetyl Alcohol, Hydrogenated Castor Oil, Parfum (Fragrance), Limonene, Linalool, Geraniol, Citral, Bht, Coumarin, Citronellol, Tocopherol, Aluminum Zirconium Tetrachlorohydrex Gly 15.00%']",35.0,,,0,0,0,0,0,,Bath & Body,Body Care,Deodorant & Antiperspirant,0,,
P455584,Sauvage Shaving Gel,1073,Dior,1271,5.0,2.0,4.23 oz/ 125 mL,Size,4.23 oz/ 125 mL,,"['Aqua (Water), Glycerin, Ppg-26-Buteth-26, Sodium Lauroyl Sarcosinate, Parfum (Fragrance), Peg-40 Hydrogenated Castor Oil, Sorbitol, Acrylates/C10-30 Alkyl Acrylate Crosspolymer, Cocamidopropyl Betaine, Methyl Gluceth-20, Polyglycerin-3, Peg-120 Methyl Glucose Dioleate, Phenoxyethanol, Sodium Hydroxide, Linalool, Tetrasodium Edta, Opuntia Coccinellifera Flower Extract, Coumarin, Citronellol, Sodium Benzoate, BHT, Ethylhexylglycerin, Tocopherol.']",70.0,,,0,0,1,0,0,,Bath & Body,Bath & Shower,Body Wash & Shower Gel,0,,
P440922,Capture Youth Intense Rescue Age-Delay Revitalizing Oil-Serum,1073,Dior,0,3.4,5.0,1 oz/ 30 mL,Type,Capture Youth Intense Rescue Age-Delay Revitalizing Oil-Serum,,"['Aqua (Water), Glycerin, Butylene Glycol, Dimethicone, Propanediol, Methyl Gluceth-20, Phenoxyethanol, Ppg-26-buteth-26, Argania Spinosa Kernel Oil, Peg-40 Hydrogenated Castor Oil, Parfum (Fragrance), Acrylates/c10-30 Alkyl Acrylate Crosspolymer, Dimethicone/vinyl Dimethicone Crosspolymer, Pentylene Glycol, Sodium Hydroxide, Amodimethicone, Aphanothece Sacrum Polysaccharides, Carbomer, Centella Asiatica Leaf Extract, Disodium Edta, Adenosine, Calophyllum Inophyllum Seed Oil, Sodium Tocopheryl Phosphate, Iris Florentina Root Extract, Bht, Ci 19140 (Yellow 5), Ci 14700 (Red 4), Tocopherol.']",110.0,,,0,0,0,0,0,"['Best for Oily Skin', 'Good for: Pores', 'Lactic Acid', 'Without Sulfates SLS & SLES', 'Without Parabens', 'Without Phthalates']",Skincare,Treatments,Face Serums,0,,
P481971,Hydra Life Intense Sorbet Crème Moisturizer,1073,Dior,2201,5.0,3.0,1.7 oz/ 50 mL,Size,1.7 oz/ 50 mL,,"['Aqua (Water), Glycerin, Caprylic/Capric Triglyceride, Propanediol, Mangifera Indica (Mango) Seed Butter, Butylene Glycol, Cetearyl Alcohol, Squalane, Polyglycerin-3, Dicaprylyl Ether, Malva Sylvestris (Mallow) Extract, Tocopheryl Acetate, Sodium Hyaluronate, Cetearyl Glucoside, Cellulose, Silica, Cetyl Alcohol, Stearyl Alcohol, Sodium Stearoyl Glutamate, Chlorphenesin, Parfum (Fragrance), Faex (Yeast Extract), Sodium Hydroxide, Potassium Sorbate, Glucose, Tocopherol, Ammonium Acryloyldimethyltaurate/Vp Copolymer, Pentylene Glycol, Caprylyl Glycol, Dimethicone, Acrylates/C10-30 Alkyl Acrylate Crosspolymer.']",85.0,,,0,0,0,0,0,"['Cream Formula', 'Hydrating', 'Best for Dry Skin', 'Good for: Dryness', 'Hyaluronic Acid']",Skincare,Moisturizers,Moisturizers,0,,
P481077,Capture Totale Intensive Essence Lotion,1073,Dior,2108,4.0,3.0,5 oz/ 150 mL,Size,5 oz/ 150 mL,,"['Aqua (Water), Glycerin, Butylene Glycol, Niacinamide, Pentylene Glycol, Alcohol, Polyglycerin-3, Aframomum Angustifolium Seed Extract, Paeonia Lactiflora Root Extract, Jasminum Officinale (Jasmine) Flower Extract, Lilium Candidum Bulb Extract, Sodium Hyaluronate, Ascorbyl Glucoside, Adenosine, Sodium Tocopheryl Phosphate, Palmaria Palmata Extract, Hydrolyzed Soy Protein, Propanediol, Chlorphenesin, Parfum (Fragrance), Lactobacillus Ferment Lysate, Yeast Ferment Extract, Sodium Surfactin, Sodium Hydroxide, Hydroxylated Lecithin, Xylitol, Xanthan Gum, Sodium Benzoate, Tocopherol, Trehalose, Potassium Sorbate, Peg-8, Caprylyl Glycol, Carbomer, Peg-32, Peg-60 Hydrogenated Castor Oil.']",80.0,,,0,0,0,0,0,"['Liquid Formula', 'Hydrating', 'Hyaluronic Acid', 'Good for: Dullness/Uneven Texture', 'Plumping', 'Without Parabens']",Skincare,Moisturizers,Mists & Essences,0,,
P481079,Sauvage After Shave Balm,1073,Dior,909,,,3.4 oz/ 100 mL,Size,3.4 oz/ 100 mL,,"['Aqua (Water), Caprylic/Capric Triglyceride, Coco-Caprylate/Caprate, Glycerin, Butylene Glycol, Parfum (Fragrance), Steareth-21, Cetyl Alcohol, Stearyl Alcohol, 1,2-Hexanediol, Pentylene Glycol, Butyrospermum Parkii (Shea) Butter, Cellulose, Silica, Steareth-2, Chlorphenesin, Carbomer, Xanthan Gum, Sodium Hydroxide, Opuntia Coccinellifera Flower Extract, Triethyl Citrate, Caprylyl Glycol, Pentaerythrityl Tetra-Di-T-Butyl Hydroxyhydrocinnamate, Glycine Soja (Soybean) Oil, Tocopherol.']",70.0,,,0,0,0,0,0,,Men,Shaving,Aftershave,0,,
P483630,Dior Addict Refillable Couture Lipstick Case,1073,Dior,902,5.0,5.0,,Color,Pink Cannage,pink,,30.0,,,0,0,1,0,0,,Makeup,Lip,Lipstick,1,30.0,30.0
P504053,Capture Dreamskin 1-Minute Mask,1073,Dior,993,5.0,2.0,2.5 oz / 75 mL,Size,2.5 oz / 75 mL,,"['Aqua (Water), Glycerin, Polysorbate 20, Glycolic Acid, Hydroxyethyl Acrylate/Sodium Acryloyldimethyl Taurate Copolymer, Butylene Glycol, CI 77891 (Titanium Dioxide), Hydrogenated Polyisobutene, Alcohol, Citric Acid, Sodium Hydroxide, Simmondsia Chinensis (Jojoba) Seed Oil, Malva Sylvestris (Mallow) Extract, Hibiscus Sabdariffa Flower Extract, Aframomum Angustifolium Seed Extract, Jasminum Officinale (Jasmine) Flower Extract, Dipotassium Glycyrrhizate, Ascorbyl Glucoside, Saponins, Palmaria Palmata Extract, Parfum (Fragrance), Xanthan Gum, Sclerotium Gum, Xylitol, Chlorphenesin, Polysorbate 60, Sorbitan Isostearate, Synthetic Fluorphlogopite, Zea Mays (Corn) Starch, Hydrogenated Lecithin, Pentaerythrityl Tetra-Di-T-Butyl Hydroxyhydrocinnamate, Potassium Sorbate, Sodium Benzoate, Tocopherol, Tin Oxide, CI 14700 (Red 4), Pentylene Glycol.']",80.0,,,0,1,0,0,0,"['Good for: Dullness/Uneven Texture', 'Good for: Pores', 'AHA/Glycolic Acid']",Skincare,Masks,Face Masks,0,,
P505332,Dior Skin Mattifying Papers,1073,Dior,1294,5.0,1.0,,,,,,35.0,,,1,1,1,0,0,"['Matte Finish', 'Best for Oily, Combo, Normal Skin']",Skincare,Cleansers,Blotting Papers,0,,
P67988453,Gloss Bomb Universal Lip Luminizer,6200,Fenty Beauty by Rihanna,968317,4.6357,12136.0,0.30 oz/ 9 mL,Color,Fenty Glow,shimmering rose nude,"['Polybutene, Octyldodecanol, Bis-Diglyceryl Polyacyladipate-2, Tricaprylin, Cera Microcristallina/Microcrystalline Wax/Cire Microcristalline, Polyethylene, Silica Dimethyl Silylate, Vp/Eicosene Copolymer, Vp/Hexadecene Copolymer, Butyrospermum Parkii (Shea) Butter, Mica, Sorbitan Oleate, Silica, Octyldodecyl Neopentanoate, Ethylhexyl Palmitate, Caprylyl Glycol, Butyrospermum Parkii (Shea) Butter Unsaponifiables, Aroma/Flavor, Parfum/Fragrance, Tribehenin, Pentaerythrityl Tetra-Di-T-Butyl Hydroxyhydrocinnamate, Sorbitan Isostearate, Tocopherol, Tocopheryl Acetate, Synthetic Fluorphlogopite, Tetrahexyldecyl Ascorbate, Lactic Acid, Calcium Sodium Borosilicate, Calcium Aluminum Borosilicate, Polyethylene Terephthalate, Palmitoyl Tripeptide-1, Acrylates Copolymer, Tin Oxide, Titanium Dioxide (CI 77891), Iron Oxides (CI 77491, CI 77499), Benzyl Benzoate, Limonene.']",21.0,,,0,0,0,0,0,"['Vegan', 'Community Favorite', 'Shimmer Finish']",Makeup,Lip,Lip Gloss,6,21.0,20.0
P87985432,Pro Filt’r Soft Matte Longwear Liquid Foundation,6200,Fenty Beauty by Rihanna,856497,4.0356,16935.0,,Color,265,olive,"['Aqua/Water/Eau, Dimethicone, Talc, PEG-10 Dimethicone, Trimethylsiloxysilicate, Polypropylene, Isododecane, Cetyl PEG/PPG-10/1 Dimethicone, Nylon-12, HDI/Trimethylol Hexyllactone Crosspolymer, Phenoxyethanol, Sodium Chloride, Hydrogen Dimethicone, Glycerin, Magnesium Sulfate, Sodium Dehydroacetate, Disteardimonium Hectorite, Aluminum Hydroxide, Methicone, Benzoic Acid, Dehydroacetic Acid, Propylene Carbonate, Ethylhexylglycerin, Parfum/Fragrance, Silica, Biosaccharide Gum-4, Pentaerythrityl Tetra-Di-T-Butyl Hydroxyhydrocinnamate, Ananas Sativus (Pineapple) Fruit Extract, Carica Papaya (Papaya) Fruit Extract, Paullinia Cupana Seed Extract, Potassium Sorbate, Tocopherol, Sorbic Acid. May Contain/Peut Contenir (+/-): Titanium Dioxide (CI 77891), Iron Oxides (CI 77491, CI 77492, CI 77499).']",40.0,,,0,0,0,0,0,"['Long-wearing', 'Full Coverage', 'Best for Oily, Combo, Normal Skin']",Makeup,Face,Foundation,105,40.0,15.0
P39787544,Stunna Lip Paint Longwear Fluid Lip Color,6200,Fenty Beauty by Rihanna,486935,4.2346,5227.0,0.13 oz/ 4 mL,Color,Uncensored,perfect universal red,"['Isododecane, Dimethicone, Trimethylsiloxysilicate, Hydrogenated Polycyclopentadiene, Disteardimonium Hectorite, Triethoxycaprylylsilane, Propylene Carbonate, Red 7 (Ci 15850), Yellow 5 Lake (Ci 19140), Yellow 6 Lake (Ci 15985).']",28.0,,,0,0,0,0,0,"['Vegan', 'Community Favorite', 'Long-wearing', 'Matte Finish']",Makeup,Lip,Lipstick,5,28.0,28.0
P18975403,Match Stix Matte Contour Skinstick,6200,Fenty Beauty by Rihanna,480967,4.2944,1583.0,.25 oz / 7.1 g,Color,Suedish,"contour, cool undertone for medium skin tones","['Tricaprylin, C12-15 Alkyl Ethylhexanoate, Synthetic Wax, Polymethyl Methacrylate, Octyldodecanol, Sucrose Acetate Isobutyrate, Mica, Cera Microcristallina/Microcrystalline Wax/Cire Microcristalline, Octyldodecyl Neopentanoate, Silica, Polymethylsilsesquioxane, Vp/Eicosene Copolymer, Vp/Hexadecene Copolymer, Cetyl Peg/Ppg-10/1 Dimethicone, Caprylyl Glycol, Pentaerythrityl Tetra-Di-T-Butyl Hydroxyhydrocinnamate, Tocopheryl Acetate, Ascorbyl Palmitate, Cocos Nucifera (Coconut) Oil, Tocopherol, Calcium Sodium Borosilicate, Synthetic Fluorphlogopite, Calcium Aluminum Borosilicate, Polyethylene Terephthalate, Sodium Hyaluronate, Acrylates Copolymer, Bht, Tin Oxide, Titanium Dioxide (Ci 77891), Iron Oxides (Ci 77491, Ci 77492, Ci 77499).']",32.0,,,0,0,0,0,0,"['Stick Formula', 'Long-wearing', 'Matte Finish']",Makeup,Face,Contour,8,32.0,32.0
P64879845,Killawatt Freestyle Highlighter,6200,Fenty Beauty by Rihanna,472069,4.624,3652.0,2 x 0.12 oz/ 3.5 g,Color,Ginger Binge/ Moscow Mule,soft copper sheen / supercharged copper shimmer,"['Ginger Binge:', 'Dimethicone, Talc, Isododecane, Synthetic Fluorphlogopite, Caprylic/Capric Triglyceride, Phenoxyethanol, Tin Oxide, Bismuth Oxychloride (CI 77163), Titanium Dioxide (CI 77891), Iron Oxides (CI 77491), Carmine (CI 75470), Yellow 5 Lake (CI 19140).', 'Moscow Mule:', 'Dimethicone, Synthetic Fluorphlogopite, Isododecane, Diisostearyl Malate, Polyethylene, Aluminum Calcium Sodium Silicate, Talc, Cetyl Dimethicone, Phenoxyethanol, Tin Oxide, Calcium Aluminum Borosilicate, Silica, Calcium Sodium Borosilicate, Titanium Dioxide (CI 77891), Bismuth Oxychloride (CI 77163), Manganese Violet (CI 77742), Iron Oxides (CI 77491, CI 77492), Carmine (CI 75470), Yellow 5 Lake (CI 19140).']",40.0,,,0,0,0,0,0,,Makeup,Face,Highlighter,6,40.0,40.0
P470025,Eaze Drop Blurring Skin Tint,6200,Fenty Beauty by Rihanna,306238,3.951,1652.0,1.08 oz/ 32 mL,Color,12,medium with warm golden undertones,"['Aqua/Water/Eau, Dimethicone, Dicaprylyl Carbonate, Talc, Isostearyl Neopentanoate, Peg-10 Dimethicone, Dimethicone/Vinyl Dimethicone Crosspolymer, Glycerin, Trimethylsiloxysilicate, Isododecane, Bis-Peg/Ppg-14/14 Dimethicone, Phenoxyethanol, Sodium Chloride, Dimethicone Crosspolymer, Magnesium Sulfate, Hydrogen Dimethicone, Sodium Dehydroacetate, Trehalose, Urea, Potassium Sorbate, Silica, Disteardimonium Hectorite, Aluminum Hydroxide, Benzoic Acid, Sodium Hyaluronate, C24-28 Alkyl Methicone, Pentylene Glycol, Serine, Dehydroacetic Acid, Propylene Carbonate, Ethylhexylglycerin, Algin, Caprylyl Glycol, Disodium Phosphate, Glyceryl Polyacrylate, Pullulan, Tocopherol, Potassium Phosphate, Iron Oxides (Ci 77491, Ci 77492, Ci 77499), Titanium Dioxide (Ci 77891).']",35.0,,,0,0,0,0,0,"['Light Coverage', 'Vegan', 'Natural Finish', 'Liquid Formula', 'Long-wearing']",Makeup,Face,Foundation,24,35.0,35.0
P85225585,Diamond Bomb All-Over Diamond Veil,6200,Fenty Beauty by Rihanna,276524,4.454,1577.0,0.28 oz/ 8 g,Color,How Many Carats?!,pure platinum sparkle,"['Polymethylsilsesquioxane, Calcium Sodium Borosilicate, Phenyl Trimethicone, Diisostearyl Malate, Dimethicone, Dimethicone/Vinyl Dimethicone Crosspolymer, Pentylene Glycol, Mica, Tin Oxide, Aqua/Water/Eau, Lauroyl Lysine, Triethoxycaprylylsilane, Polyisobutene, Titanium Dioxide (Ci 77891).']",42.0,,,0,0,0,0,0,,Makeup,Face,Highlighter,1,42.0,42.0
P19700127,Cheeks Out Freestyle Cream Blush,6200,Fenty Beauty by Rihanna,264233,4.2724,1270.0,0.1 oz/ 3 g,Color,09 Cool Berry,soft mauve with shimmer,"['Octyldodecanol, Dicalcium Phosphate, Isononyl Isononanoate, Caprylic/Capric Triglyceride, Pentaerythrityl Tetraisostearate, Mica, Synthetic Wax, Bis-Diglyceryl Polyacyladipate-2, Polyethylene, Silica Silylate, Nylon-12, Candelilla Cera/Euphorbia Cerifera (Candelilla) Wax/Cire De Candelilla, Synthetic Fluorphlogopite, Disteardimonium Hectorite, Tocopheryl Acetate, Pentaerythrityl Tetra-Di-T-Butyl Hydroxyhydrocinnamate, Tin Oxide, Talc, Bht, Titanium Dioxide (Ci 77891), Iron Oxides (Ci 77491, Ci 77492), Red 7 Lake (Ci 15850), Blue 1 Lake (Ci 42090).']",24.0,,,0,0,0,0,0,"['Natural Finish', 'Vegan', 'Community Favorite']",Makeup,Cheek,Blush,7,24.0,24.0
P88779809,Pro Filt’r Instant Retouch Longwear Liquid Concealer,6200,Fenty Beauty by Rihanna,259486,3.8332,2032.0,0.27 oz/ 8 mL,Color,340,for tan skin w/ cool undertones,"['Water, Hydrogenated Didecene, Hydrogenated Polyisobutene, Disteardimonium Hectorite, Trimethylsiloxysilicate, Cetyl Peg/Ppg-10/1 Dimethicone, Glycerin, Nylon-12, Dimethicone, Methicone, Sodium Chloride, Acrylates/Polytrimethylsiloxymethacrylate Copolymer, Polymethylsilsesquioxane, Hydrogenated Styrene/Isoprene Copolymer, Hydroxyacetophenone, Lauryl Peg-8 Dimethicone, Hdi/Trimethylol Hexyllactone Crosspolymer, 1,2-Hexanediol, Caprylyl Glycol, Tocopheryl Acetate, Trisodium Ethylenediamine Disuccinate, Talc, Lauroyl Lysine, Combretum Fruticosum Flower Nectar, Alcohol, Butylene Glycol, Pentaerythrityl Tetra-Di-T-Butyl Hydroxyhydrocinnamate, Centella Asiatica Leaf Extract, Camellia Sinensis Leaf Extract. May Contain (+/-): Titanium Dioxide (Ci 77891), Iron Oxides (Ci 77491, Ci 77492, Ci 77499).']",30.0,,,0,0,0,0,0,"['Vegan', 'Community Favorite', 'Long-wearing', 'Matte Finish', 'Full Coverage']",Makeup,Face,Concealer,49,30.0,30.0
P73124556,Match Stix Shimmer Skinstick,6200,Fenty Beauty by Rihanna,253173,4.3673,1285.0,0.25 oz/ 7.10 g,Color,Starstruck,iced-out pearl,"['Mica, Ethylhexyl Isononanoate, Octyldodecanol, Polymethyl Methacrylate, Sucrose Acetate Isobutyrate, C20-40 Alcohols, Tribehenin, Paraffin, Polyethylene, Vp/Eicosene Copolymer, Vp/Hexadecene Copolymer, Diisostearyl Malate, Cera Microcristallina/Microcrystalline Wax/Cire Microcristalline, Caprylyl Glycol, Phenoxyethanol, Tocopheryl Acetate, Hexylene Glycol, Tocopherol, Isostearyl Alcohol, Ascorbyl Palmitate, Malic Acid, Calcium Sodium Borosilicate, Synthetic Fluorphlogopite, Calcium Aluminum Borosilicate, Polyethylene Terephthalate, Acrylates Copolymer, Silica, Tin Oxide, Iron Oxides (CI 77491), Titanium Dioxide (CI 77891).']",32.0,,,0,0,0,0,0,,Makeup,Face,Highlighter,7,32.0,32.0
P473708,Gloss Bomb Heat Universal Lip Luminizer + Plumper,6200,Fenty Beauty by Rihanna,243370,4.2672,842.0,0.30 oz/ 9 mL,Color,Fenty Glow,sheer rose nude,"['Polybutene, Octyldodecanol, Bis-Diglyceryl Polyacyladipate-2, Tricaprylin, Cera Microcristallina/Microcrystalline Wax/Cire Microcristalline, Hydrogenated Polyisobutene, Polyethylene, Silica Dimethyl Silylate, Butyrospermum Parkii (Shea) Butter, Vp/Eicosene Copolymer, Sorbitan Oleate, Vp/Hexadecene Copolymer, Synthetic Fluorphlogopite, Silica, Ethylhexyl Palmitate, Caprylyl Glycol, Aroma/Flavor, Parfum/Fragrance, Octyldodecyl Neopentanoate, Mica, Butyrospermum Parkii (Shea) Butter Unsaponifiables, Tribehenin, Pentaerythrityl Tetra-Di-T-Butyl Hydroxyhydrocinnamate, Methyl Nicotinate, Sorbitan Isostearate, Tocopherol, Tocopheryl Acetate, Vanillyl Butyl Ether, Capsicum Frutescens Fruit Extract, Glycine Soja (Soybean) Oil, Zingiber Officinale (Ginger) Root Oil, Tetrahexyldecyl Ascorbate, Lactic Acid, Calcium Sodium Borosilicate, Calcium Aluminum Borosilicate, Palmitoyl Tripeptide-1, Tin Oxide, Benzyl Benzoate, Limonene, Iron Oxides (Ci 77491), Titanium Dioxide (Ci 77891).']",26.0,,,0,0,0,0,0,"['Vegan', 'High Shine Finish', 'Plumping', 'Without Phthalates', 'Without Parabens']",Makeup,Lip,Lip Plumper,4,26.0,26.0
P55978864,Sun Stalk'r Instant Warmth Bronzer,6200,Fenty Beauty by Rihanna,231534,4.532,1062.0,,Color,Thick Mint,"deep skin tones, neutral undertones","['Synthetic Fluorphlogopite, Magnesium Myristate, Talc, Hdi/Trimethylol Hexyllactone Crosspolymer, Polymethyl Methacrylate, Dimethicone, Mica, Isodecyl Neopentanoate, Silica, Trimethylsiloxysilicate, Triethoxycaprylylsilane, Polypropylsilsesquioxane, Diisostearyl Malate, Caprylyl Glycol, Dimethiconol, Phenoxyethanol, Octyldodecyl Stearoyl Stearate, Hexylene Glycol, Tocopheryl Acetate, Tocopherol, Lauroyl Lysine, Water, Maltodextrin, Carica Papaya (Papaya) Fruit Extract, Mangifera Indica (Mango) Fruit Extract, Calcium Sodium Borosilicate, Calcium Aluminum Borosilicate, Xanthan Gum, Ethylhexylglycerin, Sorbic Acid, Tin Oxide, Titanium Dioxide (Ci 77891), Iron Oxides (Ci 77499, Ci 77491, Ci 77492), Manganese Violet (Ci 77742).']",35.0,,,0,0,0,0,0,"['Vegan', 'Community Favorite', 'Matte Finish', 'Long-wearing']",Makeup,Cheek,Bronzer,8,35.0,35.0
P465757,Gloss Bomb Cream Color Drip Lip Cream,6200,Fenty Beauty by Rihanna,194099,4.5807,1059.0,0.30 oz/ 9 mL,Color,Fenty Glow,universal rose nude,"['Polybutene, Diisostearyl Malate, Bis-Diglyceryl Polyacyladipate-2, Octyldodecanol, Caprylic/Capric Triglyceride, Polyethylene, Silica, Butyrospermum Parkii (Shea) Butter, Ethylhexyl Palmitate, Phenoxyethanol, Tocopherol, Cetearyl Alcohol, Parfum/Fragrance, Tribehenin, Helianthus Annuus (Sunflower) Seed Oil, Cera Microcristallina/Microcrystalline Wax/Cire Microcristalline, Retinyl Palmitate, Sorbitan Isostearate, Mica, Lactic Acid, Palmitoyl Tripeptide-1, Citric Acid. May Contain/Peut Contenir (+/-): Iron Oxides (Ci 77491, Ci 77492, Ci 77499), Yellow 5 Lake (Ci 19140), Titanium Dioxide (Ci 77891), Red 7 Lake (Ci 15850).']",22.0,,,0,0,0,0,0,"['Vegan', 'High Shine Finish']",Makeup,Lip,Lip Gloss,4,22.0,22.0
P45433019,Snap Shadows Mix & Match Eyeshadow Palette,6200,Fenty Beauty by Rihanna,190602,3.7345,354.0,6 x 0.035 oz,Type,1 True Neutrals,,"['Nookie Rookie:', 'Talc, Zea Mays (Corn) Starch, Caprylic/Capric Triglyceride, Silica, Dimethicone, Zinc Stearate, Triethoxycaprylylsilane, Caprylyl Glycol, Ethylhexylglycerin, Alumina, Glycerin, Carmine (Ci 75470), Iron Oxides (Ci 77491, Ci 77492), Ultramarines (Ci 77007), Titanium Dioxide (Ci 77891).', 'Simma Down:', 'Mica, Talc, Dimethicone, Octyldodecyl Stearoyl Stearate, Zinc Stearate, P-Anisic Acid, Caprylyl Glycol, Ethylhexylglycerin, Tin Oxide, Carmine (Ci 75470), Iron Oxides (Ci 77491), Titanium Dioxide (Ci 77891).', 'Tequila Nite:', 'Mica, Talc, Dimethicone, Octyldodecyl Stearoyl Stearate, Zinc Stearate, P-Anisic Acid, Caprylyl Glycol, Ethylhexylglycerin, Tin Oxide, Iron Oxides (Ci 77491, Ci 77499), Titanium Dioxide (Ci 77891).', 'Velvet Cuffs:', 'Talc, Mica, Octyldodecyl Stearoyl Stearate, Dimethicone, Zinc Stearate, Diisostearyl Malate, Caprylyl Glycol, Ethylhexylglycerin, Zea Mays (Corn) Starch, Titanium Dioxide (Ci 77891), Iron Oxides (Ci 77491), Yellow 5 Lake (Ci 19140).', 'Cumin Get It :', 'Mica, Zinc Stearate, Dimethicone, Caprylyl Glycol, Ethylhexylglycerin, Lauroyl Lysine, Octyldodecyl Stearoyl Stearate, Talc, Zea Mays (Corn) Starch, Iron Oxides (Ci 77491, Ci 77492, Ci 77499), Titanium Dioxide (Ci 77891), Carmine (Ci 75470).', 'Affogato:', 'Talc, Zea Mays (Corn) Starch, Dimethicone, Mica, Zinc Stearate, Caprylyl Glycol, Ethylhexylglycerin, Triethoxycaprylylsilane, Caprylic/Capric Triglyceride, Silica, Iron Oxides (Ci 77491, Ci 77492, Ci 77499), Carmine (Ci 75470), Bismuth Oxychloride (Ci 77163).']",30.0,,,0,0,0,0,0,,Makeup,Eye,Eye Palettes,5,30.0,30.0
P88779810,Pro Filt'r Instant Retouch Setting Powder,6200,Fenty Beauty by Rihanna,181454,4.1925,1875.0,0.98 oz/ 28 g,Color,Butter,for fair to medium skin tones,"['Talc, Silica, Dimethicone, Squalane, 1,2-Hexanediol, Caprylyl Glycol, Ethylhexylglycerin, Tocopheryl Acetate, Fragrance, Polymethylsilsesquioxane, Iron Oxides (Ci 77491, Ci 77492), Titanium Dioxide (Ci 77891), Manganese Violet (Ci 77742).']",36.0,,,0,0,0,0,0,"['Vegan', 'Community Favorite', 'Matte Finish']",Makeup,Face,Setting Spray & Powder,12,36.0,22.0
P448702,Pro Filt'r Hydrating Longwear Foundation,6200,Fenty Beauty by Rihanna,172476,3.5143,2273.0,1.08 oz/ 32 mL,Color,105,for very fair skin with warm yellow undertones,"['Water (Aqua), Talc, Phenyl Trimethicone, C12-15 Alkyl Benzoate, Caprylyl Methicone, Peg-10 Dimethicone, Trimethylsiloxyphenyl Dimethicone, Dimethicone, Glycerin, Isododecane, Cetyl Peg/Ppg-10/1 Dimethicone, Dimethicone/Vinyl Dimethicone Crosspolymer, Phenoxyethanol, Sodium Chloride, Hydrogen Dimethicone, Magnesium Sulfate, Sodium Dehydroacetate, Potassium Sorbate, Aluminum Hydroxide, Disteardimonium Hectorite, Benzoic Acid, Sodium Hyaluronate, Dehydroacetic Acid, Propylene Carbonate, Parfum/Fragrance, Caprylic/Capric Triglyceride, Ethylhexylglycerin, Vitis Vinifera (Grape) Seed Oil, Morus Alba Bark Extract, Methicone, Triethoxycaprylylsilane, Titanium Dioxide (CI 77891), Iron Oxides (CI 77491, CI 77492, CI 77499).']",36.0,,13.0,0,0,0,1,0,"['Vegan', 'Natural Finish', 'Community Favorite', 'Long-wearing', 'Medium Coverage']",Makeup,Face,Foundation,22,36.0,13.0
P39784685,Invisimatte Instant Setting + Blotting Powder,6200,Fenty Beauty by Rihanna,170056,4.6245,253.0,0.3 oz / 8.5 ml,Size,0.3 oz / 8.5 ml,universal,"['Synthetic Fluorphlogopite, Calcium Carbonate, Magnesium Myristate, Hdi/Trimethylol Hexyllactone Crosspolymer, Octyldodecyl Stearoyl Stearate, Polymethylsilsesquioxane, Squalane, Mica, Coconut Acid, 1,2-Hexanediol, Caprylyl Glycol, Silica, Salvia Hispanica Seed Extract, Leuconostoc/Radish Root Ferment Filtrate, Phenoxyethanol, Sodium Hyaluronate, Manganese Violet (Ci 77742), Iron Oxides (Ci 77492).']",36.0,,,0,0,0,0,0,"['Long-wearing', 'Matte Finish']",Makeup,Face,Setting Spray & Powder,0,,
P04546871,Body Lava Body Luminizer,6200,Fenty Beauty by Rihanna,161689,3.8327,819.0,3 oz/ 90 mL,Color,Cognac Candy,sparkling copper,"['Hydrogenated Polyisobutene, Isododecane, Ethylene/Propylene/Styrene Copolymer, Synthetic Fluorphlogopite, Silica, Calcium Sodium Borosilicate, Parfum/Fragrance, Butylene/Ethylene/Styrene Copolymer, Pentaerythrityl Tetra-Di-T-Butyl Hydroxyhydrocinnamate, Tin Oxide, Iron Oxides (Ci 77491, Ci 77492), Titanium Dioxide (Ci 77891).']",59.0,,29.5,1,0,0,0,0,,Bath & Body,Body Moisturizers,Body Lotions & Body Oils,0,,
P04897543,Pro Filt'r Instant Retouch Primer,6200,Fenty Beauty by Rihanna,159395,4.1127,2050.0,1.08 oz/ 32 mL,Size,1.08 oz/ 32 mL,,"['Water, Dimethicone, Isododecane, Glycerin, Cetyl Peg/Ppg-10/1 Dimethicone, Pentaerythrityl Tetraisostearate, Polymethylsilsesquioxane, Nylon-12, Phenoxyethanol, Dimethicone/Vinyl Dimethicone Crosspolymer, Sodium Chloride, Talc, Magnesium Sulfate, Sodium Dehydroacetate, Disteardimonium Hectorite, Benzoic Acid, Tocopheryl Acetate, Dehydroacetic Acid, Propylene Carbonate, Hydrogen Dimethicone, Ethylhexylglycerin, Parfum/Fragrance, Aluminum Hydroxide, Coral Powder, Sodium Hyaluronate, Xanthan Gum, Titanium Dioxide (CI 77891), Iron Oxides (CI 77491, CI 77492).']",36.0,,,0,0,0,0,0,,Makeup,Face,Face Primer,1,20.0,20.0
P67339785,Slip Shine Sheer Shiny Lipstick,6200,Fenty Beauty by Rihanna,155048,4.21,562.0,0.098 oz/ 2.8 g,Color,05 Glazed,peachy pink,"['Olus Oil, Ricinus Communis (Castor) Seed Oil, Polybutene, Punica Granatum Sterols, C12-15 Alkyl Lactate, Trimethylolpropane Triisostearate, Diisostearyl Malate, Candelilla Cera/Euphorbia Cerifera (Candelilla) Wax/Cire De Candelilla, Cera Alba/Beeswax/Cire d’abeille, Hydrogenated Vegetable Oil, Polyethylene, Synthetic Fluorphlogopite, Phenoxyethanol, Hydrogenated Polycyclopentadiene, Vanillin, Parfum/Fragrance, Isododecane, Tin Oxide. May Contain/Peut Contenir (+/-): Titanium Dioxide (Ci 77891), Iron Oxides (Ci 77491, Ci 77492, Ci 77499), Red 7 Lake (Ci 15850), Red 30 Lake (Ci 73360), Red 28 Lake (Ci 45410), Yellow 5 Lake (Ci 19140), Blue 1 Lake (Ci 42090), Red 6 (Ci 15850).']",26.0,,,0,0,0,0,0,"['High Shine Finish', 'Without Parabens']",Makeup,Lip,Lipstick,9,26.0,26.0
P31870457,Cheeks Out Freestyle Cream Bronzer,6200,Fenty Beauty by Rihanna,131518,4.3273,608.0,0.22 oz/ 6.23 g,Color,02 Butta Biscuit,fair to light skin tones,"['Octyldodecanol, Isononyl Isononanoate, Caprylic/Capric Triglyceride, Pentaerythrityl Tetraisostearate, Dicalcium Phosphate, Mica, Synthetic Wax, Synthetic Fluorphlogopite, Polyethylene, Bis-Diglyceryl Polyacyladipate-2, Silica Silylate, Nylon-12, Candelilla Cera/Euphorbia Cerifera (Candelilla) Wax/Cire De Candelilla, Disteardimonium Hectorite, Tocopheryl Acetate, Pentaerythrityl Tetra-Di-T-Butyl Hydroxyhydrocinnamate, Talc, Bht, Titanium Dioxide (Ci 77891), Iron Oxides (Ci 77491, Ci 77492), Blue 1 Lake (Ci 42090).']",35.0,,,0,0,0,0,0,"['Vegan', 'Natural Finish', 'Community Favorite']",Makeup,Cheek,Bronzer,6,35.0,35.0
P443790,Mini Pro Filt’r Instant Retouch Setting Powder,6200,Fenty Beauty by Rihanna,118111,4.375,32.0,0.27 oz/ 7.8 g,Color,Banana,for light to tan skin tones – great for brightening,"['Talc, Silica, Dimethicone, Squalane, 1,2-Hexanediol, Caprylyl Glycol, Ethylhexylglycerin, Tocopheryl Acetate, Fragrance, Polymethylsilsesquioxane, Iron Oxides (Ci 77491, Ci 77492), Titanium Dioxide (Ci 77891), Manganese Violet (Ci 77742).']",22.0,,,0,0,0,0,0,"['Vegan', 'Community Favorite', 'Matte Finish']",Makeup,Mini Size,,4,22.0,22.0
P472161,Bright Fix Eye Brightener Concealer,6200,Fenty Beauty by Rihanna,116830,3.878,410.0,0.33 oz/ 10 mL,Color,08 Deep Melon,cool for light medium to medium skin tones,"['Aqua/Water/Eau, Dimethicone, Isododecane, Peg-10 Dimethicone, Glycerin, Dimethicone/Vinyl Dimethicone Crosspolymer, Polymethylsilsesquioxane, Trimethylsiloxysilicate, Peg/Ppg-18/18 Dimethicone, Sodium Chloride, Disteardimonium Hectorite, Sodium Potassium Aluminum Silicate, Phenoxyethanol, Potassium Sorbate, Sodium Dehydroacetate, Aluminum Hydroxide, Hydroxyethylcellulose, Silica, Triethoxycaprylylsilane, Pentylene Glycol, Simmondsia Chinensis (Jojoba) Seed Oil, Citric Acid, Fructose, Sodium Hydroxide, Urea, Sodium Hyaluronate, Allantoin, Maltose, Sodium Lactate, Sodium Pca, Trehalose, Glucose, Disodium Phosphate, Polysorbate 60, Sodium Phosphate. May Contain/Peut Contenir (+/-): Iron Oxides (Ci 77491, Ci 77492, Ci 77499), Titanium Dioxide (Ci 77891), Bismuth Oxychloride (Ci 77163).']",28.0,,,0,0,0,0,0,"['Light Coverage', 'Vegan', 'Natural Finish', 'Hydrating', 'Long-wearing']",Makeup,Eye,Under-Eye Concealer,15,28.0,28.0
P444149,Pro Kiss'r Luscious Lip Balm,6200,Fenty Beauty by Rihanna,112726,4.2103,794.0,0.4 oz/ 12 mL,Color,Pinch Me,sheer pink,"['Ricinus Communis (Castor) Seed Oil, Octyldodecanol, Candelilla Cera/Euphorbia Cerifera (Candelilla) Wax, Squalane, Caprylic/Capric Triglyceride, Hydrated Silica, Ethylcellulose, Argania Spinosa Kernel Oil, Butyrospermum Parkii (Shea) Butter, Tocopherol, Mangifera Indica (Mango) Seed Butter, Prunus Armeniaca (Apricot) Kernel Oil, Vanilla Planifolia (Vanilla) Fruit Extract, Theobroma Cacao (Cocoa) Seed Butter, Stevia Rebaudiana Leaf/Stem Extract, Glycine Soja (Soybean) Oil, Citric Acid, Titanium Dioxide (Ci 77891), Yellow 5 Lake (Ci 19140), Red 30 Lake (Ci 73360).']",20.0,,,0,0,0,0,0,,Makeup,Lip,Lip Balm & Treatment,3,20.0,20.0
P466829,Pro Filt’r Soft Matte Longwear Powder Foundation,6200,Fenty Beauty by Rihanna,112316,4.4068,1062.0,0.32 oz/ 9.1 g,Color,100,for very fair skin with neutral undertones,"['Talc, Nylon-12, Synthetic Fluorphlogopite, Kaolin, Isoamyl Laurate, Dimethicone, Zinc Stearate, Phenyl Trimethicone, 1,2-Hexanediol, Caprylyl Glycol, Magnesium Myristate, Polyester-4, Boron Nitride, Barium Sulfate, Phenoxyethanol, Dimethiconol, Decylene Glycol, Hydrated Silica, Methyl Methacrylate Crosspolymer, Alumina, Magnesium Oxide. May Contain/Peut Contenir (+/-): Titanium Dioxide (Ci 77891), Iron Oxides (Ci 77491, Ci 77492, Ci 77499), Yellow 5 Lake (Ci 19140).']",40.0,,,0,0,0,0,0,"['Vegan', 'Matte Finish', 'Long-wearing', 'Medium Coverage']",Makeup,Face,Foundation,49,40.0,40.0
P500061,Poutsicle Hydrating Lip Stain,6200,Fenty Beauty by Rihanna,111949,4.3919,472.0,.22 fl oz / 6.5 mL,Color,Mai Type,pink,"['Aqua/Water/Eau, Diphenyl Dimethicone, Diisostearyl Malate, Bis-Diglyceryl Polyacyladipate-2, Hydrogenated Polyisobutene, Glycerin, Cetyl PEG/PPG-10/1 Dimethicone, Dipropylene Glycol, Sorbitan Isostearate, Polysorbate 60, Octyldodecanol, Pentylene Glycol, Ceteareth-20, Hydroxyethyl Acrylate/Sodium Acryloyldimethyl Taurate Copolymer, Squalane, Phenoxyethanol, Ethylhexylglycerin. May Contain/Peut Contenir (+/-): Titanium Dioxide (CI 77891), Yellow 6 (CI 15985), Red 28 (CI 45410), Red 33 (CI 17200), Yellow 5 (CI 19140), Blue 1 (CI 42090).']",27.0,,,0,0,0,0,0,['Hydrating'],Makeup,Lip,Lip Stain,3,27.0,27.0
P34908923,Killawatt Foil Freestyle Highlighter,6200,Fenty Beauty by Rihanna,104926,4.705,600.0,2 x 0.12 oz/ 3.5 g,Color,7daywknd/ Poolside,metallic orchid/ metallic violet,"['7daywknd:', 'Mica, Dimethicone, Polyglyceryl-2 Triisostearate, Synthetic Fluorphlogopite, Triethylhexanoin, Isododecane, Polyethylene, Magnesium Myristate, Phenoxyethanol, Silica, Trimethylsiloxysilicate, Tin Oxide, Water,  Aluminum Powder (Ci 77000), Titanium Dioxide (Ci 77891), Bismuth Oxychloride (Ci 77163), Carmine (Ci 74570), Iron Oxides (Ci 77499, Ci 77491).', 'Poolside:', 'Mica, Dimethicone, Isododecane, Polyglyceryl-2 Triisostearate, Triethylhexanoin, Polyethylene, Magnesium Myristate, Phenoxyethanol, Trimethylsiloxysilicate, Water, Titanium Dioxide (Ci 77891), Bismuth Oxychloride (Ci 77163), Carmine (Ci 74570), Ferric Ferrocyanide (Ci 77510).']",40.0,,,0,0,0,0,0,,Makeup,Face,Highlighter,4,40.0,40.0
P442531,Lil' Bronze Duo,6200,Fenty Beauty by Rihanna,101523,4.2293,157.0,,Color,Shady Biz & Sinamon,warm tone for light skin / cinnamon bronze,"['Sun Stalk’r Bronzer in Shady Biz:', 'Synthetic Fluorphlogopite, Talc, Magnesium Myristate, Hdi/Trimethylol Hexyllactone Crosspolymer, Mica, Polymethyl Methacrylate, Dimethicone, Isodecyl Neopentanoate, Silica, Trimethylsiloxysilicate, Triethoxycaprylylsilane, Polypropylsilsesquioxane, Diisostearyl Malate, Caprylyl Glycol, Dimethiconol, Phenoxyethanol, Octyldodecyl Stearoyl Stearate, Hexylene Glycol, Lauroyl Lysine, Tocopheryl Acetate, Tocopherol, Water, Maltodextrin, Carica Papaya (Papaya) Fruit Extract, Mangifera Indica (Mango) Fruit Extract, Calcium Sodium Borosilicate, Calcium Aluminum Borosilicate, Xanthan Gum, Ethylhexylglycerin, Sorbic Acid, Tin Oxide, Iron Oxides (Ci 77491, Ci 77492, Ci 77499), Manganese Violet (Ci 77742), Titanium Dioxide (Ci 77891).', 'Match Stix Shimmer in Sinamon:', 'Mica, Ethylhexyl Isononanoate, Octyldodecanol, Polymethyl Methacrylate, Sucrose Acetate Isobutyrate, C20-40 Alcohols, Paraffin, Tribehenin, Polyethylene, Vp/Eicosene Copolymer, Vp/Hexadecene Copolymer, Diisostearyl Malate, Cera Microcristallina/Microcrystalline Wax, Caprylyl Glycol, Phenoxyethanol, Tocopheryl Acetate, Hexylene Glycol, Tocopherol, Isostearyl Alcohol, Ascorbyl Palmitate, Malic Acid, Calcium Sodium Borosilicate, Synthetic Fluorphlogopite, Calcium Aluminum Borosilicate, Polyethylene Terephthalate, Acrylates Copolymer, Silica, Tin Oxide, Iron Oxides (Ci 77491, Ci 77499), Titanium Dioxide (Ci 77891).']",24.0,,17.0,1,0,0,1,0,,Makeup,Cheek,Bronzer,1,24.0,12.0
P455193,Flypencil Longwear Pencil Eyeliner,6200,Fenty Beauty by Rihanna,93762,3.366,530.0,0.01 oz/ 0.3 g,Color,Cuz I'm Black,black matte,"['Trimethylsiloxysilicate, Dimethicone, Trisiloxane, Polyethylene, Silica, Cera Microcristallina/Microcrystalline Wax/Cire Microcristalline, Mica, Phenylisopropyl Dimethicone, Octyldodecanol, Polyhydroxystearic Acid, Disteardimonium Hectorite, Propylene Carbonate, Tocopheryl Acetate. May Contain/Peut Contenir (+/-): Blue 1 Lake (Ci 42090), Titanium Dioxide (Ci 77891), Iron Oxides (Ci 77491, Ci 77499), Yellow 5 Lake (Ci 19140).']",23.0,,,0,0,0,0,0,,Makeup,Eye,Eyeliner,19,23.0,23.0
P17876556,Flyliner Longwear Liquid Eyeliner,6200,Fenty Beauty by Rihanna,91896,3.5828,2915.0,0.019 oz/ 0.55 mL,Color,Cuz I'm Black,true satin black,"['Water, Butylene Glycol, Styrene/Acrylates Copolymer, Acrylates Copolymer, Styrene/Acrylates/Ammonium Methacrylate Copolymer, Beheneth-30, Pentylene Glycol, Alcohol, Caprylyl Glycol, 1,2-Hexanediol, Ethylhexylglycerin, Sodium Laureth-12 Sulfate, Disodium EDTA, C11-15 Pareth-7, Tetrasodium EDTA, Phenoxyethanol, Sodium Dehydroacetate, Potassium Sorbate, Black 2 (Ci 77266) (Nano).']",24.0,,,0,0,0,0,0,,Makeup,Eye,Eyeliner,1,24.0,24.0
P58789756,Full-Bodied Foundation Brush 110,6200,Fenty Beauty by Rihanna,77333,4.2303,595.0,,,,,,34.0,,,0,0,0,0,0,,Makeup,Brushes & Applicators,Face Brushes,0,,
P85798546,Cheek-Hugging Highlight Brush 120,6200,Fenty Beauty by Rihanna,73941,4.6472,394.0,,,,,,32.0,,,0,0,0,0,0,,Makeup,Brushes & Applicators,Face Brushes,0,,
P54487984,Precision Makeup Sponge 100,6200,Fenty Beauty by Rihanna,72075,4.1922,541.0,,,,,,16.0,,,0,0,0,0,0,,Makeup,Brushes & Applicators,Sponges & Applicators,0,,
P448703,Pro Filt'r Hydrating Primer,6200,Fenty Beauty by Rihanna,71902,4.4586,266.0,1.0 oz/ 30 mL,Size,1.0 oz/ 30 mL,,"['Water (Aqua), Dimethicone, Erythritol, Pentylene Glycol, Glycerin, Cetyl Peg/Ppg-10/1 Dimethicone, Polymethylsilsesquioxane, Pentaerythrityl Tetraisostearate, Isododecane, Trimethylsiloxysilicate, Nylon-12, Polymethyl Methacrylate, Sodium Chloride, Phenoxyethanol, Ethylhexyl Methoxycinnamate, Hydroxyacetophenone, Magnesium Sulfate, Polysilicone-11, Disteardimonium Hectorite, Sodium Hyaluronate, Tocopheryl Acetate, Propylene Carbonate, Parfum/Fragrance, Biosaccharide Gum-4, Laureth-12, Vitis Vinifera (Grape) Seed Oil, Talc, Hydrogen Dimethicone, Triethoxycaprylylsilane, Methicone, Iron Oxides (CI 77491, CI 77499).']",36.0,,,0,0,0,0,0,"['Hydrating', 'Vegan']",Makeup,Face,Face Primer,1,20.0,20.0
P448878,Brow MVP Ultra Fine Brow Pencil & Styler,6200,Fenty Beauty by Rihanna,63748,3.5842,1039.0,0.0024 oz / 0.07 g,Color,Medium Brown,"for medium to dark brown hair, warm undertone","['Polyethylene, Cera Carnauba/Copernicia Cerifera (Carnauba) Wax/Cire De Carnauba, Polyglyceryl-2 Triisostearate, Hydrogenated Vegetable Oil, Hydrogenated Coco-Glycerides, Zinc Stearate, Caprylic/Capric Glycerides, Triethoxycaprylylsilane, Polybutene, Tocopheryl Acetate, Sorbitan Tristearate, Aluminum Hydroxide, Chamaecyparis Obtusa Oil, Titanium Dioxide (Ci 77891), Iron Oxides (Ci 77491, Ci 77492, Ci 77499).']",25.0,,,0,0,0,0,0,,Makeup,Eye,Eyebrow,13,25.0,25.0
P502222,Gloss Bomb Ice,6200,Fenty Beauty by Rihanna,63404,4.7975,321.0,0.3 oz / 9 mL,Color,Cold Heart'd,clear,"['Polybutene, Hydrogenated Polyisobutene, Octyldodecanol, Mentha Piperita (Peppermint) Oil, Menthol, Simmondsia Chinensis (Jojoba) Seed Oil, Ethylene/Propylene/Styrene Copolymer, Phenoxyethanol, Tocopheryl Acetate, Saccharin, Butylene/Ethylene/Styrene Copolymer, Butyrospermum Parkii (Shea) Butter, Butyrospermum Parkii (Shea) Butter Unsaponifiables, BHT, Aqua/Water/Eau, Lysine, Magnesium Chloride, Potassium Chloride, Sodium Chloride, Potassium Sorbate, Zinc Chloride, Blue 1 Lake (CI 42090), Limonene, Linalool.']",26.0,,,0,0,0,0,0,"['Vegan', 'High Shine Finish', 'Without Phthalates', 'Without Parabens']",Makeup,Lip,Lip Gloss,0,,
P97417774,Face & Body Kabuki Brush 160,6200,Fenty Beauty by Rihanna,61327,4.4203,138.0,,Type,Classic,,,34.0,,,0,0,0,0,0,,Makeup,Brushes & Applicators,Face Brushes,1,20.0,14.0
P501462,Glossy Posse Volume 5.0 Lip Gloss Bomb Trio,6200,Fenty Beauty by Rihanna,60752,4.7143,35.0,,,,,"['Gloss Bomb Universal Lip Luminizer in Fuchsia Flex:', 'Polybutene, Octyldodecanol, Bis-Diglyceryl Polyacyladipate-2, Tricaprylin, Cera Microcristallina/Microcrystalline Wax/Cire Microcristalline, Polyethylene, Silica Dimethyl Silylate, Vp/Eicosene Copolymer, Vp/Hexadecene Copolymer, Butyrospermum Parkii (Shea) Butter, Mica, Sorbitan Oleate, Silica, Octyldodecyl Neopentanoate, Ethylhexyl Palmitate, Caprylyl Glycol, Butyrospermum Parkii (Shea) Butter Unsaponifiables, Aroma/Flavor, Parfum/Fragrance, Tribehenin, Pentaerythrityl Tetra-Di-T-Butyl Hydroxyhydrocinnamate, Sorbitan Isostearate, Tocopherol, Tocopheryl Acetate, Synthetic Fluorphlogopite, Tetrahexyldecyl Ascorbate, Lactic Acid, Calcium Sodium Borosilicate, Calcium Aluminum Borosilicate, Polyethylene Terephthalate, Palmitoyl Tripeptide-1, Acrylates Copolymer, Tin Oxide, Titanium Dioxide (Ci 77891), Iron Oxides (Ci 77491, Ci 77499), Benzyl Benzoate, Limonene.', 'Gloss Bomb Heat Universal Lip Luminizer + Plumper in Fenty Glow:', 'Polybutene, Octyldodecanol, Bis-Diglyceryl Polyacyladipate-2, Tricaprylin, Cera Microcristallina/Microcrystalline Wax/Cire Microcristalline, Hydrogenated Polyisobutene, Polyethylene, Silica Dimethyl Silylate, Butyrospermum Parkii (Shea) Butter, Vp/Eicosene Copolymer, Sorbitan Oleate, Vp/Hexadecene Copolymer, Synthetic Fluorphlogopite, Silica, Ethylhexyl Palmitate, Caprylyl Glycol, Aroma/Flavor, Parfum/Fragrance, Octyldodecyl Neopentanoate, Mica, Butyrospermum Parkii (Shea) Butter Unsaponifiables, Tribehenin, Pentaerythrityl Tetra-Di-T-Butyl Hydroxyhydrocinnamate, Methyl Nicotinate, Sorbitan Isostearate, Tocopherol, Tocopheryl Acetate, Vanillyl Butyl Ether, Capsicum Frutescens Fruit Extract, Glycine Soja (Soybean) Oil, Zingiber Officinale (Ginger) Root Oil, Tetrahexyldecyl Ascorbate, Lactic Acid, Calcium Sodium Borosilicate, Calcium Aluminum Borosilicate, Palmitoyl Tripeptide-1, Tin Oxide, Benzyl Benzoate, Limonene, Iron Oxides (Ci 77491), Titanium Dioxide (Ci 77891).', 'Gloss Bomb Cream Color Drip Lip Cream in Cupcakin’:', 'Polybutene, Diisostearyl Malate, Bis-Diglyceryl Polyacyladipate-2, Octyldodecanol, Caprylic/Capric Triglyceride, Polyethylene, Silica, Butyrospermum Parkii (Shea) Butter, Ethylhexyl Palmitate, Phenoxyethanol, Tocopherol, Cetearyl Alcohol, Parfum/Fragrance, Tribehenin, Helianthus Annuus (Sunflower) Seed Oil, Cera Microcristallina/Microcrystalline Wax/Cire Microcristalline, Retinyl Palmitate, Sorbitan Isostearate, Mica, Lactic Acid, Palmitoyl Tripeptide-1, Citric Acid. May Contain/Peut Contenir (+/-): Iron Oxides (Ci 77491, Ci 77492, Ci 77499), Yellow 5 Lake (Ci 19140), Titanium Dioxide (Ci 77891), Red 7 Lake (Ci 15850).']",38.0,65.0,19.0,1,0,0,1,0,"['Vegan', 'Shimmer Finish', 'Black Owned at Sephora']",Makeup,Lip,Lip Sets,0,,
P45432919,"Full Frontal Volume, Lift & Curl Mascara",6200,Fenty Beauty by Rihanna,56027,3.9101,3438.0,0.42 fl oz / 12.5 mL,Color,Cuz I'm Black,true black,"['Aqua/Water/Eau, Synthetic Beeswax, Paraffin, Palmitic Acid, Styrene/Acrylates/Ammonium Methacrylate Copolymer, Stearic Acid, Butylene Glycol, Aminomethyl Propanediol, Cera Carnauba/Copernicia Cerifera (Carnauba) Wax/Cire De Carnauba, Glyceryl Stearate, Vp/Eicosene Copolymer, Acacia Seyal Gum, Polybutene, Phenoxyethanol, Nylon-66, Hydroxyethylcellulose, Triethoxycaprylylsilane, Sodium Laureth-12 Sulfate, Caprylyl Glycol, C11-15 Pareth-7, Potassium Sorbate, Tetrasodium Edta, Disodium Phosphate, Polysorbate 60, Silica, Bht, Sodium Phosphate, Iron Oxides (Ci 77499), Titanium Dioxide (Ci 77891).']",24.0,,,0,0,0,0,0,"['Volumizing', 'Curling', 'Lengthening', 'Vegan']",Makeup,Eye,Mascara,1,13.0,13.0
P66879899,Mini Pro Filt’r Instant Retouch Primer,6200,Fenty Beauty by Rihanna,55821,3.8604,265.0,0.5 oz/ 15 mL,Size,0.5 oz/ 15 mL,,"['Water, Dimethicone, Isododecane, Glycerin, Cetyl PEG/PPG-10/1 Dimethicone, Pentaerythrityl Tetraisostearate, Polymethylsilsesquioxane, Nylon-12, Phenoxyethanol, Dimethicone/Vinyl Dimethicone Crosspolymer, Sodium Chloride, Talc,Magnesium Sulfate, Sodium Dehydroacetate, Disteardimonium Hectorite, Benzoic Acid, Tocopheryl Acetate, Dehydroacetic Acid, Propylene Carbonate, Hydrogen Dimethicone, Ethylhexylglycerin, Fragrance, Aluminum Hydroxide, Coral Powder, Sodium Hyaluronate, Xanthan Gum, Titanium Dioxide (Ci 77891), Iron Oxides (Ci 77491, Ci 77492).']",20.0,,,0,0,0,0,0,,Mini Size,Makeup,,0,,
P480303,Fenty Icon The Fill Semi-Matte Refillable Lipstick,6200,Fenty Beauty by Rihanna,55002,4.3253,372.0,.134 oz / 3.8 mL,Color,Danger Danc'r,,"['Octyldodecanol, Diisostearyl Malate, Dimethicone, Polyethylene, Pentaerythrityl Hydrogenated Rosinate, Aluminum Starch Octenylsuccinate, Lauroyl Lysine, Silica, Nylon-12, Mica, Trimethylsiloxysilicate, Polypropylsilsesquioxane, Hydrated Silica, Synthetic Wax, Parfum/Fragrance, Octyldodecyl Neopentanoate, Disteardimonium Hectorite, Aqua/Water/Eau, Sorbitan Oleate, Tribehenin, Candelilla Cera/Euphorbia Cerifera (Candelilla) Wax/Cire De Candelilla, Caprylyl Glycol, Aroma/Flavor, Propylene Carbonate, Hydrolyzed Hyaluronic Acid, Tocopherol, Tocopheryl Acetate, Tetrahexyldecyl Ascorbate, Pentaerythrityl Tetra-Di-T-Butyl Hydroxyhydrocinnamate, Calcium Sodium Borosilicate, Calcium Aluminum Borosilicate, Synthetic Fluorphlogopite, Tin Oxide, Benzyl Benzoate, Limonene, Iron Oxides (Ci 77491, Ci 77492, Ci 77499), Titanium Dioxide (Ci 77891).']",20.0,,,0,0,0,0,0,"['Hydrating', 'Long-wearing', 'Matte Finish']",Makeup,Lip,Lipstick,15,20.0,20.0
P97832786,Pro Filt'r Amplifying Eye Primer,6200,Fenty Beauty by Rihanna,53612,4.1025,439.0,0.27 oz/ 8 mL,Size,0.27 oz/ 8 mL,,"['Isododecane, Trimethylsiloxysilicate, Cyclopentasiloxane, Mica, Talc, Polyethylene, Cyclohexasiloxane, Dextrin Palmitate/Ethylhexanoate, VP/Eicosene Copolymer, Triethylhexanoin, Disteardimonium Hectorite, Silica Silylate, Methicone, Propylene Carbonate, VP/Hexadecene Copolymer, Diisostearyl Malate, Tocopheryl Acetate, Polyglyceryl-2 Triisostearate, Dehydroacetic Acid, Titanium Dioxide (Ci 77891), Iron Oxides (Ci 77491, Ci 77492).']",22.0,,,0,0,0,0,0,,Makeup,Eye,Eye Primer,0,,
P37544587,Fairy Bomb Shimmer Powder,6200,Fenty Beauty by Rihanna,46856,4.602,98.0,0.21 oz/ 6 g,Color,Rosé on Ice,glimmering rose gold,"['Mica, Calcium Aluminum Borosilicate, Sodium Dehydroacetate, Tin Oxide, Sorbic Acid, Potassium Sorbate, Ethyl Vanillin, Fragrance, Silica, Titanium Dioxide (Ci 77891), Iron Oxides (Ci 77491).']",28.0,,14.0,0,0,1,1,0,,Makeup,Face,Highlighter,0,,
P58978876,Invisimatte Blotting Paper,6200,Fenty Beauty by Rihanna,46350,3.7157,197.0,1 Roll,,,,,16.0,,,0,0,0,0,0,,Makeup,Accessories,Blotting Papers,0,,
P447718,Fly Baby Mini Eye Primer and Liner Set,6200,Fenty Beauty by Rihanna,44962,3.398,98.0,,,,,"['Pro Filt’r Amplifying Eye Primer:', 'Isododecane, Trimethylsiloxysilicate, Cyclopentasiloxane, Mica, Talc, Polyethylene, Cyclohexasiloxane, Dextrin Palmitate/Ethylhexanoate, VP/Eicosene Copolymer, Triethylhexanoin, Disteardimonium Hectorite, Silica Silylate, Methicone, Propylene Carbonate, VP/Hexadecene Copolymer, Diisostearyl Malate, Tocopheryl Acetate, Polyglyceryl-2 Triisostearate, Dehydroacetic Acid, Titanium Dioxide (Ci 77891), Iron Oxides (Ci 77491, Ci 77492).', 'Flyliner Longwear Liquid Eyeliner:', 'Water, Butylene Glycol, Styrene/Acrylates Copolymer, Acrylates Copolymer, Styrene/Acrylates/Ammonium Methacrylate Copolymer, Beheneth-30, Pentylene Glycol, Alcohol, Caprylyl Glycol, 1,2-Hexanediol, Ethylhexylglycerin, Sodium Laureth-12 Sulfate, Disodium EDTA, C11-15 Pareth-7, Tetrasodium EDTA, Phenoxyethanol, Sodium Dehydroacetate, Potassium Sorbate, Black 2 (Ci 77266) (Nano).']",24.0,,12.0,1,0,0,1,0,,Makeup,Eye,Eye Sets,0,,
P447551,Pro Filt'r Mattifying Primer,6200,Fenty Beauty by Rihanna,43489,3.7479,242.0,1 oz/ 30mL,Size,1 oz/ 30mL,,"['Water, Dimethicone, Isononyl Isononanoate, Polypropylene, Cetyl Peg/Ppg-10/1 Dimethicone, Pentylene Glycol, Isododecane, Nylon-12, Polymethyl Methacrylate, Hdi/Trimethylol Hexyllactone Crosspolymer, Maltose, Phenoxyethanol, Sodium Chloride, Dimethicone/Vinyl Dimethicone Crosspolymer, Magnesium Sulfate, Ethylhexylglycerin, Disteardimonium Hectorite, Agave Tequilana Leaf Extract, Dimethiconol, Silica, Propylene Carbonate, Fragrance, Biosaccharide Gum-4, Tocopherol.']",36.0,,,0,0,0,0,0,"['Matte Finish', 'Vegan']",Makeup,Face,Face Primer,1,20.0,20.0
P71078978,Cheek Hugging Bronzer Brush 190,6200,Fenty Beauty by Rihanna,42844,4.5566,106.0,,,,,,36.0,,,0,0,0,0,0,,Makeup,Brushes & Applicators,Face Brushes,0,,
P504872,Fenty Icon Velvet Liquid Lipstick,6200,Fenty Beauty by Rihanna,41953,3.6311,103.0,0.19 oz / 5.5 g,Color,THE MVP,blue red,"['Dimethicone, Dimethicone/Vinyl Dimethicone Crosspolymer, Isododecane, Polyglyceryl-2 Triisostearate, Peg-10 Dimethicone, Tribehenin, Disteardimonium Hectorite, Propylene Carbonate, Red 6 Lake (Ci 15850), Red 7 Lake (Ci 15850).']",29.0,,,0,1,0,0,0,,Makeup,Lip,Liquid Lipstick,4,29.0,29.0
P44332878,Powder Puff Setting Brush 170,6200,Fenty Beauty by Rihanna,39822,4.6081,74.0,,,,,,34.0,,,0,0,0,0,0,,Makeup,Brushes & Applicators,Face Brushes,0,,
P503757,Fenty Eau de Parfum,6200,Fenty Beauty by Rihanna,37623,3.4339,242.0,2.5 oz / 75 mL,Size + Concentration + Formulation,2.5 oz / 75 mL eau de parfum spray,,"['Alcohol, Parfum, Fragrance, Aqua, Water, Eau, Limonene, Citronellol, Linalool, Geraniol, Pentaerythrityl Tetra-Di-T-Butyl Hydroxyhydrocinnamate, Cinnamyl Alcohol, Citral, Benzyl Alcohol, Eugenol, Ci 60730 (Ext. Violet 2).']",140.0,,,0,0,0,0,0,"['Unisex/ Genderless Scent', 'Floral Scent']",Fragrance,Women,Perfume,0,,
P15798548,Portable Touchup Brush 130,6200,Fenty Beauty by Rihanna,36468,3.0828,169.0,,,,,,24.0,,,0,0,0,0,0,,Makeup,Brushes & Applicators,Face Brushes,0,,
P444926,Pro Kiss’r Lip-Loving Scrubstick,6200,Fenty Beauty by Rihanna,34457,3.9164,275.0,,,,,"['Caprylic/Capric Triglyceride, Hydrogenated Coconut Oil, Cera Alba/Beeswax, Candelilla Cera/Euphorbia Cerifera (Candelilla) Wax, Ricinus Communis (Castor) Seed Oil, Polymethylsilsesquioxane, Helianthus Annuus (Sunflower) Seed Oil, Perlite, Butyrospermum Parkii (Shea) Butter, Simmondsia Chinensis (Jojoba) Seed Oil, Prunus Armeniaca (Apricot) Seed Powder, Stearalkonium Hectorite, Carnauba Cera/Copernicia Cerifera (Carnauba) Wax, Prunus Armeniaca (Apricot) Kernel Oil, Propylene Carbonate, Squalane, Vanilla Planifolia Fruit Extract, Tocopherol, Aroma/Flavor, Stevia Rebaudiana Leaf/Stem Extract, Glycine Soja (Soybean) Oil, Citric Acid, Linalool.']",16.0,,,0,0,0,0,0,,Makeup,Lip,Lip Balm & Treatment,0,,
P476525,Mini Pro Filt'r Soft Matte Foundation,6200,Fenty Beauty by Rihanna,33418,3.2,10.0,0.4 oz/ 12 mL,Color,410,medium deep with warm golden undertones,"['Water, Dimethicone, Talc, Peg-10 Dimethicone, Trimethylsiloxysilicate, Polypropylene, Isododecane, Cetyl Peg/Ppg-10/1 Dimethicone, Nylon-12, Hdi/Trimethylol Hexyllactone Crosspolymer, Phenoxyethanol, Sodium Chloride, Hydrogen Dimethicone, Glycerin, Magnesium Sulfate, Sodium Dehydroacetate, Disteardimonium Hectorite, Aluminum Hydroxide, Methicone, Benzoic Acid, Dehydroacetic Acid, Propylene Carbonate, Ethylhexylglycerin, Parfum/Fragrance, Silica, Biosaccharide Gum-4, Ananas Sativus (Pineapple) Fruit Extract, Carica Papaya (Papaya) Fruit Extract, Paullinia Cupana Seed Extract, Potassium Sorbate, Sorbic Acid. May Contain (+/-): Titanium Dioxide (CI 77891), Iron Oxides (CI 77491, CI 77492, CI77499).']",15.0,,,1,0,1,0,0,"['Vegan', 'Community Favorite', 'Long-wearing', 'Full Coverage', 'Best for Oily, Combo, Normal Skin']",Mini Size,Makeup,,49,18.0,15.0
P461934,Brow MVP Sculpting Wax Pencil & Styler,6200,Fenty Beauty by Rihanna,33216,3.1572,159.0,0.04 oz/ 1.3 g,Size,0.04 oz/ 1.3 g,,"['Cera Microcristallina/Microcrystalline Wax/Cire Microcristalline, Polybutene, Polyethylene, Caprylic/Capric Triglyceride, Methyl Trimethicone, Vp/Hexadecene Copolymer, Trimethylsiloxysilicate, Methyl Methacrylate Crosspolymer, Talc, Phenyl Trimethicone, Candelilla Cera/Euphorbia Cerifera (Candelilla) Wax/Cire De Candelilla, Ethylhexylglycerin, Stearalkonium Hectorite, Paraffin, Synthetic Wax, Polyhydroxystearic Acid, Phenoxyethanol, Tocopheryl Acetate, Propylene Carbonate, Pentaerythrityl Tetra-Di-T-Butyl Hydroxyhydrocinnamate, Tocopherol, Bht.']",20.0,,,0,0,0,0,0,,Makeup,Eye,Eyebrow,0,,
P7845152640,Baby ’Buki Brush 165,6200,Fenty Beauty by Rihanna,33004,3.0,72.0,,Type,Baby ’Buki Brush 165,,,20.0,,14.0,0,0,0,1,0,,Makeup,Brushes & Applicators,Face Brushes,0,,
P74557577,Tapered Blending Brush 210,6200,Fenty Beauty by Rihanna,31192,4.7931,58.0,,,,,,24.0,,,0,0,0,0,0,,Makeup,Brushes & Applicators,Eye Brushes,0,,
P463037,Mini Pro Filt'r Hydrating Primer,6200,Fenty Beauty by Rihanna,30619,4.1176,68.0,0.5 oz/ 15 mL,Size,0.5 oz/ 15 mL,,"['Water (Aqua), Dimethicone, Erythritol, Pentylene Glycol, Glycerin, Cetyl Peg/Ppg-10/1 Dimethicone, Polymethylsilsesquioxane, Pentaerythrityl Tetraisostearate, Isododecane, Trimethylsiloxysilicate, Nylon-12, Polymethyl Methacrylate, Sodium Chloride, Phenoxyethanol, Ethylhexyl Methoxycinnamate, Hydroxyacetophenone, Magnesium Sulfate, Polysilicone-11, Disteardimonium Hectorite, Sodium Hyaluronate, Tocopheryl Acetate, Propylene Carbonate, Parfum/Fragrance, Biosaccharide Gum-4, Laureth-12, Vitis Vinifera (Grape) Seed Oil, Talc, Hydrogen Dimethicone, Triethoxycaprylylsilane, Methicone, Iron Oxides (CI 77491, CI 77499).']",20.0,,,0,0,0,0,0,"['Hydrating', 'Vegan']",Mini Size,Makeup,,0,,
P471236,Gloss Bomb Dip Clip-On Luminizer,6200,Fenty Beauty by Rihanna,30546,3.6944,72.0,0.2 oz/ 6 g,Color,Fenty Glow,shimmering rose nude,"['Polybutene, Octyldodecanol, Bis-Diglyceryl Polyacyladipate-2, Cera Microcristallina/Microcrystalline Wax/Cire Microcristalline, Polyethylene, Tricaprylin, Silica Dimethyl Silylate, Butyrospermum Parkii (Shea) Butter, Sorbitan Oleate, Vp/Eicosene Copolymer, Vp/Hexadecene Copolymer, Mica, Silica, Ethylhexyl Palmitate, Caprylyl Glycol, Octyldodecyl Neopentanoate, Butyrospermum Parkii (Shea) Butter Unsaponifiables, Aroma/Flavor, Parfum/Fragrance, Tribehenin, Pentaerythrityl Tetra-Di-T-Butyl Hydroxyhydrocinnamate, Sorbitan Isostearate, Tocopherol, Tocopheryl Acetate, Synthetic Fluorphlogopite, Borago Officinalis Seed Oil, Mangifera Indica (Mango) Seed Butter, Tetrahexyldecyl Ascorbate, Lactic Acid, Palmitoyl Tripeptide-1, Calcium Sodium Borosilicate, Calcium Aluminum Borosilicate, Tin Oxide, Benzyl Benzoate, Limonene, Titanium Dioxide (Ci 77891), Iron Oxides (Ci 77491, Ci 77499).']",19.0,,13.0,1,0,0,0,0,"['Shimmer Finish', 'Vegan']",Makeup,Lip,Lip Gloss,1,19.0,13.0
P458193,"Mini Full Frontal Volume, Lift & Curl Mascara",6200,Fenty Beauty by Rihanna,30412,2.9749,199.0,0.15 oz/ 4.7 g,Color,Cuz I'm Black,true black,"['Aqua/Water/Eau, Synthetic Beeswax, Paraffin, Palmitic Acid, Styrene/Acrylates/Ammonium Methacrylate Copolymer, Stearic Acid, Butylene Glycol, Aminomethyl Propanediol, Cera Carnauba/Copernicia Cerifera (Carnauba) Wax/Cire De Carnauba, Glyceryl Stearate, Vp/Eicosene Copolymer, Acacia Seyal Gum, Polybutene, Phenoxyethanol, Nylon-66, Hydroxyethylcellulose, Triethoxycaprylylsilane, Sodium Laureth-12 Sulfate, Caprylyl Glycol, C11-15 Pareth-7, Potassium Sorbate, Tetrasodium Edta, Disodium Phosphate, Polysorbate 60, Silica, Bht, Sodium Phosphate, Iron Oxides (Ci 77499), Titanium Dioxide (Ci 77891).']",13.0,,,0,0,0,1,0,"['Volumizing', 'Curling', 'Lengthening', 'Vegan']",Makeup,Eye,Mascara,0,,
P457811,Face Shaping Brush 125,6200,Fenty Beauty by Rihanna,27666,4.7091,55.0,,,,,,34.0,,,0,0,0,0,0,,Makeup,Brushes & Applicators,Face Brushes,0,,
P455188,What it Dew Makeup Refreshing Spray,6200,Fenty Beauty by Rihanna,26013,3.5698,86.0,3.4 oz/ 100 mL,Size,3.4 oz/ 100 mL,,"['Aqua/Water/Eau, Cyclopentasiloxane, Dimethicone, Propanediol, Hamamelis Virginiana (Witch Hazel) Water, Alcohol, Phenoxyethanol, Ethylhexylglycerin, Ppg-26-Buteth-26, Parfum/Fragrance, PEG-40 Hydrogenated Castor Oil, Disodium Edta, Butylene Glycol, Lavandula Angustifolia (Lavender) Flower Water, Chamomilla Recutita (Matricaria) Flower/Leaf Extract, Centaurea Cyanus Flower Extract, Hyacinthus Orientalis (Hyacinth) Extract, Salvia Sclarea (Clary) Extract, Borago Officinalis Extract, 1,2-Hexanediol, Tocopherol, Hexyl Cinnamal, Benzyl Salicylate, Linalool, Limonene.']",30.0,,,0,0,0,1,0,,Makeup,Face,Setting Spray & Powder,0,,
P469816,Body Sauce Body Luminizing Tint,6200,Fenty Beauty by Rihanna,25088,3.907,86.0,3.21 oz/ 95 mL,Color,03 Agave Spice,,"['Aqua/Water/Eau, Butyloctyl Salicylate, Isododecane, Butylene Glycol Dicaprylate/Dicaprate, Mica, Hydrogenated Poly (C6-14 Olefin), Hydrogenated Polydecene, Hydrogenated Polyisobutene, Orbignya Oleifera Seed Oil, Propanediol, Vinyl Dimethicone/Methicone Silsesquioxane Crosspolymer, Cetyl Peg/Ppg-10/1 Dimethicone, Synthetic Fluorphlogopite, Butylene Glycol, Magnesium Sulfate, Disteardimonium Hectorite, Hexyl Laurate, Polyglyceryl-4 Isostearate, Parfum/Fragrance, Caprylyl Glycol, Tocopheryl Acetate, Ethylhexylglycerin, Lecithin, Triethoxycaprylylsilane, Propylene Carbonate, Sorbitan Isostearate, 1,2-Hexanediol, Dimethicone, Quercetin, Disodium Edta, Tin Oxide, Pentaerythrityl Tetra-Di-T-Butyl Hydroxyhydrocinnamate, Titanium Dioxide (Ci 77891), Iron Oxides (Ci 77491, Ci 77492, Ci 77499).']",52.0,,,0,0,0,0,0,"['Vegan', 'Shimmer Finish']",Bath & Body,Body Moisturizers,Body Lotions & Body Oils,6,52.0,52.0
P479634,Liquid Killawatt Fluid Freestyle Highlighter,6200,Fenty Beauty by Rihanna,23484,3.3455,55.0,0.5 oz/ 15 mL,Color,Sidechick,white gold with gold shimmer,"['Sidechick:', 'Aqua/Water/Eau, Dimethicone, Isododecane, Butylene Glycol, Peg-10 Dimethicone, Mica, Calcium Sodium Borosilicate, Cetyl Peg/Ppg-10/1 Dimethicone, Synthetic Fluorphlogopite, Disteardimonium Hectorite, 1,2-Hexanediol, Caprylyl Glycol, Propylene Carbonate, Sodium Dehydroacetate, Triethoxycaprylylsilane, Propanediol, Tin Oxide, Phytic Acid, Glycerin, Salvia Sclarea (Clary) Extract, Potassium Sorbate, Sodium Benzoate, Titanium Dioxide (Ci 77891).', 'Honey Hawtie:', 'Aqua/Water/Eau, Dimethicone, Isododecane, Mica, Butylene Glycol, Peg-10 Dimethicone, Cetyl Peg/Ppg-10/1 Dimethicone, Calcium Sodium Borosilicate, Disteardimonium Hectorite, 1,2-Hexanediol, Caprylyl Glycol, Propylene Carbonate, Sodium Dehydroacetate, Triethoxycaprylylsilane, Propanediol, Phytic Acid, Tin Oxide, Glycerin, Salvia Sclarea (Clary) Extract, Potassium Sorbate, Sodium Benzoate, Iron Oxides (Ci 77491), Titanium Dioxide (Ci 77891).', 'Hu$tla Baby 2.0:', 'Aqua/Water/Eau, Dimethicone, Isododecane, Mica, Butylene Glycol, Peg-10 Dimethicone, Cetyl Peg/Ppg-10/1 Dimethicone, Synthetic Fluorphlogopite, Disteardimonium Hectorite, 1,2-Hexanediol, Caprylyl Glycol, Propylene Carbonate, Sodium Dehydroacetate, Triethoxycaprylylsilane, Propanediol, Tin Oxide, Phytic Acid, Glycerin, Salvia Sclarea (Clary) Extract, Potassium Sorbate, Sodium Benzoate, Iron Oxides (Ci 77491), Titanium Dioxide (Ci 77891).', 'Butta Brownie and Vintage Velour:', 'Aqua/Water/Eau, Dimethicone, Isododecane, Mica, Butylene Glycol, Peg-10 Dimethicone, Cetyl Peg/Ppg-10/1 Dimethicone, Disteardimonium Hectorite, 1,2-Hexanediol, Caprylyl Glycol, Propylene Carbonate, Sodium Dehydroacetate, Triethoxycaprylylsilane, Propanediol, Phytic Acid, Glycerin, Tin Oxide, Salvia Sclarea (Clary) Extract, Potassium Sorbate, Sodium Benzoate. May Contain/Peut Contenir (+/-): Iron Oxides (Ci 77491, Ci 77499), Titanium Dioxide (Ci 77891).']",32.0,,,0,0,0,0,0,"['Vegan', 'Shimmer Finish', 'Cruelty-Free']",Makeup,Face,Highlighter,4,32.0,32.0
P31285448,Precision Concealer Brush 180,6200,Fenty Beauty by Rihanna,23405,4.1429,35.0,,,,,,26.0,,,0,0,0,0,0,,Makeup,Brushes & Applicators,Face Brushes,0,,
P501312,Eaze Drop'lit All-Over Glow Enhancer,6200,Fenty Beauty by Rihanna,23357,4.1565,230.0,1.22 fl oz / 36 mL,Color,Taffy Topaz,champagne glow for light medium-to-medium skin tones,"['Aqua/Water/Eau, Glycereth-26, Dimethicone, Glycerin, Dipropylene Glycol, Triisostearin, 1,2-Hexanediol, Dipentaerythrityl Hexa C5-9 Acid Esters, Betaine, Mica, Phenoxyethanol, Isodecyl Neopentanoate, Sodium Hyaluronate, Cetearyl Olivate, Caprylic/Capric Triglyceride, Sorbitan Olivate, Hydroxyethyl Acrylate/Sodium Acryloyldimethyl Taurate Copolymer, C14-22 Alcohols, Tocopheryl Acetate, Squalane, Tromethamine, Carbomer, C12-20 Alkyl Glucoside, Punica Granatum Pericarp Extract, Synthetic Fluorphlogopite, Polysorbate 60, Disodium EDTA, Silica, Tin Oxide, Sorbitan Isostearate, Xanthan Gum, Opuntia Tuna Fruit Extract, Silybum Marianum Extract, Alumina, Iron Oxides (CI 77491), Titanium Dioxide (CI 77891).']",34.0,,,0,0,0,0,0,"['Radiant Finish', 'Hydrating', 'Black Owned at Sephora']",Makeup,Face,Highlighter,3,34.0,34.0
P31145789,Sculpting Bronzer Brush 195,6200,Fenty Beauty by Rihanna,22612,4.4545,22.0,,,,,,34.0,,,0,0,0,0,0,,Makeup,Brushes & Applicators,Face Brushes,0,,
P456148,Match Stix Glow Skinstick,6200,Fenty Beauty by Rihanna,22099,3.0345,87.0,0.19 oz/ 5.5 g,Size,0.19 oz/ 5.5 g,iridescent pink,"['Ethyl Oleate, Octyldodecanol, Ethyl Stearate, Phenyl Trimethicone, Simmondsia Chinensis (Jojoba) Seed Oil, Dibutyl Lauroyl Glutamide, Butyrospermum Parkii (Shea) Butter Unsaponifiables, Ethyl Linoleate, Dibutyl Ethylhexanoyl Glutamide, Ethyl Palmitate, Aroma/Flavor, Mica, Silica, Squalene, Medicago Sativa (Alfalfa) Extract, Cocos Nucifera (Coconut) Oil, Citric Acid, Titanium Dioxide (Ci 77891).']",32.0,,,0,0,0,0,0,,Makeup,Face,Highlighter,0,,
P40999785,Lil Precision Makeup Sponge Duo 105,6200,Fenty Beauty by Rihanna,21727,3.7917,48.0,,,,,,18.0,,,0,0,0,0,0,,Makeup,Brushes & Applicators,Sponges & Applicators,0,,
P448704,Kabuki-Buff Foundation Brush 115,6200,Fenty Beauty by Rihanna,21536,3.9533,107.0,,,,,,36.0,,,0,0,0,0,0,,Makeup,Brushes & Applicators,Face Brushes,0,,
P481357,Fenty Icon The Case Semi-Matte Refillable Lipstick,6200,Fenty Beauty by Rihanna,20152,3.338,71.0,,Color,Red,,,12.0,,,0,0,0,0,0,,Makeup,Lip,Lipstick,3,12.0,6.0
P503178,Mini Baby Watts Fluid Freestyle Highlighter Duo,6200,Fenty Beauty by Rihanna,17369,3.75,4.0,,,,,"['Hu$Tla Baby 2.0:', 'Aqua/Water/Eau, Dimethicone, Isododecane, Mica, Butylene Glycol, Peg-10 Dimethicone, Cetyl Peg/Ppg-10/1 Dimethicone, Synthetic Fluorphlogopite, Disteardimonium Hectorite, 1,2-Hexanediol, Caprylyl Glycol, Propylene Carbonate, Sodium Dehydroacetate, Triethoxycaprylylsilane, Propanediol, Tin Oxide, Phytic Acid, Glycerin, Salvia Sclarea (Clary) Extract, Potassium Sorbate, Sodium Benzoate, Iron Oxides (Ci 77491), Titanium Dioxide (Ci 77891).', 'Sandy Peach:', 'Aqua/Water/Eau, Dimethicone, Isododecane, Mica, Butylene Glycol, Peg-10 Dimethicone, Cetyl Peg/Ppg-10/1 Dimethicone, Disteardimonium Hectorite, 1,2-Hexanediol, Caprylyl Glycol, Propylene Carbonate, Sodium Dehydroacetate, Triethoxycaprylylsilane, Propanediol, Tin Oxide, Phytic Acid, Glycerin, Salvia Sclarea (Clary) Extract, Potassium Sorbate, Sodium Benzoate, Iron Oxides (Ci 77491), Titanium Dioxide (Ci 77891).']",22.0,,11.0,1,0,0,1,0,"['Vegan', 'Shimmer Finish', 'Black Owned at Sephora', 'Cruelty-Free']",Mini Size,Makeup,,0,,
P463038,Mini Pro Filt'r Mattifying Primer,6200,Fenty Beauty by Rihanna,17147,3.3673,49.0,0.5 oz/ 15 mL,Size,0.5 oz/ 15 mL,,"['Water, Dimethicone, Isononyl Isononanoate, Polypropylene, Cetyl Peg/Ppg-10/1 Dimethicone, Pentylene Glycol, Isododecane, Nylon-12, Polymethyl Methacrylate, Hdi/Trimethylol Hexyllactone Crosspolymer, Maltose, Phenoxyethanol, Sodium Chloride, Dimethicone/Vinyl Dimethicone Crosspolymer, Magnesium Sulfate, Ethylhexylglycerin, Disteardimonium Hectorite, Agave Tequilana Leaf Extract, Dimethiconol, Silica, Propylene Carbonate, Fragrance, Biosaccharide Gum-4, Tocopherol.']",20.0,,,0,0,0,0,0,"['Matte Finish', 'Vegan']",Mini Size,Makeup,,0,,
P503158,Double Cheek'd Up: Freestyle Cream Blush Duo,6200,Fenty Beauty by Rihanna,17083,4.1111,9.0,,,,,"['Octyldodecanol, Isononyl Isononanoate, Dicalcium Phosphate, Synthetic Fluorphlogopite, Caprylic/Capric Triglyceride, Pentaerythrityl Tetraisostearate, Synthetic Wax, Bis-Diglyceryl Polyacyladipate-2, Silica Silylate, Polyethylene, Nylon-12, Candelilla Cera/Euphorbia Cerifera (Candelilla) Wax/Cire De Candelilla, Disteardimonium Hectorite, Tocopheryl Acetate, Pentaerythrityl Tetra-Di-T-Butyl Hydroxyhydrocinnamate, Tin Oxide, Bht. May Contain/Peut Contenir (+/-): Iron Oxides (Ci 77491, Ci 77492), Red 28 Lake (Ci 45410), Titanium Dioxide (Ci 77891), Yellow 6 Lake (Ci 15985), Blue 1 Lake (Ci 42090).']",34.0,44.0,17.0,1,0,0,1,0,"['Vegan', 'Natural Finish', 'Cream Formula', 'Black Owned at Sephora']",Makeup,Cheek,Blush,0,,
P48653278,Invisimatte Blotting Paper Refill,6200,Fenty Beauty by Rihanna,16100,4.3182,22.0,,,,,,10.0,,,0,0,0,0,0,,Makeup,Accessories,Blotting Papers,0,,
P454334,Precise Definition Eyeshadow Brush 220,6200,Fenty Beauty by Rihanna,14912,4.4444,9.0,,,,,,24.0,,,0,0,0,0,0,,Makeup,Brushes & Applicators,Eye Brushes,0,,
P501436,Match Stix Corrector Skinstick,6200,Fenty Beauty by Rihanna,11902,3.36,25.0,.25 oz / 7.1 g,Color,Banana,yellow for light medium to medium- skin tones,"['Tricaprylin, C12-15 Alkyl Ethylhexanoate, Synthetic Wax, Polymethyl Methacrylate, Octyldodecanol, Mica, Octyldodecyl Neopentanoate, Sucrose Acetate Isobutyrate, Cera Microcristallina/Microcrystalline Wax/Cire Microcristalline, Silica, Polymethylsilsesquioxane, Vp/Eicosene Copolymer, Vp/Hexadecene Copolymer, Cetyl Peg/Ppg-10/1 Dimethicone, Caprylyl Glycol, Pentaerythrityl Tetra-Di-T-Butyl Hydroxyhydrocinnamate, Tocopheryl Acetate, Ascorbyl Palmitate, Cocos Nucifera (Coconut) Oil, Tocopherol, Calcium Sodium Borosilicate, Synthetic Fluorphlogopite, Calcium Aluminum Borosilicate, Polyethylene Terephthalate, Acrylates Copolymer, Sodium Hyaluronate, Bht, Tin Oxide, Iron Oxides (Ci 77491, Ci 77492, Ci 77499), Titanium Dioxide (Ci 77891).']",32.0,,,0,0,0,0,0,"['Stick Formula', 'Long-wearing', 'Matte Finish']",Makeup,Face,Color Correct,3,32.0,32.0
P454333,Plush Eyeshadow Brush 240,6200,Fenty Beauty by Rihanna,11515,4.75,4.0,,,,,,24.0,,,0,0,0,0,0,,Makeup,Brushes & Applicators,Eye Brushes,0,,
P454335,Precision Blending Eyeshadow Brush 230,6200,Fenty Beauty by Rihanna,11342,4.3333,6.0,,,,,,24.0,,,0,0,0,0,0,,Makeup,Brushes & Applicators,Eye Brushes,0,,
P504069,"The Navy Collection: 5-Piece Lip, Eye + Accessories Set",6200,Fenty Beauty by Rihanna,4651,4.0,1.0,,,,,"['Fenty Icon Fill Lipstick The MVP:', 'Octyldodecanol, Diisostearyl Malate, Dimethicone, Synthetic Wax, Pentaerythrityl Hydrogenated Rosinate, Aluminum Starch Octenylsuccinate, Lauroyl Lysine, Silica, Nylon-12, Trimethylsiloxysilicate, Polypropylsilsesquioxane, Hydrated Silica, Synthetic Fluorphlogopite, Polyethylene, Parfum/Fragrance, Octyldodecyl Neopentanoate, Disteardimonium Hectorite, Aqua/Water/Eau, Sorbitan Oleate, Tribehenin, Candelilla Cera/Euphorbia Cerifera (Candelilla) Wax/Cire De Candelilla, Caprylyl Glycol, Aroma/Flavor, Mica, Propylene Carbonate, Hydrolyzed Hyaluronic Acid, Tocopherol, Tocopheryl Acetate, Tetrahexyldecyl Ascorbate, Calcium Sodium Borosilicate, Calcium Aluminum Borosilicate, Pentaerythrityl Tetra-Di-T-Butyl Hydroxyhydrocinnamate, Tin Oxide, Benzyl Benzoate, Limonene, Iron Oxides (Ci 77499), Red 6 (Ci 15850), Red 7 Lake (Ci 15850), Titanium Dioxide (Ci 77891).', 'Wish You Wood Longwear Pencil Eyeliner', 'My Navy:', 'Hydrogenated Polyisobutene, Isododecane, Synthetic Wax, Polymethylsilsesquioxane, Mica, Polybutene, Silica, Hydrogenated Polydicyclopentadiene, Oryza Sativa (Rice) Bran Wax, Hydrogenated Castor Oil, Synthetic Beeswax, Ethylene/Propylene Copolymer, Maltodextrin, Pentaerythrityl Tetra-Di-T-Butyl Hydroxyhydrocinnamate, Ferric Ferrocyanide (Ci 77510), Ultramarines (Ci 77007), Iron Oxides (Ci 77492), Carmine (Ci 75470), Titanium Dioxide (Ci 77891), Blue 1 Lake (Ci 42090).']",58.0,78.0,,1,0,1,0,0,"['Vegan', 'Without Phthalates', 'Without Parabens', 'Black Owned at Sephora', 'Cruelty-Free']",Makeup,Value & Gift Sets,,0,,
P504632,Football Sponge,6200,Fenty Beauty by Rihanna,4206,3.2857,7.0,,,,,,16.0,,,1,0,1,1,0,,Makeup,Brushes & Applicators,Sponges & Applicators,0,,
P501262,Invisimatte Refill Instant Setting + Blotting Powder,6200,Fenty Beauty by Rihanna,4183,3.5,4.0,0.3 oz / 8.5 ml,Color,Universal,universal,"['Synthetic Fluorphlogopite, Calcium Carbonate, Magnesium Myristate, Hdi/Trimethylol Hexyllactone Crosspolymer, Octyldodecyl Stearoyl Stearate, Polymethylsilsesquioxane, Squalane, Mica, Coconut Acid, 1,2-Hexanediol, Caprylyl Glycol, Silica, Salvia Hispanica Seed Extract, Leuconostoc/Radish Root Ferment Filtrate, Phenoxyethanol, Sodium Hyaluronate, Manganese Violet (Ci 77742), Iron Oxides (Ci 77492).']",26.0,,,0,0,0,0,0,"['Long-wearing', 'Matte Finish']",Makeup,Face,Setting Spray & Powder,0,,
P428901,Custom Match Stix Trio,6200,Fenty Beauty by Rihanna,0,,,0.25 oz/ 7.10 g,Color,Confetti,iridescent opal,"['Mica, Ethylhexyl Isononanoate, Octyldodecanol, Polymethyl Methacrylate, Sucrose Acetate Isobutyrate, C20-40 Alcohols, Tribehenin, Paraffin, Polyethylene, Vp/Eicosene Copolymer, Vp/Hexadecene Copolymer, Diisostearyl Malate, Cera Microcristallina/Microcrystalline Wax/Cire Microcristalline, Caprylyl Glycol, Phenoxyethanol, Tocopheryl Acetate, Hexylene Glycol, Tocopherol, Isostearyl Alcohol, Ascorbyl Palmitate, Malic Acid, Calcium Sodium Borosilicate, Synthetic Fluorphlogopite, Calcium Aluminum Borosilicate, Polyethylene Terephthalate, Acrylates Copolymer, Silica, Tin Oxide, Iron Oxides (CI 77491), Titanium Dioxide (CI 77891).']",32.0,,,0,0,0,0,0,,Makeup,Face,Face Sets,3,32.0,32.0
P472162,Butta Drop Whipped Oil Body Cream with Tropical Oils + Butters,6352,Fenty Skin,74432,4.5174,460.0,2.5 oz/ 75 mL,Size,2.5 oz/ 75 mL,,"['Aqua/Water/Eau, Cocos Nucifera (Coconut) Oil, Glycerin, Caprylic/Capric Triglyceride, Oryza Sativa (Rice) Bran Oil, Propanediol, Cetearyl Alcohol, Cetyl Ethylhexanoate, Dimethicone, Butyrospermum Parkii (Shea) Butter, Mangifera Indica (Mango) Seed Butter, Cetearyl Olivate, Diisostearyl Malate, Polyglyceryl-3 Methylglucose Distearate, Citrullus Lanatus (Watermelon) Seed Oil, Hibiscus Sabdariffa Seed Oil, Adansonia Digitata Seed Oil, Malpighia Punicifolia (Acerola) Fruit Extract, Adansonia Digitata Fruit Extract, Helianthus Annuus (Sunflower) Seed Oil, Simmondsia Chinensis (Jojoba) Seed Oil, Plumeria Acutifolia Flower Extract, Aloe Barbadensis Leaf Juice, Sodium Hyaluronate, Glycine Soja (Soybean) Oil, Tocopheryl Acetate, Tocopherol, Sorbitan Olivate, Polysorbate 60, Potassium Cetyl Phosphate, Acrylates/C10-30 Alkyl Acrylate Crosspolymer, Ethylhexylglycerin, Ethyl Hexanediol, Butylene Glycol, Caprylyl Glycol, Tromethamine, Phenoxyethanol, Mica, Tin Oxide, Synthetic Fluorphlogopite, Parfum/Fragrance, Titanium Dioxide (Ci 77891)']",23.0,,,0,0,1,0,1,,Bath & Body,Body Moisturizers,Body Lotions & Body Oils,2,44.0,39.0
P467249,Hydra Vizor Invisible Moisturizer Broad Spectrum SPF 30 Sunscreen with Niacinamide + Kalahari Melon,6352,Fenty Skin,64620,4.0128,781.0,1.7 oz/ 50 mL,Size + Concentration,1.7 oz/ 50 mL,,"['Water, Glycerin, Carthamus Tinctorius (Safflower) Oleosomes, Pentylene Glycol, Butylene Glycol, C12-15 Alkyl Benzoate, Niacinamide, Zea Mays (Corn) Starch, Hyaluronic Acid, Sodium Hyaluronate, Citrullus Lanatus (Watermelon) Seed Extract, Adansonia Digitata Pulp Extract, Barosma Betulina Leaf Extract, Aloe Barbadensis Leaf Juice, Tocopheryl Acetate, Gluconolactone, Sorbitan Oleate, Acrylates/C10-30 Alkyl Acrylate Crosspolymer, Sodium Acrylate/Sodium Acryloyldimethyl Taurate Copolymer, Dimethicone, Isohexadecane, Ethylhexyl Methoxycrylene, Polysorbate 80, Xanthan Gum, Sodium Hydroxide, Citric Acid, Potassium Hydroxide, Tocopherol, Trisodium Ethylenediamine Disuccinate, Ethylhexylglycerin, Sodium Benzoate, Potassium Sorbate, Phenoxyethanol, Fragrance, Benzyl Salicylate, Citral, Hexyl Cinnamal, Limonene, Linalool, Red 33.']",39.0,,,0,0,0,0,1,"['Refill Available', 'Hyaluronic Acid', 'Hydrating', 'Clean at Sephora', 'Oil Free', 'Black Owned at Sephora']",Skincare,Moisturizers,Moisturizers,3,39.0,25.0
P500307,Cherry Treat Conditioning + Strengthening Lip Oil,6352,Fenty Skin,119797,4.4484,533.0,.19 oz / 5.6 mL,Size,.19 oz / 5.6 mL,,"['Polyglyceryl-2 Triisostearate, Polyglyceryl-2 Isostearate/Dimer Dilinoleate Copolymer, Diphenyl Dimethicone, Silica Dimethyl Silylate, Prunus Avium (Sweet Cherry) Seed Oil*, Simmondsia Chinensis (Jojoba) Seed Oil, Dextrin Palmitate, Rosa Canina Fruit Oil, Malpighia Glabra (Acerola) Fruit Extract*, Prunus Serotina (Wild Cherry) Fruit Extract*, Raphanus Sativus (Radish) Root Extract, Maltodextrin, Citric Acid, Aqua/Water/Eau, Benzyl Alcohol, Benzyl Benzoate, Dehydroacetic Acid, Butylene Glycol, 1,2-Hexanediol, Aroma/Flavor.']",24.0,,,0,0,0,0,1,"['Vegan', 'Hydrating', 'Clean at Sephora', 'Good for: Dryness', 'Black Owned at Sephora', 'Cruelty-Free']",Skincare,Lip Balms & Treatments,,0,,
P467248,Fat Water Niacinamide Pore-Refining Toner Serum with Barbados Cherry,6352,Fenty Skin,77300,4.1052,485.0,5.0 oz/ 150 mL,Size + Concentration,5.0 oz/ 150 mL Original,,"['Aqua/Water/Eau, Hamamelis Virginiana (Witch Hazel) Water, Butylene Glycol, Niacinamide, Polysorbate 20, Leuconostoc/Radish Root Ferment Filtrate, Backhousia Citriodora Leaf Extract, Camellia Oleifera Leaf Extract, Cereus Grandiflorus (Cactus) Flower Extract, Ficus Carica (Fig) Fruit Extract, Ginkgo Biloba Leaf Extract, Hovenia Dulcis Fruit Extract, Malpighia Punicifolia (Acerola) Fruit Extract, Glycerin, Acrylates/C10-30 Alkyl Acrylate Crosspolymer, Citric Acid, Sodium Hydroxide, Benzoic Acid, Potassium Sorbate, Phenoxyethanol, Parfum/Fragrance, Red 33 (Ci 17200).']",34.0,,,0,0,0,0,1,"['Vegan', 'Good for: Pores', 'Clean at Sephora', 'Alcohol Free', 'Good for: Dark spots', 'Black Owned at Sephora']",Skincare,Cleansers,Toners,1,34.0,34.0
P467247,Total Cleans'r Makeup-Removing Cleanser with Barbados Cherry,6352,Fenty Skin,42777,4.103,427.0,4.9 oz/ 145 mL,Size + Concentration,4.9 oz/ 145 mL,,"['Aqua/Water/Eau, Sodium Cocoyl Glycinate, Sodium Cocoamphoacetate, Cocamidopropyl Betaine, Sodium Chloride, Polyglyceryl-10 Laurate, Glycerin, Acrylates/C10-30 Alkyl Acrylate Crosspolymer, Glycol Distearate, Sucrose, Malpighia Punicifolia (Acerola) Fruit Extract, Chaenomeles Sinensis Fruit Extract, Camellia Sinensis Leaf Extract, Ficus Carica (Fig) Fruit Extract, Ginkgo Biloba Leaf Extract, Tocopheryl Acetate, Coconut Acid, Sodium Cocoate, Sodium Metabisulfite, Polyquaternium-7, Sodium Benzotriazolyl Butylphenol Sulfonate, Butylene Glycol, Caprylyl Glycol, Sodium Benzoate, Phenoxyethanol, Parfum/Fragrance, Benzyl Salicylate, Blue 1 (Ci 42090), Red 40 (Ci 16035), Titanium Dioxide (Ci 77891), Yellow 5 (Ci 19140), Yellow 6 (Ci 15985).']",28.0,,,0,0,0,0,1,"['Good for: Pores', 'Vitamin C', 'Clean at Sephora', 'Oil Free', 'Black Owned at Sephora', 'Cruelty-Free']",Skincare,Cleansers,Face Wash & Cleansers,2,28.0,15.0
P482264,Cookies N Clean Whipped Clay Pore Detox Face Mask with Salicylic Acid + Charcoal,6352,Fenty Skin,73465,4.6897,390.0,2.5 oz/ 75 mL,Size,2.5 oz/ 75 mL,,"['Aqua/Water/Eau, Kaolin, Glycerin, Bentonite, Cetearyl Alcohol, Caprylic/Capric Triglyceride, Cetyl Ethylhexanoate, Salicylic Acid, Charcoal Powder, Rheum Palmatum Root Extract, Zingiber Officinale (Ginger) Root Extract, Panthenol, Tocopheryl Acetate, Butyrospermum Parkii (Shea) Butter, Mannitol, Sorbitan Stearate, Citric Acid, Microcrystalline Cellulose, Polysorbate 60, Hydroxypropyl Methylcellulose, Polyacrylate Crosspolymer-6, Sodium Polyacrylate Starch, Potassium Hydroxide, Phenoxyethanol, Titanium Dioxide (Ci 77891).']",35.0,,,0,0,0,1,1,"['Good for: Dullness/Uneven Texture', 'Good for: Pores', 'Clean at Sephora', 'Fragrance Free', 'Salicylic Acid', 'Black Owned at Sephora']",Skincare,Masks,Face Masks,0,,
P503692,Plush Puddin’ Intensive Recovery Lip Mask With Pomegranate Sterols + Vitamin E,6352,Fenty Skin,76840,4.1144,376.0,0.5 oz / 15 mL,Size,0.5 oz / 15 mL,,"['Polybutene, Hydrogenated Polydecene, Bis-Diglyceryl Polyacyladipate-2, Ricinus Communis (Castor) Seed Oil, Caprylic/Capric Triglyceride, Hydrogenated Styrene/Isoprene Copolymer, Polyethylene, Silica, Cocos Nucifera (Coconut) Oil, Malpighia Punicifolia (Acerola) Fruit Extract, Punica Granatum Flower Extract, Punica Granatum Sterols, Tocopherol, Tocopheryl Acetate, Simmondsia Chinensis (Jojoba) Seed Oil,  Aroma/Flavor, Pentaerythrityl Tetra-Di-T-Butyl Hydroxyhydrocinnamate, Polyglyceryl-3 Diisostearate, Dicalcium Phosphate, Phenoxyethanol, Titanium Dioxide (Ci 77891), Yellow 5 Lake (Ci 19140), Iron Oxides (Ci 77491).']",22.0,,,0,0,0,1,1,"['Vegan', 'Hydrating', 'Clean at Sephora', 'Good for: Dryness', 'Black Owned at Sephora', 'Cruelty-Free']",Skincare,Lip Balms & Treatments,,0,,
P477763,Hydra'Reset Intensive Recovery Glycerin Hand Mask,6352,Fenty Skin,19761,4.2345,145.0,2.5 oz/ 75 mL,Size,2.5 oz/ 75 mL,,"['Glycerin, Aqua/Water/Eau, Panthenol, Ethylhexyl Stearate, Cetyl Alcohol, Stearyl Alcohol, Mangifera Indica (Mango) Seed Butter, Astrocaryum Murumuru Seed Butter, Citrullus Lanatus (Watermelon) Seed Oil, Hibiscus Sabdariffa Seed Oil, Malpighia Punicifolia (Acerola) Fruit Extract, Garcinia Mangostana Fruit Extract, Tocopherol, Sodium Phytate, Palmitic Acid, Cetearyl Alcohol, Dimethicone, Cetearyl Glucoside, Stearic Acid, Caprylyl Glycol, Butylene Glycol, Glycine Soja (Soybean) Oil, Sodium Polyacrylate, Hydroxyethyl Acrylate/Sodium Acryloyldimethyl Taurate Copolymer, Phenoxyethanol, Parfum/Fragrance, Linalool, Limonene, Benzyl Salicylate, Hexyl Cinnamal.']",25.0,,,0,0,0,0,1,"['Vegan', 'Hydrating', 'Clean at Sephora', 'Good for: Dryness', 'Black Owned at Sephora', 'Cruelty-Free']",Bath & Body,Body Moisturizers,Hand Cream & Foot Cream,1,14.0,14.0
P476516,Butta Drop Whipped Oil Hydrating Body Cream Mini,6352,Fenty Skin,19707,4.1552,58.0,2.5 oz/ 75 mL,Size,2.5 oz/ 75 mL,,"['Aqua/Water/Eau, Cocos Nucifera (Coconut) Oil, Glycerin, Caprylic/Capric Triglyceride, Oryza Sativa (Rice) Bran Oil, Propanediol, Cetearyl Alcohol, Cetyl Ethylhexanoate, Dimethicone, Butyrospermum Parkii (Shea) Butter, Mangifera Indica (Mango) Seed Butter, Cetearyl Olivate, Diisostearyl Malate, Polyglyceryl-3 Methylglucose Distearate, Citrullus Lanatus (Watermelon) Seed Oil, Hibiscus Sabdariffa Seed Oil, Adansonia Digitata Seed Oil, Malpighia Punicifolia (Acerola) Fruit Extract, Adansonia Digitata Fruit Extract, Helianthus Annuus (Sunflower) Seed Oil, Simmondsia Chinensis (Jojoba) Seed Oil, Plumeria Acutifolia Flower Extract, Aloe Barbadensis Leaf Juice, Sodium Hyaluronate, Glycine Soja (Soybean) Oil, Tocopheryl Acetate, Tocopherol, Sorbitan Olivate, Polysorbate 60, Potassium Cetyl Phosphate, Acrylates/C10-30 Alkyl Acrylate Crosspolymer, Ethylhexylglycerin, Ethyl Hexanediol, Butylene Glycol, Caprylyl Glycol, Tromethamine, Phenoxyethanol, Mica, Tin Oxide, Synthetic Fluorphlogopite, Parfum/Fragrance, Titanium Dioxide (Ci 77891)']",23.0,,,0,0,1,0,1,,Bath & Body,Body Moisturizers,Body Lotions & Body Oils,0,,
P474038,Buff Ryder Exfoliating Body Scrub With Superfine Sand + Fruit Enzymes,6352,Fenty Skin,17631,3.625,72.0,6 oz/ 170 mL,,,,"['Sucrose, Glycine Soja (Soybean) Oil, Helianthus Annuus Hybrid Oil (Helianthus Annuus (Sunflower) Seed Oil), Sea Salt/Maris Sal/Sel Marin, Cocos Nucifera (Coconut) Oil, Butyrospermum Parkii (Shea) Butter, Polyglyceryl-3 Caprate, Silica, Helianthus Annuus (Sunflower) Seed Oil, Caprylic/Capric Triglyceride, Trihydroxystearin, Styrene/Butadiene Copolymer, Persea Gratissima (Avocado) Fruit Powder, Lactobacillus/Punica Granatum Fruit Ferment Extract, Papain, Bromelain, Quartz, Tocopherol, Citric Acid, Pumice, Caprylyl Glycol, Maltodextrin, Phenoxyethanol, Pentaerythrityl Tetra-Di-T-Butyl Hydroxyhydrocinnamate, Parfum/Fragrance, Hydroxycitronellal, Limonene.']",34.0,,,0,0,0,0,1,"['Vegan', 'Good for: Dullness/Uneven Texture', 'Vitamin C', 'Clean at Sephora', 'Good for: Dryness', 'Black Owned at Sephora']",Bath & Body,Bath & Shower,Scrub & Exfoliants,0,,
P501581,Cocoa Cleans'r Soothing All-Over Cleansing Bar,6352,Fenty Skin,12779,4.1739,299.0,5 oz / 141.7 g,Size,5 oz / 141.7 g,,"['Sodium Palm Kernelate, Sodium Palmate, Aqua/Water/Eau, Potassium Palm Kernelate, Palm Kernel Acid, Potassium Palmate, Cocos Nucifera (Coconut) Oil, Theobroma Cacao (Cocoa) Seed Butter, Butyrospermum Parkii (Shea) Butter, Adansonia Digitata Seed Oil, Glycerin, Theobroma Cacao (Cocoa) Seed Powder, Plantago Major Leaf Extract, Psidium Guajava Leaf Extract, Tocopheryl Acetate, Glycine Soja (Soybean) Oil, Sodium Gluconate, Palm Acid, Sodium Chloride, Potassium Carbonate, Parfum/Fragrance, Coumarin.']",14.0,,,0,0,0,0,1,"['Vegan', 'Clean at Sephora', 'Good for: Dryness', 'Black Owned at Sephora', 'Cruelty-Free']",Skincare,Cleansers,Face Wash & Cleansers,0,,
P500894,Fat Water Hydrating Milky Toner Essence with Hyaluronic Acid + Tamarind,6352,Fenty Skin,24560,4.6554,296.0,5 oz / 150 mL,Size,5 oz / 150 mL,,"['Aqua/Water/Eau, Propanediol, Glycerin, Squalane, Glyceryl Stearate, Niacinamide, Panthenol, Cocos Nucifera (Coconut) Oil, Pyrus Malus (Apple) Fruit Extract, Hyaluronic Acid, Tamarindus Indica Seed Polysaccharide, Sodium PCA, Magnesium PCA, Zinc PCA, Manganese PCA, Citrullus Lanatus (Watermelon) Seed Oil, Adansonia Digitata Seed Oil, Malpighia Punicifolia (Acerola) Fruit Extract, Camellia Sinensis Leaf Extract, Tocopherol, Ethylhexylglycerin, Hydroxyethylcellulose, Caprylyl Glycol, Hexylene Glycol, Potassium Cetyl Phosphate, Tetrasodium Glutamate Diacetate, Potassium Sorbate, Sodium Hydroxide, Disodium Phosphate, Sodium Benzotriazolyl Butylphenol Sulfonate, Polyacrylate Crosspolymer-6, Polysorbate 60, Sodium Glycolate, Sodium Formate, Sodium Phosphate, Phenoxyethanol, Parfum/Fragrance, Hexyl Cinnamal, Limonene, Linalool, Benzyl Salicylate, Yellow 6 (CI 15985), Red 4 (CI 14700).']",34.0,,,0,0,0,0,1,"['Good for: Pores', 'Clean at Sephora', 'Good for: Dryness', 'Good for: Dark spots', 'Black Owned at Sephora', 'Niacinamide']",Skincare,Moisturizers,Mists & Essences,0,,
P467251,Fenty Skin Travel Size Start'r Set,6352,Fenty Skin,38902,4.0647,278.0,,,,,"['Fat Water Toner Serum:', 'Aqua/Water/Eau, Hamamelis Virginiana (Witch Hazel) Water, Butylene Glycol, Niacinamide, Polysorbate 20, Leuconostoc/Radish Root Ferment Filtrate, Backhousia Citriodora Leaf Extract, Camellia Oleifera Leaf Extract, Cereus Grandiflorus (Cactus) Flower Extract, Ficus Carica (Fig) Fruit Extract, Ginkgo Biloba Leaf Extract, Hovenia Dulcis Fruit Extract, Malpighia Punicifolia (Acerola) Fruit Extract, Glycerin, Acrylates/C10-30 Alkyl Acrylate Crosspolymer, Citric Acid, Sodium Hydroxide, Benzoic Acid, Potassium Sorbate, Phenoxyethanol, Parfum/Fragrance, Red 33 (Ci 17200).', 'Hydra Vizor SPF Moisturizer:', 'Water, Glycerin, Carthamus Tinctorius (Safflower) Oleosomes, Pentylene Glycol, Butylene Glycol, C12-15 Alkyl Benzoate, Niacinamide, Zea Mays (Corn) Starch, Hyaluronic Acid, Sodium Hyaluronate, Citrullus Lanatus (Watermelon) Seed Extract, Adansonia Digitata Pulp Extract, Barosma Betulina Leaf Extract, Aloe Barbadensis Leaf Juice, Tocopheryl Acetate, Gluconolactone, Sorbitan Oleate, Acrylates/C10-30 Alkyl Acrylate Crosspolymer, Sodium Acrylate/Sodium Acryloyldimethyl Taurate Copolymer, Dimethicone, Isohexadecane, Ethylhexyl Methoxycrylene, Polysorbate 80, Xanthan Gum, Sodium Hydroxide, Citric Acid, Potassium Hydroxide, Tocopherol, Trisodium Ethylenediamine Disuccinate, Ethylhexylglycerin, Sodium Benzoate, Potassium Sorbate, Phenoxyethanol, Fragrance, Benzyl Salicylate, Citral, Hexyl Cinnamal, Limonene, Linalool, Red 33, Avobenzone 3%, Homosalate 9%, Octisalate 4.5%', 'Total Cleans’r:', 'Aqua/Water/Eau, Sodium Cocoyl Glycinate, Sodium Cocoamphoacetate, Cocamidopropyl Betaine, Sodium Chloride, Polyglyceryl-10 Laurate, Glycerin, Acrylates/C10-30 Alkyl Acrylate Crosspolymer, Glycol Distearate, Sucrose, Malpighia Punicifolia (Acerola) Fruit Extract, Chaenomeles Sinensis Fruit Extract, Camellia Sinensis Leaf Extract, Ficus Carica (Fig) Fruit Extract, Ginkgo Biloba Leaf Extract, Tocopheryl Acetate, Coconut Acid, Sodium Cocoate, Sodium Metabisulfite, Polyquaternium-7, Sodium Benzotriazolyl Butylphenol Sulfonate, Butylene Glycol, Caprylyl Glycol, Sodium Benzoate, Phenoxyethanol, Parfum/Fragrance, Benzyl Salicylate, Blue 1 (Ci 42090), Red 40 (Ci 16035), Titanium Dioxide (Ci 77891), Yellow 5 (Ci 19140), Yellow 6 (Ci 15985).']",45.0,,,0,0,0,1,1,"['Good for: Pores', 'Clean at Sephora', 'Oil Free', 'SPF', 'Good for: Dark spots', 'Black Owned at Sephora']",Skincare,Value & Gift Sets,,0,,
P503250,Watch Ya Tone 5% Niacinamide Dark Spot Serum with Vitamin C,6352,Fenty Skin,25289,4.5829,199.0,1 fl oz / 30 mL,Size,1 fl oz / 30 mL,,"['Aqua/Water/Eau, Niacinamide, Aloe Barbadensis Leaf Juice, C12-15 Alkyl Benzoate, Propanediol, Betaine, 3-O-Ethyl Ascorbic Acid, Glycereth-26, Myrciaria Dubia Fruit Extract, Malpighia Punicifolia (Acerola) Fruit Extract, Dipotassium Glycyrrhizate, Camellia Sinensis Leaf Extract, Tocopherol, Glycerin, Citric Acid, Butylene Glycol, Sodium Polyacrylate, Ammonium Acryloyldimethyltaurate/Beheneth-25 Methacrylate Crosspolymer, Polymethylsilsesquioxane, Polyglyceryl-10 Laurate, Glyceryl Polyacrylate, Ethylhexylglycerin, Dimethicone, Phenoxyethanol, Benzotriazolyl Dodecyl P-Cresol, Ethyl Hexanediol.']",42.0,,,0,0,0,0,1,"['Refill Available', 'Good for: Dullness/Uneven Texture', 'Vitamin C', 'Clean at Sephora', 'Niacinamide', 'Black Owned at Sephora']",Skincare,Treatments,Face Serums,1,38.0,38.0
P479319,Pre-Show Glow Instant Retexturizing 10% AHA Treatment + Reusable Applicator,6352,Fenty Skin,17786,4.4348,184.0,1 oz/ 30 mL,Size,1 oz/ 30 mL,,"['Aqua/Water/Eau, Glycolic Acid, Sodium C14-16 Olefin Sulfonate, Butylene Glycol, Cocamidopropyl Betaine, Polyglyceryl-10 Laurate, Glycerin, Potassium Hydroxide, Lactic Acid, Papain, Lactobacillus/Punica Granatum Fruit Ferment Extract, Vaccinium Macrocarpon (Cranberry) Fruit Extract, Malpighia Punicifolia (Acerola) Fruit Extract, Hibiscus Sabdariffa Flower Extract, Aspalathus Linearis Leaf Extract, Panthenol, Cyanocobalamin, Leuconostoc/Radish Root Ferment Filtrate, Citric Acid, Caprylyl Glycol, Sodium Hydroxide, Sodium Chloride, Phenoxyethanol, Sodium Benzotriazolyl Butylphenol Sulfonate, Parfum/Fragrance.']",42.0,,,0,0,0,0,1,"['Good for: Dullness/Uneven Texture', 'Good for: Pores', 'AHA/Glycolic Acid', 'Good for: Dark spots', 'Black Owned at Sephora', 'Cruelty-Free']",Skincare,Treatments,Facial Peels,1,34.0,34.0
P467250,Instant Reset Brightening Overnight Recovery Gel-Cream With Niacinamide + Kalahari Melon Oil,6352,Fenty Skin,35804,4.1988,166.0,1.7 oz/ 50 mL,Size,1.7 oz/ 50 mL,,"['Aqua/Water/Eau, Glycerin, Caprylic/Capric Triglyceride, Dicaprylyl Carbonate, Glycereth-26, Niacinamide, Hyaluronic Acid, Sodium Hyaluronate, Panthenol, Tocopheryl Acetate, Citrullus Lanatus (Watermelon) Seed Oil, Backhousia Citriodora Leaf Extract, Cereus Grandiflorus (Cactus) Flower Extract, Hovenia Dulcis Fruit Extract, Adansonia Digitata Seed Oil, Adansonia Digitata Fruit Extract, Camellia Sinensis Leaf Extract, Aloe Barbadensis Leaf Juice, Simmondsia Chinensis (Jojoba) Seed Oil, Tocopherol, Phospholipids, Hydrolyzed Jojoba Esters, Cetearyl Glucoside, Glyceryl Caprylate, Glyceryl Undecylenate, Polyglyceryl-3 Methylglucose Distearate, Hydroxyethyl Acrylate/Sodium Acryloyldimethyl Taurate Copolymer, Cetearyl Alcohol, Ammonium Acryloyldimethyltaurate/Beheneth-25 Methacrylate Crosspolymer, Pentaerythrityl Tetra-Di-T-Butyl Hydroxyhydrocinnamate, Polysorbate 60, Sorbitan Isostearate, Sodium Phytate, Xanthan Gum, Citric Acid, Leuconostoc/Radish Root Ferment Filtrate, Hydroxyacetophenone, Propanediol, Butylene Glycol, Ethylhexylglycerin, Phenoxyethanol, Parfum/Fragrance, Benzyl Salicylate, Hexyl Cinnamal, Linalool, Limonene, Red 4 (Ci 14700), Red 33 (Ci 17200).']",45.0,,,0,0,0,0,1,"['Refill Available', 'Hyaluronic Acid', 'Good for: Loss of firmness', 'Hydrating', 'Niacinamide', 'Black Owned at Sephora']",Skincare,Moisturizers,Moisturizers,2,40.0,26.0
P484044,The Body Duo Mini Body Scrub + Moisturizer Essentials,6352,Fenty Skin,10700,4.2,5.0,,,,,"['Buff Ryder Mini Exfoliating Body Scrub:', 'Sucrose, Glycine Soja (Soybean) Oil, Helianthus Annuus Hybrid Oil (Helianthus Annuus (Sunflower) Seed Oil), Sea Salt/Maris Sal/Sel Marin, Cocos Nucifera (Coconut) Oil, Butyrospermum Parkii (Shea) Butter, Polyglyceryl-3 Caprate, Silica, Helianthus Annuus (Sunflower) Seed Oil, Caprylic/Capric Triglyceride, Trihydroxystearin, Styrene/Butadiene Copolymer, Persea Gratissima (Avocado) Fruit Powder, Lactobacillus/Punica Granatum Fruit Ferment Extract, Papain, Bromelain, Quartz, Tocopherol, Citric Acid, Pumice, Caprylyl Glycol, Maltodextrin, Phenoxyethanol, Pentaerythrityl Tetra-Di-T-Butyl Hydroxyhydrocinnamate, Parfum/Fragrance, Hydroxycitronellal, Limonene.', 'Butta Drop Mini Whipped Oil Body Cream:', 'Aqua/Water/Eau, Cocos Nucifera (Coconut) Oil, Glycerin, Caprylic/Capric Triglyceride, Oryza Sativa (Rice) Bran Oil, Propanediol, Cetearyl Alcohol, Cetyl Ethylhexanoate, Dimethicone, Butyrospermum Parkii (Shea) Butter, Mangifera Indica (Mango) Seed Butter, Cetearyl Olivate, Diisostearyl Malate, Polyglyceryl-3 Methylglucose Distearate, Citrullus Lanatus (Watermelon) Seed Oil, Hibiscus Sabdariffa Seed Oil, Adansonia Digitata Seed Oil, Malpighia Punicifolia (Acerola) Fruit Extract, Adansonia Digitata Fruit Extract, Helianthus Annuus (Sunflower) Seed Oil, Simmondsia Chinensis (Jojoba) Seed Oil, Plumeria Acutifolia Flower Extract, Aloe Barbadensis Leaf Juice, Sodium Hyaluronate, Glycine Soja (Soybean) Oil, Tocopheryl Acetate, Tocopherol, Sorbitan Olivate, Polysorbate 60, Potassium Cetyl Phosphate, Acrylates/C10-30 Alkyl Acrylate Crosspolymer, Ethylhexylglycerin, Ethyl Hexanediol, Butylene Glycol, Caprylyl Glycol, Tromethamine, Phenoxyethanol, Parfum/Fragrance, Benzyl Salicylate, Hexyl Cinnamal, Limonene, Linalool.']",32.0,,24.0,1,0,1,0,1,"['Vegan', 'Good for: Dullness/Uneven Texture', 'Hydrating', 'Clean at Sephora', 'Good for: Dryness']",Bath & Body,Value & Gift Sets,,0,,
P504240,Mini Instant Reset Brightening Overnight Recovery Gel-Cream With Niacinamide + Kalahari Melon Oil,6352,Fenty Skin,4881,4.1988,166.0,1 oz / 30 mL,Size,1 oz / 30 mL,,"['Aqua/Water/Eau, Glycerin, Caprylic/Capric Triglyceride, Dicaprylyl Carbonate, Glycereth-26, Niacinamide, Hyaluronic Acid, Sodium Hyaluronate, Panthenol, Tocopheryl Acetate, Citrullus Lanatus (Watermelon) Seed Oil, Backhousia Citriodora Leaf Extract, Cereus Grandiflorus (Cactus) Flower Extract, Hovenia Dulcis Fruit Extract, Adansonia Digitata Seed Oil, Adansonia Digitata Fruit Extract, Camellia Sinensis Leaf Extract, Aloe Barbadensis Leaf Juice, Simmondsia Chinensis (Jojoba) Seed Oil, Tocopherol, Phospholipids, Hydrolyzed Jojoba Esters, Cetearyl Glucoside, Glyceryl Caprylate, Glyceryl Undecylenate, Polyglyceryl-3 Methylglucose Distearate, Hydroxyethyl Acrylate/Sodium Acryloyldimethyl Taurate Copolymer, Cetearyl Alcohol, Ammonium Acryloyldimethyltaurate/Beheneth-25 Methacrylate Crosspolymer, Pentaerythrityl Tetra-Di-T-Butyl Hydroxyhydrocinnamate, Polysorbate 60, Sorbitan Isostearate, Sodium Phytate, Xanthan Gum, Citric Acid, Leuconostoc/Radish Root Ferment Filtrate, Hydroxyacetophenone, Propanediol, Butylene Glycol, Ethylhexylglycerin, Phenoxyethanol, Parfum/Fragrance, Benzyl Salicylate, Hexyl Cinnamal, Linalool, Limonene, Red 4 (Ci 14700), Red 33 (Ci 17200).']",26.0,,,0,1,0,0,1,"['Refill Available', 'Hyaluronic Acid', 'Good for: Loss of firmness', 'Hydrating', 'Niacinamide', 'Black Owned at Sephora']",Skincare,Moisturizers,Moisturizers,0,,
P469087,Flash Nap Instant Revival Priming Eye Gel-Cream With Green Tea + Persian Silk Tree,6352,Fenty Skin,26880,3.5143,70.0,0.5 oz/ 15 mL,Size,0.5 oz/ 15 mL,,"['Aqua/Water/Eau, Glycerin, Propanediol, Neopentyl Glycol Diheptanoate, Dipentaerythrityl Hexa C5-9 Acid Esters, Cetearyl Olivate, Cetearyl Alcohol, Sorbitan Olivate, Albizia Julibrissin Bark Extract, Sigesbeckia Orientalis Extract, Caesalpinia Spinosa Fruit Extract, Camellia Sinensis Leaf Extract, Ginkgo Biloba Leaf Extract, Hovenia Dulcis Fruit Extract, Kappaphycus Alvarezii Extract, Hyaluronic Acid, Dipotassium Glycyrrhizate, Sodium Hyaluronate, Escin, Menthyl Lactate, Acrylates/C10-30 Alkyl Acrylate Crosspolymer, Butylene Glycol, Dimethicone, Potassium Hydroxide, Sodium Metabisulfite, Hydroxyacetophenone, Potassium Sorbate, Sodium Benzoate, Phenoxyethanol, Mica, Titanium Dioxide (Ci 77891), Benzyl Salicylate, Hexyl Cinnamal, Limonene, Linalool, Parfum/Fragrance.']",36.0,,,0,0,0,0,1,"['Hyaluronic Acid', 'Hydrating', 'Good for: Dark Circles', 'Good for: Anti-Aging', 'Oil Free', 'Black Owned at Sephora']",Skincare,Eye Care,Eye Creams & Treatments,1,44.0,44.0
P476485,Hydra Vizor Invisible Moisturizer Broad Spectrum SPF 30 Sunscreen with Niacinamide Refill,6352,Fenty Skin,14985,4.4865,37.0,1.7 oz/ 50 mL Refill,Size + Concentration,1.7 oz/ 50 mL Refill,,"['Water, Glycerin, Carthamus Tinctorius (Safflower) Oleosomes, Pentylene Glycol, Butylene Glycol, C12-15 Alkyl Benzoate, Niacinamide, Zea Mays (Corn) Starch, Hyaluronic Acid, Sodium Hyaluronate, Citrullus Lanatus (Watermelon) Seed Extract, Adansonia Digitata Pulp Extract, Barosma Betulina Leaf Extract, Aloe Barbadensis Leaf Juice, Tocopheryl Acetate, Gluconolactone, Sorbitan Oleate, Acrylates/C10-30 Alkyl Acrylate Crosspolymer, Sodium Acrylate/Sodium Acryloyldimethyl Taurate Copolymer, Dimethicone, Isohexadecane, Ethylhexyl Methoxycrylene, Polysorbate 80, Xanthan Gum, Sodium Hydroxide, Citric Acid, Potassium Hydroxide, Tocopherol, Trisodium Ethylenediamine Disuccinate, Ethylhexylglycerin, Sodium Benzoate, Potassium Sorbate, Phenoxyethanol, Fragrance, Benzyl Salicylate, Citral, Hexyl Cinnamal, Limonene, Linalool, Red 33.']",35.0,,,0,0,0,0,1,"['Refill Available', 'Hyaluronic Acid', 'Hydrating', 'Clean at Sephora', 'Oil Free', 'Black Owned at Sephora']",Skincare,Moisturizers,Moisturizers,0,,
P501575,The Fenty Skin Soap Dish,6352,Fenty Skin,4682,3.0,6.0,,,,,,10.0,,,0,0,1,0,1,"['Recyclable Packaging', 'Black Owned at Sephora']",Tools & Brushes,Beauty Accessories,Makeup & Travel Cases,0,,
P504237,Mini Hydra'Reset Intensive Recovery Glycerin Hand Mask,6352,Fenty Skin,4344,4.2345,145.0,1 oz / 30 mL,Size,1 oz / 30 mL,,"['Glycerin, Aqua/Water/Eau, Panthenol, Ethylhexyl Stearate, Cetyl Alcohol, Stearyl Alcohol, Mangifera Indica (Mango) Seed Butter, Astrocaryum Murumuru Seed Butter, Citrullus Lanatus (Watermelon) Seed Oil, Hibiscus Sabdariffa Seed Oil, Malpighia Punicifolia (Acerola) Fruit Extract, Garcinia Mangostana Fruit Extract, Tocopherol, Sodium Phytate, Palmitic Acid, Cetearyl Alcohol, Dimethicone, Cetearyl Glucoside, Stearic Acid, Caprylyl Glycol, Butylene Glycol, Glycine Soja (Soybean) Oil, Sodium Polyacrylate, Hydroxyethyl Acrylate/Sodium Acryloyldimethyl Taurate Copolymer, Phenoxyethanol, Parfum/Fragrance, Linalool, Limonene, Benzyl Salicylate, Hexyl Cinnamal.']",14.0,,,0,1,0,0,1,"['Vegan', 'Hydrating', 'Clean at Sephora', 'Good for: Dryness', 'Black Owned at Sephora', 'Cruelty-Free']",Bath & Body,Body Moisturizers,Hand Cream & Foot Cream,0,,
P472311,Mini Total Cleans'r Makeup Removing Cleanser,6352,Fenty Skin,9677,3.7727,22.0,1.52 oz/ 45 mL,Size,1.52 oz/ 45 mL,,"['Aqua/Water/Eau, Sodium Cocoyl Glycinate, Sodium Cocoamphoacetate, Cocamidopropyl Betaine, Sodium Chloride, Polyglyceryl-10 Laurate, Glycerin, Acrylates/C10-30 Alkyl Acrylate Crosspolymer, Glycol Distearate, Sucrose, Malpighia Punicifolia (Acerola) Fruit Extract, Chaenomeles Sinensis Fruit Extract, Camellia Sinensis Leaf Extract, Ficus Carica (Fig) Fruit Extract, Ginkgo Biloba Leaf Extract, Tocopheryl Acetate, Coconut Acid, Sodium Cocoate, Sodium Metabisulfite, Polyquaternium-7, Sodium Benzotriazolyl Butylphenol Sulfonate, Butylene Glycol, Caprylyl Glycol, Sodium Benzoate, Phenoxyethanol, Parfum/Fragrance, Benzyl Salicylate, Blue 1 (Ci 42090), Red 40 (Ci 16035), Titanium Dioxide (Ci 77891), Yellow 5 (Ci 19140), Yellow 6 (Ci 15985).']",15.0,,,0,0,1,0,1,"['Vegan', 'Good for: Pores', 'Vitamin C', 'Clean at Sephora', 'Oil Free', 'Black Owned at Sephora']",Skincare,Mini Size,,0,,
P476430,Butta Drop Whipped Oil Hydrating Body Cream,6352,Fenty Skin,2583,4.6522,23.0,6.7 oz/ 200 mL Refill,Size,6.7 oz/ 200 mL Refill,,"['Aqua/Water/Eau, Cocos Nucifera (Coconut) Oil, Glycerin, Caprylic/Capric Triglyceride, Oryza Sativa (Rice) Bran Oil, Propanediol, Cetearyl Alcohol, Cetyl Ethylhexanoate, Dimethicone, Butyrospermum Parkii (Shea) Butter, Mangifera Indica (Mango) Seed Butter, Cetearyl Olivate, Diisostearyl Malate, Polyglyceryl-3 Methylglucose Distearate, Citrullus Lanatus (Watermelon) Seed Oil, Hibiscus Sabdariffa Seed Oil, Adansonia Digitata Seed Oil, Malpighia Punicifolia (Acerola) Fruit Extract, Adansonia Digitata Fruit Extract, Helianthus Annuus (Sunflower) Seed Oil, Simmondsia Chinensis (Jojoba) Seed Oil, Plumeria Acutifolia Flower Extract, Aloe Barbadensis Leaf Juice, Sodium Hyaluronate, Glycine Soja (Soybean) Oil, Tocopheryl Acetate, Tocopherol, Sorbitan Olivate, Polysorbate 60, Potassium Cetyl Phosphate, Acrylates/C10-30 Alkyl Acrylate Crosspolymer, Ethylhexylglycerin, Ethyl Hexanediol, Butylene Glycol, Caprylyl Glycol, Tromethamine, Phenoxyethanol, Mica, Tin Oxide, Synthetic Fluorphlogopite, Parfum/Fragrance, Titanium Dioxide (Ci 77891)']",39.0,,,0,0,0,0,1,"['Vegan', 'Refill Available', 'Vitamin C', 'Hydrating', 'Good for: Dryness', 'Black Owned at Sephora']",Bath & Body,Body Moisturizers,Body Lotions & Body Oils,0,,
P480166,Mini Hydra Vizor Invisible Moisturizer Broad Spectrum SPF 30 Sunscreen with Niacinamide,6352,Fenty Skin,11380,3.7857,14.0,1 oz/ 30 mL,Size + Concentration,1 oz/ 30 mL,,"['Water, Glycerin, Carthamus Tinctorius (Safflower) Oleosomes, Pentylene Glycol, Butylene Glycol, C12-15 Alkyl Benzoate, Niacinamide, Zea Mays (Corn) Starch, Hyaluronic Acid, Sodium Hyaluronate, Citrullus Lanatus (Watermelon) Seed Extract, Adansonia Digitata Pulp Extract, Barosma Betulina Leaf Extract, Aloe Barbadensis Leaf Juice, Tocopheryl Acetate, Gluconolactone, Sorbitan Oleate, Acrylates/C10-30 Alkyl Acrylate Crosspolymer, Sodium Acrylate/Sodium Acryloyldimethyl Taurate Copolymer, Dimethicone, Isohexadecane, Ethylhexyl Methoxycrylene, Polysorbate 80, Xanthan Gum, Sodium Hydroxide, Citric Acid, Potassium Hydroxide, Tocopherol, Trisodium Ethylenediamine Disuccinate, Ethylhexylglycerin, Sodium Benzoate, Potassium Sorbate, Phenoxyethanol, Fragrance, Benzyl Salicylate, Citral, Hexyl Cinnamal, Limonene, Linalool, Red 33.']",25.0,,,0,0,0,0,1,"['Refill Available', 'Hyaluronic Acid', 'Hydrating', 'Clean at Sephora', 'Oil Free', 'Black Owned at Sephora']",Skincare,Moisturizers,Moisturizers,0,,
P504880,Melt Awf Jelly Oil Makeup-Melting Cleanser,6352,Fenty Skin,8214,4.0909,11.0,3.3 oz / 100 mL,Size,3.3 oz / 100 mL,,"['Helianthus Annuus (Sunflower) Seed Oil, Carthamus Tinctorius (Safflower) Seed Oil, Glycine Soja (Soybean) Oil, Octyldodecanol, Butyrospermum Parkii (Shea) Butter, Peg-20 Glyceryl Triisostearate, Bis-Diglyceryl Polyacyladipate-2, Hydrogenated Castor Oil, Trihydroxystearin, Disteardimonium Hectorite, Adansonia Digitata Seed Oil, Citrullus Lanatus (Watermelon) Seed Oil, Sambucus Nigra Seed Oil,  Cucumis Sativus (Cucumber) Seed Oil, Avena Sativa (Oat) Kernel Oil, Tocopherol, Rosmarinus Officinalis (Rosemary) Leaf Extract, Aqua/Water/Eau, Propylene Carbonate, Phenoxyethanol, Parfum/Fragrance, Limonene, Linalool.']",34.0,,,0,1,0,0,1,"['Vegan', 'Good for: Pores', 'Hydrating', 'Clean at Sephora', 'Good for: Dryness', 'Black Owned at Sephora']",Skincare,Cleansers,Face Wash & Cleansers,0,,
P476496,Instant Reset Brightening Overnight Recovery Gel-Cream with Niacinamide Refill,6352,Fenty Skin,8257,5.0,8.0,1.7 oz/ 50 mL Refill,Size,1.7 oz/ 50 mL Refill,,"['Aqua/Water/Eau, Glycerin, Caprylic/Capric Triglyceride, Dicaprylyl Carbonate, Glycereth-26, Niacinamide, Hyaluronic Acid, Sodium Hyaluronate, Panthenol, Tocopheryl Acetate, Citrullus Lanatus (Watermelon) Seed Oil, Backhousia Citriodora Leaf Extract, Cereus Grandiflorus (Cactus) Flower Extract, Hovenia Dulcis Fruit Extract, Adansonia Digitata Seed Oil, Adansonia Digitata Fruit Extract, Camellia Sinensis Leaf Extract, Aloe Barbadensis Leaf Juice, Simmondsia Chinensis (Jojoba) Seed Oil, Tocopherol, Phospholipids, Hydrolyzed Jojoba Esters, Cetearyl Glucoside, Glyceryl Caprylate, Glyceryl Undecylenate, Polyglyceryl-3 Methylglucose Distearate, Hydroxyethyl Acrylate/Sodium Acryloyldimethyl Taurate Copolymer, Cetearyl Alcohol, Ammonium Acryloyldimethyltaurate/Beheneth-25 Methacrylate Crosspolymer, Pentaerythrityl Tetra-Di-T-Butyl Hydroxyhydrocinnamate, Polysorbate 60, Sorbitan Isostearate, Sodium Phytate, Xanthan Gum, Citric Acid, Leuconostoc/Radish Root Ferment Filtrate, Hydroxyacetophenone, Propanediol, Butylene Glycol, Ethylhexylglycerin, Phenoxyethanol, Parfum/Fragrance, Benzyl Salicylate, Hexyl Cinnamal, Linalool, Limonene, Red 4 (Ci 14700), Red 33 (Ci 17200).']",40.0,,,0,0,0,0,1,"['Refill Available', 'Hyaluronic Acid', 'Good for: Loss of firmness', 'Hydrating', 'Niacinamide', 'Black Owned at Sephora']",Skincare,Moisturizers,Moisturizers,0,,
P501886,The Glow Around 4-Piece Travel Skincare Essentials Set,6352,Fenty Skin,7523,5.0,1.0,,,,,"['Total Cleanser Remove-It-All Cleanser:', 'Aqua/Water/Eau, Sodium Cocoyl Glycinate, Sodium Cocoamphoacetate, Cocamidopropyl Betaine, Sodium Chloride, Polyglyceryl-10 Laurate, Glycerin, Acrylates/C10-30 Alkyl Acrylate Crosspolymer, Glycol Distearate, Sucrose, Malpighia Punicifolia (Acerola) Fruit Extract, Chaenomeles Sinensis Fruit Extract, Camellia Sinensis Leaf Extract, Ficus Carica (Fig) Fruit Extract, Ginkgo Biloba Leaf Extract, Tocopheryl Acetate, Coconut Acid, Sodium Cocoate, Sodium Metabisulfite, Polyquaternium-7, Sodium Benzotriazolyl Butylphenol Sulfonate, Butylene Glycol, Caprylyl Glycol, Sodium Benzoate, Phenoxyethanol, Parfum/Fragrance, Benzyl Salicylate, Blue 1 (Ci 42090), Red 40 (Ci 16035), Titanium Dioxide (Ci 77891), Yellow 5 (Ci 19140), Yellow 6 (Ci 15985).', 'Fat Water Pore-Refining Toner Serum:', 'Aqua/Water/Eau, Hamamelis Virginiana (Witch Hazel) Water, Butylene Glycol, Niacinamide, Polysorbate 20, Leuconostoc/Radish Root Ferment Filtrate, Backhousia Citriodora Leaf Extract, Camellia Oleifera Leaf Extract, Cereus Grandiflorus (Cactus) Flower Extract, Ficus Carica (Fig) Fruit Extract, Ginkgo Biloba Leaf Extract, Hovenia Dulcis Fruit Extract, Malpighia Punicifolia (Acerola) Fruit Extract, Glycerin, Acrylates/C10-30 Alkyl Acrylate Crosspolymer, Citric Acid, Sodium Hydroxide, Benzoic Acid, Potassium Sorbate, Phenoxyethanol, Parfum/Fragrance, Red 33 (Ci 17200).', 'Hydra Vizor Invisible Moisturizer Broad Spectrum SPF 30:', 'Avobenzone 3%, Homosalate 9%, Octisalate 4.5%, Aqua/Water/Eau, Glycerin, Carthamus Tinctorius Oleosomes, Pentylene Glycol, Butylene Glycol, C12-15 Alkyl Benzoate, Niacinamide, Zea Mays (Corn) Starch, Fragrance/Parfum, Sodium Acrylate/Sodium Acryloyldimethyl Taurate Copolymer, Phenoxyethanol, Isohexadecane, Dimethicone, Ethylhexyl Methoxycrylene, Polysorbate 80, Dl-Alpha Tocopheryl Acetate, Aloe Barbadensis Leaf Juice, Acrylates/C10-30 Alkyl Acrylate Crosspolymer, Sorbitan Oleate, Ethylhexylglycerin, Gluconolactone, Trisodium Ethylenediamine Disuccinate, Sodium Hydroxide, Xanthan Gum, Citric Acid, Potassium Hydroxide, Sodium Benzoate, Barosma Betulina Leaf Extract, Citrullus Lanatus (Watermelon) Seed Extract, Adansonia Digitata Pulp Extract, Hyaluronic Acid, Sodium Hyaluronate, Red 33 (Ci 17200), Potassium Sorbate, D-Alpha Tocopherol, Benzyl Salicylate, Citral, Hexyl Cinnamal, Limonene, Linalool.', 'Pre-Show Glow:', 'Aqua/Water/Eau, Glycolic Acid, Sodium C14-16 Olefin Sulfonate, Butylene Glycol, Cocamidopropyl Betaine, Polyglyceryl-10 Laurate, Glycerin, Potassium Hydroxide, Lactic Acid, Papain, Lactobacillus/Punica Granatum Fruit Ferment Extract, Vaccinium Macrocarpon (Cranberry) Fruit Extract, Malpighia Punicifolia (Acerola) Fruit Extract, Hibiscus Sabdariffa Flower Extract, Aspalathus Linearis Leaf Extract, Panthenol, Cyanocobalamin, Leuconostoc/Radish Root Ferment Filtrate, Citric Acid, Caprylyl Glycol, Sodium Hydroxide, Sodium Chloride, Phenoxyethanol, Sodium Benzotriazolyl Butylphenol Sulfonate, Parfum/Fragrance.']",59.0,86.0,41.3,1,0,0,1,1,"['Vegan', 'Good for: Pores', 'Clean at Sephora', 'Good for: Anti-Aging', 'Good for: Dryness', 'Black Owned at Sephora']",Skincare,Value & Gift Sets,,0,,
P503110,Mini Cleansing Bar Duo + Case,6352,Fenty Skin,6562,,,,,,,"['Sodium Palm Kernelate, Sodium Palmate, Aqua/Water/Eau, Potassium Palm Kernelate, Palm Kernel Acid, Potassium Palmate, Cocos Nucifera (Coconut) Oil, Theobroma Cacao (Cocoa) Seed Butter, Butyrospermum Parkii (Shea) Butter, Adansonia Digitata Seed Oil, Glycerin, Theobroma Cacao (Cocoa) Seed Powder, Plantago Major Leaf Extract, Psidium Guajava Leaf Extract, Tocopheryl Acetate, Glycine Soja (Soybean) Oil, Sodium Gluconate, Palm Acid, Sodium Chloride, Potassium Carbonate, Parfum/Fragrance, Coumarin.']",19.0,,,1,0,1,0,1,"['Vegan', 'Clean at Sephora', 'Good for: Dryness', 'Black Owned at Sephora', 'Cruelty-Free']",Skincare,Value & Gift Sets,,0,,
P501574,Renew + Recover Face + Eye Hydration Essentials,6352,Fenty Skin,5017,,,,,,,"['Instant Reset Brightening Overnight Recovery Gel-Cream with Niacinamide:', 'Aqua/Water/Eau, Glycerin, Caprylic/Capric Triglyceride, Dicaprylyl Carbonate, Glycereth-26, Niacinamide, Hyaluronic Acid, Sodium Hyaluronate, Panthenol, Tocopheryl Acetate, Citrullus Lanatus (Watermelon) Seed Oil, Backhousia Citriodora Leaf Extract, Cereus Grandiflorus (Cactus) Flower Extract, Hovenia Dulcis Fruit Extract, Adansonia Digitata Seed Oil, Adansonia Digitata Fruit Extract, Camellia Sinensis Leaf Extract, Aloe Barbadensis Leaf Juice, Simmondsia Chinensis (Jojoba) Seed Oil, Tocopherol, Phospholipids, Hydrolyzed Jojoba Esters, Cetearyl Glucoside, Glyceryl Caprylate, Glyceryl Undecylenate, Polyglyceryl-3 Methylglucose Distearate, Hydroxyethyl Acrylate/Sodium Acryloyldimethyl Taurate Copolymer, Cetearyl Alcohol, Ammonium Acryloyldimethyltaurate/Beheneth-25 Methacrylate Crosspolymer, Pentaerythrityl Tetra-Di-T-Butyl Hydroxyhydrocinnamate, Polysorbate 60, Sorbitan Isostearate, Sodium Phytate, Xanthan Gum, Citric Acid, Leuconostoc/Radish Root Ferment Filtrate, Hydroxyacetophenone, Propanediol, Butylene Glycol, Ethylhexylglycerin, Phenoxyethanol, Parfum/Fragrance, Benzyl Salicylate, Hexyl Cinnamal, Linalool, Limonene, Red 4 (CI 14700), Red 33 (CI 17200).', 'Flash Nap Instant Revival Priming Eye Gel-Cream:', 'Aqua/Water/Eau, Glycerin, Caprylic/Capric Triglyceride, Dicaprylyl Carbonate, Glycereth-26, Niacinamide, Hyaluronic Acid, Sodium Hyaluronate, Panthenol, Tocopheryl Acetate, Citrullus Lanatus (Watermelon) Seed Oil, Backhousia Citriodora Leaf Extract, Cereus Grandiflorus (Cactus) Flower Extract, Hovenia Dulcis Fruit Extract, Adansonia Digitata Seed Oil, Adansonia Digitata Fruit Extract, Camellia Sinensis Leaf Extract, Aloe Barbadensis Leaf Juice, Simmondsia Chinensis (Jojoba) Seed Oil, Tocopherol, Phospholipids, Hydrolyzed Jojoba Esters, Cetearyl Glucoside, Glyceryl Caprylate, Glyceryl Undecylenate, Polyglyceryl-3 Methylglucose Distearate, Hydroxyethyl Acrylate/Sodium Acryloyldimethyl Taurate Copolymer, Cetearyl Alcohol, Ammonium Acryloyldimethyltaurate/Beheneth-25 Methacrylate Crosspolymer, Pentaerythrityl Tetra-Di-T-Butyl Hydroxyhydrocinnamate, Polysorbate 60, Sorbitan Isostearate, Sodium Phytate, Xanthan Gum, Citric Acid, Leuconostoc/Radish Root Ferment Filtrate, Hydroxyacetophenone, Propanediol, Butylene Glycol, Ethylhexylglycerin, Phenoxyethanol, Parfum/Fragrance, Benzyl Salicylate, Hexyl Cinnamal, Linalool, Limonene, Red 4 (CI 14700), Red 33 (CI 17200).']",45.0,59.0,,1,0,1,0,1,"['Vegan', 'Hydrating', 'Clean at Sephora', 'Good for: Anti-Aging', 'Good for: Dryness', 'Black Owned at Sephora']",Skincare,Value & Gift Sets,,0,,
P7880,Soy Hydrating Gentle Face Cleanser,4348,fresh,282865,4.3628,8733.0,5 oz/ 150 mL,Size,5 oz/ 150 mL,,"['Aqua (Water), Coco-Glucoside, Butylene Glycol, Glycerin, Propanediol, Xanthan Gum, 1,2-Hexanediol, Polyglyceryl-10 Laurate, Centaurea Cyanus Flower Water, Cucumis Sativus (Cucumber) Fruit Extract, Helianthus Annuus (Sunflower) Seed Oil, Borago Officinalis Seed Oil, Hydrolyzed Soy Protein, Rosa Damascena Extract, Rosa Damascena Flower Water, Aloe Barbadensis Leaf Juice, Panax Ginseng Root Extract, Malva Sylvestris (Mallow) Flower Extract, Rosa Damascena Flower Oil, Tocopherol, Caprylic/Capric Triglyceride, Caprylyl Glycol, Hydrolyzed Jojoba Esters, Silica, Citric Acid, Pentylene Glycol, Caramel, Sodium Hydroxide, Sodium Benzoate, Potassium Sorbate.']",39.0,,,0,0,0,0,0,"['Clean at Sephora', 'Best for Dry, Combo, Normal Skin', 'Hydrating', 'Good for: Dryness', 'Good for: Dullness/Uneven Texture', 'Without Parabens']",Skincare,Cleansers,Face Wash & Cleansers,2,71.0,15.0
P302103,Sugar Advanced Lip Balm Intense Hydration Treatment,4348,fresh,125611,4.2837,2957.0,.15 oz / 4.3 g,Color,Translucent,,"['Cera Alba (Beeswax), Simmondsia Chinensis (Jojoba) Seed Oil, C10-18 Triglycerides, Ricinus Communis (Castor) Seed Oil, Hydrogenated Olive Oil Decyl Esters, Vitis Vinifera (Grape) Seed Oil, Parfum (Fragrance), Crithmum Maritimum Extract, Prunus Domestica Seed Oil, Limnanthes Alba (Meadowfoam) Seed Oil, Ribes Nigrum (Black Currant) Seed Oil, Cera Carnauba (Copernicia Cerifera (Carnauba) Wax), Hydrogenated Vegetable Oil, Tocopherol, Tocopheryl Acetate, Caprylic/Capric Triglyceride, Sodium Hyaluronate, Triolein, Sucrose Tetrastearate Triacetate, Ammonium Glycyrrhizate, Glyceryl Dioleate, Ascorbyl Tetraisopalmitate, Ascorbyl Palmitate, Ethyl Vanillin, Limonene, Citral, Benzyl Alcohol, Linalool, Geraniol.']",28.0,,,0,0,0,0,0,"['Hyaluronic Acid', 'Clean at Sephora', 'Hydrating', 'Good for: Dryness']",Skincare,Lip Balms & Treatments,,0,,
P12336,Rose Face Mask,4348,fresh,125801,4.1887,2411.0,3.3 oz/ 100 mL,Size,3.3 oz/ 100 mL,,"['Water, Butylene Glycol, Glycerin, Pentylene Glycol, PEG-60 Hydrogenated Castor Oil, Rosa Centifolia Flower, Rosa Damascena Flower Water, Rosa Damascena Extract, Cucumis Sativus (Cucumber) Fruit Extract, Anthemis Nobilis Flower Oil, Camellia Sinensis Leaf Extract, Porphyridium Cruentum Extract, Rosa Damascena Flower Oil, Aloe Barbadensis Leaf Extract, Aspalathus Linearis Leaf Extract, Faex (Yeast Extract), Tocopherol, Carbomer, Tetrasodium EDTA, Sodium Hydroxide, Maris Aqua (Sea Water), Caprylic/Capric Triglyceride, Glyceryl Acrylate/Acrylic Acid Copolymer, Sodium Hyaluronate, Caramel, Maltodextrin, Citric Acid, Sodium Benzoate, Potassium Sorbate, Phenoxyethanol, Citronellol, Geraniol.']",64.0,,,0,0,0,0,0,"['Hyaluronic Acid', 'Clean at Sephora', 'Good for: Dryness', 'Without Parabens', 'Best for Dry, Combo, Normal Skin']",Skincare,Masks,Face Masks,1,26.0,26.0
P421243,Sugar Hydrating Lip Balm,4348,fresh,132861,4.1991,2200.0,0.21 oz/ 6g,Color,Watermelon,a sheer juicy watermelon flavor,"['Isononyl Isononanoate, C10-30 Cholesterol/Lanosterol Esters,', 'Bis-Diglyceryl Polyacyladipate-2, Cera Microcristallina (Microcrystalline Wax),', 'Polybutene, Ethylene/Propylene/Styrene Copolymer, Glyceryl Behenate/Eicosadio-', 'ate, Prunus Armeniaca (Apricot) Kernel Oil, Butylene/Ethylene/Styrene Copoly-', 'mer, Fragrance, Ribes Nigrum (Black Currant) Seed Oil, Vitis Vinifera', '(Grape) Seed Oil, Mel Extract (Honey Extract), Sucrose Tetrastearate Triacetate,', 'Caramel, Tocopherol, Ascorbyl Palmitate, Silica Silylate, BHT, Ammonium Gly-', 'cyrrhizate, Polyglyceryl-2 Triisostearate, Vanillin, Aqua (Water), CI 77492 (Iron', 'Oxides), CI 77491 (Iron Oxides), Trimethylolpropane Triisostearate, CI 77499', '(Iron Oxides), Propyl Gallate, Phenoxyethanol, Limonene, Linalool, Citral,', 'Benzyl Alcohol.']",19.0,,,0,0,0,0,0,"['Clean at Sephora', 'Good for: Dryness']",Skincare,Lip Balms & Treatments,,2,19.0,19.0
P500633,Tea Elixir Niacinamide & Hyaluronic Acid Anti-Aging Serum,4348,fresh,21533,4.7724,1872.0,1 oz / 30 mL,Size,1 oz / 30 mL,,"['Aqua (Water), Glycerin, Simmondsia Chinensis (Jojoba) Seed Oil, Helianthus Annuus (Sunflower) Seed Oil, Isostearyl Alcohol, Propanediol, 1,2-Hexanediol, Niacinamide, Pentylene Glycol, Butylene Glycol Cocoate, Cellulose, Macrocystis Pyrifera (Kelp) Extract, Camellia Sinensis Leaf Extract, Argania Spinosa Kernel Oil, Hyaluronic Acid, Ceramide Np, Tocopheryl Acetate, Tocopherol, Maltodextrin, Acrylates/C10-30 Alkyl Acrylate Crosspolymer, Parfum (Fragrance), Ethylcellulose, Xanthan Gum, Sodium Hyaluronate, Sodium Hydroxide, Adenosine, Biosaccharide Gum-1, Phytosphingosine, Hydrogenated Lecithin, Chlorphenesin, Potassium Sorbate, Sodium Benzoate, Limonene, Linalool, Citronellol, Geraniol.']",80.0,,,0,0,0,0,0,"['Hyaluronic Acid', 'Clean at Sephora', 'Good for: Anti-Aging', 'Good for: Dryness', 'Niacinamide']",Skincare,Treatments,Face Serums,1,110.0,110.0
P471237,Rose & Hyaluronic Acid Deep Hydration Moisturizer,4348,fresh,52868,4.5877,1807.0,1.6 oz/ 50 mL,Size,1.6 oz/ 50 mL,,"['Aqua (Water), Glycerin, C15-19 Alkane, Butylene Glycol, Propanediol, Isostearyl Isostearate, Hexyl Laurate, Pentylene Glycol, 1,2 Hexanediol, Behenyl Alcohol, Steareth-2, Prunus Domestica Seed Oil, Rosa Damascena Flower Water, Rosa Damascena Extract, Rosa Damascena Flower Extract, Rosa Damascena Flower Oil, Cucumis Sativus (Cucumber) Fruit Extract, Angelica Keiskei Extract, Sodium Hyaluronate, Tocopheryl Acetate, Silica, Dimethicone, Ammonium Acryloyldimethyltaurate/VP Copolymer, Steareth-21, Hydroxyethyl Acrylate/Sodium Acryloyldimethyl Taurate Copolymer, Squalane, Acrylates/C10-30 Alkyl Acrylate Crosspolymer, Tromethamine, Xanthan Gum, Dimethiconol, Polysorbate 60, Algin, Pentaerythrityl Tetra-Di-T-Butyl Hydroxyhydrocinnamate, Sorbitan Isostearate, Trisodium Ethylenediamine Disuccinate, Acacia Senegal Gum, Serine, Caramel, Caprylyl Glycol, Citric Acid, Sodium Hydroxide, Chlorphenesin, Sodium Benzoate, Potassium Sorbate, Citronellol, Geraniol.']",46.0,,,0,0,0,0,0,"['Good for: Dullness/Uneven Texture', 'Hyaluronic Acid', 'Clean at Sephora', 'Good for: Dryness', 'Without Parabens', 'Best for Dry, Combo, Normal Skin']",Skincare,Moisturizers,Moisturizers,1,18.0,18.0
P274001,Sugar Lip Polish Exfoliator,4348,fresh,98027,4.2199,1833.0,10 g,,,,"['Sucrose, Simmondsia Chinensis (Jojoba) Seed Oil, Isononyl Isononanoate, Hydrogenated Castor Oil, Molasses, Ethylene/Propylene/Styrene Copolymer, Parfum (Fragrance), Silica, Butyrospermum Parkii (Shea Butter), Limnanthes Alba (Meadowfoam) Seed Oil, Vitis Vinifera (Grape) Seed Oil, Tocopheryl Acetate, Butylene/Ethylene/Styrene Copolymer, BHT, Citric Acid, Phenoxyethanol, Limonene, Citral, Benzyl Alcohol.']",19.0,,,0,0,0,0,0,"['Clean at Sephora', 'Good for: Dryness', 'Good for: Dullness/Uneven Texture', 'Without Parabens', 'Without Phthalates']",Makeup,Lip,Lip Balm & Treatment,0,,
P440312,Lotus Anti-Aging Night Moisturizer,4348,fresh,103629,4.4843,1687.0,1.6 oz/ 50 mL,Size,1.6 oz/ 50 mL,,"['Aqua (Water), Glycerin, Isononyl Isononanoate, Glyceryl Stearate, Caprylic/Capric Triglyceride, Butylene Glycol, Pentylene Glycol, C10-18 Triglycerides, Diglycerin, Butyrospermum Parkii (Shea Butter), PEG-100 Stearate, Myristyl Myristate, Nelumbo Nucifera Extract, Prunus Persica (Peach) Leaf Extract, Citrus Limon (Lemon) Peel Oil, Cucumis Sativus (Cucumber) Fruit Extract, Nelumbo Nucifera Flower Extract, Anthemis Nobilis Flower Oil, Tocopheryl Acetate, Tocopherol, Behenyl Alcohol, Ammonium Acryloyldimethyltaurate/Beheneth-25 Methacrylate Crosspolymer, Cetearyl Alcohol, Cetyl Palmitate, Cocoglycerides, Acrylates/C10-30 Alkyl Acrylate Crosspolymer, Parfum (Fragrance), Sodium Hydroxide, T-Butyl Alcohol, Sodium Metabisulfite, BHT, Tetrasodium EDTA, Ethylhexylglycerin, Potassium Sorbate, Sodium Benzoate, Phenoxyethanol, Limonene, Benzyl Salicylate, Citral.']",56.0,,,0,0,0,0,0,"['Clean at Sephora', 'Hydrating', 'Good for: Anti-Aging', 'Without Parabens', 'Best for Dry, Combo, Normal Skin']",Skincare,Moisturizers,Moisturizers,1,22.0,22.0
P503936,Black Tea Anti-Aging Moisturizer with Retinol-Alternative BT Matrix,4348,fresh,6292,4.8434,1386.0,1.6 oz / 50 mL,Size,1.6 oz / 50 mL,,"['Aqua (Water), Glycerin, Pentylene Glycol, Cocoglycerides, Squalane, Glyceryl Stearate Citrate, Hydrogenated Coco-glycerides, Jojoba Esters, Propanediol, Polyglycerin-3, Camellia Sinensis Leaf Extract, Nephelium Lappaceum Leaf Extract, Alpinia Speciosa Leaf Extract, Tocopherol, Tocopheryl Acetate, Ceramide NP, Carbomer, Adenosine, Hydroxyacetophenone, Chlorphenesin, Sodium Hydroxide, Sodium Polyacrylate, Maltodextrin, Parfum (Fragrance), Linalool, Citronellol, Geraniol.']",95.0,,,0,0,0,0,0,"['Cream Formula', 'Good for: Dullness/Uneven Texture', 'Good for: Loss of firmness', 'Clean at Sephora', 'Best for Oily, Combo, Normal Skin', 'Best for Dry, Combo, Normal Skin']",Skincare,Moisturizers,Moisturizers,0,,
P417936,Rose & Hyaluronic Acid Deep Hydration Toner,4348,fresh,159149,4.1636,1351.0,8.4 oz/ 250 mL,Size,8.4 oz/ 250 mL,,"['Water, Glycerin, Butylene Glycol, Rosa Centifolia Flower, Rosa Damascena Flower Water, Rosa Multiflora Fruit Extract, Angelica Keiskei Extract, Rosa Damascena Flower Oil, Sodium Hyaluronate, PEG-150, PPG-26-Buteth-26, PEG-40 Hydrogenated Castor Oil, Sodium Citrate, Xanthan Gum, Citric Acid, BHT, Parfum (Fragrance), Phenoxyethanol, Citronellol, Geraniol.']",46.0,,,0,0,0,0,0,"['Hyaluronic Acid', 'Community Favorite', 'Clean at Sephora', 'Hydrating', 'Without Parabens', 'Best for Dry, Combo, Normal Skin']",Skincare,Cleansers,Toners,1,26.0,26.0
P445827,Sugar Strawberry Exfoliating Face Wash,4348,fresh,61862,4.1597,1259.0,4.2 oz/ 125 mL,Size,4.2 oz/ 125 mL,,"['Glycerin, Sucrose, Butylene Glycol, Fragaria Vesca (Strawberry) Fruit Extract, PEG-6 Caprylic/Capric Glycerides, Ribes Nigrum (Black Currant) Fruit Extract, Zea Mays (Corn) Starch, Vitis Vinifera (Grape) Seed Oil, Fragaria Ananassa (Strawberry) Fruit Juice, Sapindus Mukorossi Peel Extract, Tocopherol, Parfum (Fragrance), Water, Carbomer, Sodium Hydroxide, BHT, Potassium Sorbate, Phenoxyethanol, Limonene, Citral, Benzyl Alcohol, Linalool.']",33.0,,,0,0,0,0,0,"['Clean at Sephora', 'Best for Oily, Combo, Normal Skin', 'Good for: Dullness/Uneven Texture', 'Good for: Pores', 'Without Parabens', 'Without Sulfates SLS & SLES']",Skincare,Cleansers,Face Wash & Cleansers,1,15.0,15.0
P442858,Rose Deep Hydration Sleeping Mask,4348,fresh,44288,4.4586,1232.0,1 oz/ 30 mL,Size,1 oz/ 30 mL,,"['Gel Essence:', 'Aqua (Water), Rosa Damascena Flower Water, Glycerin, Pentylene Glycol, Polyglyceryl-10 Laurate, Rosa Damascena Flower Extract, Rosa Damascena Flower Oil, Cucumis Sativus (Cucumber) Fruit Extract, Sodium Hyaluronate, Carbomer, Sodium Hydroxide, Menthoxypropanediol, Citric Acid, Caramel, 1,2-hexanediol, Caprylyl Glycol, Chlorphenesin, Sodium Benzoate, Potassium Sorbate, Citronellol, Geraniol.', 'Water Cream Mask:', 'Aqua (Water), Glycerin, Dicaprylyl Carbonate, Propanediol, Ammonium Acryloyldimethyltaurate/Vp Copolymer, Dimethicone, Rosa Damascena Flower Oil, Cucumis Sativus (Cucumber) Fruit Extract, Tocopheryl Acetate, Tocopherol, Dimethicone/Vinyl Dimethicone Crosspolymer, Caprylyl Glycol, Hydroxyethyl Acrylate/Sodium Acryloyldimethyl Taurate Copolymer, Squalane, Butylene Glycol, Pentylene Glycol, Hydroxylated Lecithin, Trehalose, Urea, Polysorbate 60, Algin, Serine, Caramel, Betaine, Inositol, Taurine, Sorbitan Isostearate, Acacia Senegal Gum, Glyceryl Polyacrylate, Pullulan, Sodium Hyaluronate, Disodium Phosphate, Potassium Phosphate, Chlorphenesin, Citronellol, Geraniol.']",29.0,,,0,0,0,0,0,"['Hyaluronic Acid', 'Good for: Dullness/Uneven Texture', 'Clean at Sephora', 'Hydrating', 'Good for: Dryness', 'Without Parabens']",Skincare,Masks,Face Masks,1,52.0,52.0
P425894,Mini Soy pH-Balanced Hydrating Face Wash,4348,fresh,64174,4.3628,8720.0,1.6 oz/ 50 mL,Size,1.6 oz/ 50 mL,,"['Aqua (Water), Coco-Glucoside, Butylene Glycol, Glycerin, Propanediol, Xanthan Gum, 1,2-Hexanediol, Polyglyceryl-10 Laurate, Centaurea Cyanus Flower Water, Cucumis Sativus (Cucumber) Fruit Extract, Helianthus Annuus (Sunflower) Seed Oil, Borago Officinalis Seed Oil, Hydrolyzed Soy Protein, Rosa Damascena Extract, Rosa Damascena Flower Water, Aloe Barbadensis Leaf Juice, Panax Ginseng Root Extract, Malva Sylvestris (Mallow) Flower Extract, Rosa Damascena Flower Oil, Tocopherol, Caprylic/Capric Triglyceride, Caprylyl Glycol, Hydrolyzed Jojoba Esters, Silica, Citric Acid, Pentylene Glycol, Caramel, Sodium Hydroxide, Sodium Benzoate, Potassium Sorbate.']",15.0,,,0,0,0,0,0,"['Good for: Dullness/Uneven Texture', 'Clean at Sephora', 'Hydrating', 'Good for: Dryness', 'Without Parabens', 'Best for Dry, Combo, Normal Skin']",Mini Size,Skincare,,0,,
P500777,Sugar Lip Balm Hydrating Treatment,4348,fresh,41928,4.5244,1148.0,,Color,Rose,a rosy pink,"['Ricinus Communis (Castor) Seed Oil, Simmondsia Chinensis (Jojoba) Seed Oil, Cera Alba (Beeswax), Vitis Vinifera (Grape) Seed Oil, Helianthus Annuus (Sunflower) Seed Wax, Hydroxystearic Acid, Parfum (Fragrance), Oryza Sativa (Rice) Bran Wax, Persea Gratissima (Avocado) Oil, Limnanthes Alba (Meadowfoam) Seed Oil, Sucrose Tetrastearate Triacetate, Vaccinium Macrocarpon (Cranberry) Seed Oil, Citrus Limon (Lemon) Peel Oil, Helianthus Annuus (Sunflower) Seed Oil, Ribes Nigrum (Black Currant) Seed Oil, Rosmarinus Officinalis (Rosemary) Leaf Extract, Tocopherol, Ascorbyl Palmitate, Ascorbyl Tetraisopalmitate , Synthetic Fluorphlogopite, Ammonium Glycyrrhizate, Ethyl Vanillin, Pentaerythrityl Tetra-Di-T-Butyl Hydroxyhydrocinnamate, Limonene, Citral, Linalool, Benzyl Alcohol, Geraniol.']",25.0,,,0,0,0,0,0,"['Clean at Sephora', 'Hydrating', 'Without Phthalates', 'Without Parabens']",Skincare,Lip Balms & Treatments,,11,25.0,25.0
P479841,Floral Recovery Overnight Mask with Squalane,4348,fresh,30022,4.797,1128.0,3.3 oz/ 100 mL,Size,3.3 oz/ 100 mL,,"['Aqua (Water), Glycerin, Squalane, Camellia Oleifera Seed Oil, Cetearyl Alcohol, Propanediol, 1,2-Hexanediol, Ascorbyl Glucoside, Passi ora Edulis Seed Oil, Centaurea Cyanus Flower Water, Prunus Cerasus (Bitter Cherry) Flower Extract, Paeonia Suffruticosa Root Extract, Tocopheryl Acetate, Tocopherol, Hydrogenated Coco- Glycerides, Cetearyl Glucoside, Cetyl Alcohol, Stearyl Alcohol, Sodium Stearoyl Glutamate, Betaine, Sodium Hydroxide, Acrylates/C10-30 Alkyl Acrylate Crosspolymer, Polyacrylate Crosspolymer-6, Butylene Glycol, Parfum (Fragrance), Sodium Hyaluronate, Glucose, Chlorphenesin, Sodium Benzoate, Potassium Sorbate.']",69.0,,,0,0,0,0,0,"['Good for: Dullness/Uneven Texture', 'Vitamin C', 'Clean at Sephora', 'Good for: Dryness', 'Without Parabens']",Skincare,Masks,Face Masks,1,28.0,28.0
P12295,Sugar Face Polish Exfoliator,4348,fresh,78005,4.5196,1070.0,4.4 oz/ 125 g,Size,4.4 oz/ 125 g,,"['Sucrose, Propylene Glycol Dicaprylate/Dicaprate, PEG-7 Glyceryl Cocoate, Stearalkonium Hectorite, Fragaria Vesca (Strawberry) Fruit Extract, Euphorbia Cerifera (Candelilla) Wax, Mangifera Indica (Mango) Seed Butter, Propylene Carbonate, Parfum (Fragrance), Limonene, Limnanthes Alba (Meadowfoam) Seed Oil, Vitis Vinifera (Grape) Seed Oil, Prunus Domestica Seed Oil, Fructose, Glucose, Tocopheryl Acetate, Caramel, Glycerin, Aqua (Water), Potassium Sorbate, BHT, Citral.']",64.0,,,0,0,0,0,0,"['Clean at Sephora', 'Good for: Pores']",Skincare,Cleansers,Exfoliators,1,26.0,26.0
P454378,Lotus Anti- Aging Daily Moisturizer,4348,fresh,52999,4.3963,1070.0,1.6 oz/ 50 mL,Size,1.6 oz/ 50 mL,,"['Aqua (Water), Glycerin, Propylene Glycol Dicaprylate/Dicaprate, Pentylene Glycol, Cetearyl Alcohol, Caprylic/Capric Triglyceride, Cetearyl Isononanoate, Betaine, Steareth-21, Nelumbo Nucifera Extract, Citrus Limon (Lemon) Peel Oil, Cucumis Sativus (Cucumber) Fruit Extract, Averrhoa Carambola Leaf Extract, Tocopherol, Silica, Behenyl Alcohol, Cetearyl Glucoside, Sorbitol, Dimethicone, Sodium PCA, Carbomer, Caprylyl Glycol, Butylene Glycol, Tromethamine, Cetyl Alcohol, Stearyl Alcohol, Sodium Hyaluronate, Xanthan Gum, Lauroyl Lysine, Adenosine, Glucose, Tetrasodium EDTA, Sodium Metabisulfite, Potassium Sorbate, Sodium Benzoate, Phenoxyethanol, Limonene, Citral.']",54.0,,,0,0,0,0,0,"['Hyaluronic Acid', 'Good for: Dullness/Uneven Texture', 'Clean at Sephora', 'Good for: Anti-Aging', 'Without Parabens', 'Best for Dry, Combo, Normal Skin']",Skincare,Moisturizers,Moisturizers,1,21.0,21.0
P457005,Rose & Squalane Deep Hydration Oil-Infused Serum,4348,fresh,55320,4.5838,978.0,100 mL,Size,100 mL,,"['Aqua (Water), Rosa Damascena Flower Water, Coco-Caprylate/Caprate, C9-12 Alkane, Propanediol, Ethylhexyl Palmitate, Pentylene Glycol, Glycerin, Squalane, Rosa Damascena Flower Extract, Rosa Damascena Extract, Camelina Sativa Seed Oil, Rosa Rubiginosa Seed Oil, Cucumis Sativus (Cucumber) Fruit Extract, Rosa Damascena Flower Oil, Tocopherol, Sodium Citrate, Sodium Chloride, Ethylhexylglycerin, Xanthan Gum, Citric Acid, Caprylic/Capric Tri-glyceride, Sorbitan Sesquioleate, 1,2- Hexanediol, Caprylyl Glycol, Sodium Benzoate, Potassium Sorbate, Citronellol, Geraniol']",60.0,,,0,0,0,0,0,"['Clean at Sephora', 'Best for Dry, Combo, Normal Skin', 'Good for: Dryness', 'Hydrating', 'Without Parabens']",Skincare,Treatments,Face Serums,0,,
P39970,Rose Floral Toner,4348,fresh,80841,4.1067,937.0,2 oz/ 60 mL,Size,2 oz/ 60 mL,,"['Water, Glycerin, Pentylene Glycol, Rosa Damascena Flower Water, Anthemis Nobilis Flower Oil, Sodium Citrate, Citric', 'Acid, Citronellol, Geraniol, Pheno Xyethano.']",15.0,,,0,0,0,0,0,"['Clean at Sephora', 'Good for: Dryness']",Skincare,Cleansers,Toners,0,,
P217513,Black Tea Instant Perfecting Mask,4348,fresh,65834,4.2919,908.0,3.3 oz/ 100 mL,Size,3.3 oz/ 100 mL,,"['Water, Glycerin, Rice Ferment Filtrate (Sake), Caprylic/Capric', 'Triglyceride, Pentylene Glycol, Sodium Polyacrylate, Betaine, Saccharomyces Ferment', 'Filtrate, Camellia Sinensis Leaf Extract, Avena Sativa (Oat) Kernel Extract, Vitis Vinif-', 'era (Grape) Seed Oil, Litchi Chinensis Seed Extract, Rubus Fruticosus (Blackberry) Leaf', 'Extract, Rosa Damascena Flower Oil, Sodium Hyaluronate, Adenosine, Tocopheryl Ac-', 'etate, Tocopherol, Ethylhexyl Palmitate, Poloxamer 407, Butylene Glycol, Parfum', '(Fragrance), Hydrogenated Lecithin, Menthoxypropanediol, Maltodextrin, Silica, CI', '77891 (Titanium Dioxide), Trihydroxystearin, Hydroxyethylcellulose, Disodium', 'EDTA, Sodium Citrate, Caprylyl Glycol, Citric Acid, Caramel, Hexylene Glycol,', 'Potassium Sorbate, BHT, Biotin, Phenoxyethanol, Linalool.']",96.0,,,0,0,0,0,0,,Skincare,Masks,Face Masks,1,40.0,40.0
P7844,Brown Sugar Body Polish Exfoliator,4348,fresh,42921,4.3914,856.0,14.1 oz/ 400 g,Size,14.1 oz/ 400 g,,"['Sucrose, Prunus Amygdalus Dulcis (Sweet Almond)Oil, Prunus Armeniaca (Apricot) Kernel Oil, Simmondsia Chinensis(Jojoba) Seed Oil, Oenothera Biennis (Evening Primrose) Oil, CitrusLimon (Lemon) Peel Oil, Passiflora Incarnata Seed Oil, Citrus Grandis(Grapefruit) Peel Oil, Helianthus Annuus (Sunflower) Seed Oil, LitseaCubeba Fruit Oil, Citrus Aurantium Bergamia (Bergamot) Fruit Oil,Citrus Aurantium Dulcis (Orange) Oil, Cymbopogon SchoenanthusOil, Panax Ginseng Root Extract, Tocopherol, Limonene, Citral,Linalool, BHT, Triethyl Citrate.']",67.0,,,0,0,0,0,0,"['Clean at Sephora', 'Good for: Dryness']",Bath & Body,Bath & Shower,Scrub & Exfoliants,0,,
P454396,Lotus Youth Preserve Eye Cream,4348,fresh,21612,4.4037,763.0,0.5 oz/ 15 mL,Size,0.5 oz/ 15 mL,,"['Aqua (Water), Glycerin, Isostearyl Isostearate, Propanediol, Squalane, Cetyl Alcohol, Potassium Cetyl Phosphate, Pentylene Glycol, C10-18 Triglycerides, Boron Nitride, Glyceryl Stearate, Polyglycerin-3, Nelumbo Nucifera Extract, Aesculus Hippocastanum (Horse Chestnut) Extract, Citrus Limon (Lemon) Peel Oil, Cucumis Sativus (Cucumber) Fruit Extract, Tocopherol, Fructose, Ethylene/Acrylic Acid Copolymer, Bis-Diglyceryl Polyacyladipate-2, Behenyl Alcohol, Dimethicone, Carbomer, Sodium Polyacrylate, Xanthan Gum, Sodium Citrate, Caprylic/Capric Triglyceride, Sodium Hyaluronate, Citric Acid, Sodium Hydroxide, Adenosine, Biosaccharide Gum-2, Sodium Metabisulfite, Poloxamer 338, Silica, Tetrasodium EDTA, Chlorphenesin, Potassium Sorbate, Sodium Benzoate, Limonene, Citral.']",45.0,,,0,0,0,0,0,"['Clean at Sephora', 'Best for Dry, Combo, Normal Skin', 'Good for: Anti-Aging', 'Hyaluronic Acid', 'Without Parabens', 'Without Sulfates SLS & SLES']",Skincare,Eye Care,Eye Creams & Treatments,0,,
P466122,Kombucha 2-in-1 No-Rinse Cleanser & Prebiotic Treatment,4348,fresh,8957,4.426,716.0,6.7 oz/ 200 mL,Size + Concentration + Formulation,6.7 oz/ 200 mL,,"['Aqua (Water), Propanediol, Glycerin, Pentylene Glycol, 1,2-Hexanediol, Saccharomyces/Xylinum/Black Tea Ferment, Sapindus Mukorossi Peel Extract, Decyl Glucoside, Inulin, PEG-40 Hydrogenated Castor Oil, Sodium Citrate, Citric Acid, Fructose, Parfum (Fragrance), Sodium Benzoate, Sodium Metabisulfite, Potassium Sorbate.']",44.0,,,0,0,0,0,0,"['Clean at Sephora', 'Good for: Dryness']",Skincare,Cleansers,Face Wash & Cleansers,0,,
P457517,Rose Petal-Soft Deep Hydration Lip Balm,4348,fresh,28208,4.3891,699.0,0.3 oz/ 10g,Size,0.3 oz/ 10g,,"['Isononyl Isononanoate, C10-30 Cholesterol/Lanosterol Esters, Bis-Diglyceryl Poly-acyladipate-2, Cera Microcristallina (Microcrystalline Wax), Polybutene, Ethylene/Propylene/Styrene Co-polymer, Glyceryl Behenate/Eicosadioate, Prunus Armeniaca (Apricot) Kernel Oil, Butylene/Ethylene/Styrene Copolymer, Ribes Nigrum (Black Currant) Seed Oil, Vitis Vinifera (Grape) Seed Oil, Rosa Damascena Extract, Rosa Damascena Flower Oil, Tocopherol, Ascorbyl Palmitate, Silica Silylate, Benzo-triazolyl Dodecyl p-Cresol, Parfum (Fragrance), Pentaerythrityl Tetra-Di-t-Butyl Hydroxyhydrocinna-mate, CI 77891 (Titanium Dioxide), BHT, Polyglyceryl-2 Triisostearate, Aqua (Water), Trimethylolpropane Triisostearate, CI 15850 (Red 7), CI 15985 (Yellow 6 Lake), Propyl Gallate, Citronellol, Geraniol, Limonene.']",25.0,,,0,0,0,0,0,,Skincare,Lip Balms & Treatments,,0,,
P384778,Black Tea Firming and De-Puffing Eye Cream,4348,fresh,58657,3.8768,609.0,0.5 oz/ 15 mL,Size,0.5 oz/ 15 mL,,"['Water, Glycerin, Butylene Glycol, Squalane, Propylene Glycol Dicaprylate/Dicaprate, Caprylic/Capric Triglyceride, Methyl Methacrylate Crosspolymer, Pentylene Glycol, Steareth-21, Cetyl Alcohol, Stearyl Alcohol, C10-18 Triglycerides, Limnanthes Alba (Meadowfoam) Seed Oil, Saccharomyces Ferment Filtrate, Camellia Sinensis Leaf Extract, Avena Sativa (Oat) Kernel Extract, Morinda Citrifolia Fruit Juice, Saccharomyces Cerevisiae Extract, Litchi Chinensis Seed Extract, Rubus Fruticosus (Blackberry) Leaf Extract, Tocopheryl Acetate, Ascorbyl Tetraisopalmitate, Tocopherol, Biotin, Glyceryl Hydroxystearate, Steareth-2, Stearalkonium Hectorite, Sodium Polyacrylate, Fragrance, Dimethicone, Silica, Propylene Carbonate, Acrylates/C10-30 Alkyl Acrylate Crosspolymer, Sodium Hyaluronate, Maltodextrin, Tromethamine, Adenosine, CI 77891 (Titanium Dioxide), Biosaccharide Gum-2, Caramel, Hydroxyethylcellulose, Algin, BHT, Sodium Citrate, Tin Oxide, Acacia Senegal Gum, Citric Acid, Ethylhexylglycerin, Potassium Sorbate, Serine, Phenoxyethanol, Linalool.']",68.0,,,0,0,0,0,0,"['Clean at Sephora', 'Best for Dry, Combo, Normal Skin', 'Good for: Dark Circles', 'Hyaluronic Acid', 'Without Parabens', 'Without Sulfates SLS & SLES']",Skincare,Eye Care,Eye Creams & Treatments,0,,
P474832,Sugar Recovery Lip Mask Advanced Therapy,4348,fresh,21441,4.6973,598.0,0.35 oz/ 10 g,Size,0.35 oz/ 10 g,,"['Isononyl Isononanoate, Polybutene, C10-30 Cholesterol/Lanosterol Esters, Bis-Diglyceryl Polyacyladipate-2, Diisostearyl Malate, Polyethylene, Isostearyl Isostearate, Hydrogenated Polyisobutene, Vitis Vinifera (Grape) Seed Oil, Rhus Verniciflua Peel Wax, Ethylene/Propylene/Styrene Copolymer, Vinyl Dimethicone/Methicone Silsesquioxane Crosspolymer, Butyrospermum Parkii (Shea) Butter, Butyrospermum Parkii (Shea) Butter Unsaponifiables, Sucrose Tetrastearate Triacetate, Ribes Nigrum (Black Currant) Seed Oil, Tocopherol, Ascorbyl Palmitate, Parfum (Fragrance), Butylene/Ethylene/Styrene Copolymer, Ammonium Glycyrrhizate, Ethylhexyl Palmitate, Vanillin, Pentaerythrityl Tetra-Di-t-Butyl Hydroxyhydrocinnamate, Trihydroxystearin, Sodium Hyaluronate, Limonene, Citral, Benzyl Alcohol, Linalool.']",28.0,,,0,0,0,0,0,"['Hyaluronic Acid', 'Hydrating', 'Clean at Sephora', 'Good for: Dryness', 'Without Parabens']",Skincare,Lip Balms & Treatments,,0,,
P442003,Sugar Mint Rush Freshening Lip Treatment,4348,fresh,26121,4.0833,528.0,.15 oz / 4.3 g,Size,.15 oz / 4.3 g,,"['Cera Alba (Beeswax), Simmondsia Chinensis (Jojoba) Seed Oil, Ricinus Communis (Castor) Seed Oil, C10-18 Triglycerides, Hydrogenated Olive Oil Decyl Esters, Vitis Vinifera (Grape) Seed Oil, Menthyl PCA, Persea Gratissima (Avocado) Oil, Cera Carnauba (Copernicia Cerifera (Carnauba) Wax), Limnanthes Alba (Meadowfoam) Seed Oil, Mentha Piperita (Peppermint) Oil, Ribes Nigrum (Black Currant) Seed Oil, Butyrospermum Parkii (Shea) Butter, Candelilla Cera (Euphorbia Cerifera (Candelilla) Wax), Tocopherol, Parfum (Fragrance), Sodium Starch Octenylsuccinate, Ammonium Glycyrrhizate, Menthol, Sucrose Tetrastearate Triacetate, Ascorbyl Tetraisopalmitate, Polyglyceryl-3 Polyricinoleate, Ascorbyl Palmitate, Propyl Gallate, Limonene, Linalool, Benzyl Salicylate, Citral [+/- CI 19140 (Yellow 5 Lake), CI 42090 (Blue 1 Lake)].']",25.0,,,0,0,0,0,0,"['Clean at Sephora', 'Hydrating', 'Good for: Dryness']",Skincare,Lip Balms & Treatments,,0,,
P426080,Lotus Youth Preserve Rescue Mask,4348,fresh,33687,4.351,490.0,3.3 oz/ 100 mL,Size,3.3 oz/ 100 mL,,"['Water, Glycerin, Propylene Glycol Dicaprylate/Dicaprate,', 'Pentylene Glycol, Cetearyl Alcohol, Lithothamnion Calcareum Powder,', 'Caprylic/Capric Triglyceride, Cetearyl Isononanoate, Betaine, Polyacrylate', 'Crosspolymer-6, Steareth-21, Laminaria Saccharina Extract, Cocos Nucifera', '(Coconut) Shell Powder, Nelumbo Nucifera Seed Powder, Citrus Limon (Lemon)', 'Peel Oil, Cucumis Sativus (Cucumber) Fruit Extract, Ficus Carica (Fig) Fruit', 'Extract, Averrhoa Carambola Leaf Extract, Crithmum Maritimum Extract,', 'Nelumbo Nucifera Flower Extract, Hibiscus Esculentus Fruit Extract, Tocopheryl', 'Acetate, Ascorbyl Tetraisopalmitate, Tocopherol, Behenyl Alcohol, Cetearyl', 'Glucoside, Dimethicone, Caprylyl Glycol, Butylene Glycol, Cetyl Alcohol, Sodium', 'Polyacrylate Starch, Stearyl Alcohol, Disodium EDTA, Sodium Hyaluronate,', 'BHT, Tetrasodium EDTA, Hydrogenated Vegetable Oil, Caramel, Xanthan', 'Gum, Sorbic Acid, Phenoxyethanol, Limonene, Citral.']",69.0,,,0,0,0,0,0,"['Clean at Sephora', 'Good for: Dryness']",Skincare,Masks,Face Masks,1,28.0,28.0
P391799,Black Tea Firming Overnight Mask,4348,fresh,73168,4.1369,482.0,3.3 oz/ 100 mL,Size,3.3 oz/ 100 mL,,"['Water, Glycerin, Butylene Glycol, Jojoba Esters, Isohexadecane, Ammonium Acryloyldimethyltaurate/Vp Copolymer, Dicaprylyl Carbonate, Camellia Oleifera Seed Oil, Pentylene Glycol, Ethylhexyl Palmitate, Mirabilis Jalapa Extract, Glyceryl Stearate, Steareth-21, Caprylic/Capric Triglyceride, Dimethicone, Oxidized Corn Oil, Butyrospermum Parkii (Shea Butter), Cera Alba (Beeswax), Kigelia, Africana Fruit Extract, Saccharomyces Ferment Filtrate, Camellia Sinensis Leaf Extract, Rubus Fruticosus (Blackberry) Leaf Extract, Litichi Chinensis Seed Extract, Rosa Damascena Flower Oil, Sodium Hyaluronate, Adenosine, Tocopheryl Acetate, Tocopherol, Ceteareth-20, Behenyl Alcohol, Fragrance, Ceteareth-12, Cetearyl Alcohol, Sodium Citrate, Sodium Polyacrylate Starch, Sodium Polyacrylate, Sorbitan Laurate, Disodium Edta, Maltodextrin, Silica, Tetrasodium Edta, Hydroxyethylcellulose, Acetyl Dipeptide-1 Cetyl Ester, Citric Acid, Ci 77891 (Titanium Dioxide), BHT, Potassium Sorbate, Biotin, Phenoxyethanol, Linalool, Citronellol, Geraniol.']",96.0,,,0,0,0,0,0,"['Hyaluronic Acid', 'Good for: Loss of firmness', 'Clean at Sephora', 'Without Parabens', 'Best for Dry, Combo, Normal Skin', 'Without Sulfates SLS & SLES']",Skincare,Masks,Face Masks,1,40.0,40.0
P420158,Vitamin C Glow Moisturizer,4348,fresh,36763,4.2411,419.0,1.6 oz/ 50 mL,Size,1.6 oz/ 50 mL,,"['Water, Glycerin, Pentylene Glycol, Ethylhexyl Isononanoate, Caprylic/Capric Triglyceride, Jojoba Esters, Glyceryl Stearate, Caprylyl Methicone, Polyglycerin-3, Propanediol, Glucosyl Hesperidin, Vaccinium Myrtillus Fruit Extract, Saccharum Officinarum (Sugar Cane) Extract, Citrus Medica Limonum (Lemon) Fruit Extract, Citrus Aurantium Dulcis (Orange) Fruit Extract, Acer Saccharum (Sugar Maple) Extract, Tocopheryl Acetate, Ascorbyl Tetraisopalmitate, Panthenol, Tocopherol, Magnesium Aspartate, Zinc Gluconate, Copper Gluconate, Ethylhexyl Palmitate, Stearyl Alcohol, Ceteth-20, Sodium Polyacrylate, Stearic Acid, Steareth-21, Steareth-25, Caprylyl Glycol, Tromethamine, Acrylates/C10-30 Alkyl Acrylate Crosspolymer, Fragrance, Tetrasodium EDTA, Xanthan Gum, Sodium Hyaluronate, Butylene Glycol, Caramel, BHT, Phenoxyethanol, Limonene, Linalool, Citral, Benzyl Salicylate.']",48.0,,,0,0,0,0,0,"['Clean at Sephora', 'Best for Dry, Combo, Normal Skin']",Skincare,Moisturizers,Moisturizers,0,,
P436353,Mini Rose & Hyaluronic Acid Deep Hydration Toner,4348,fresh,65185,4.125,336.0,3.3 oz/ 100 mL,Size,3.3 oz/ 100 mL,,"['Water, Glycerin, Butylene Glycol, Rosa Centifolia Flower, Rosa Damascena Flower Water, Rosa Multiflora Fruit Extract, Angelica Keiskei Extract, Rosa Damascena Flower Oil, Sodium Hyaluronate, PEG-150, PPG-26-Buteth-26, PEG-40 Hydrogenated Castor Oil, Sodium Citrate, Xanthan Gum, Citric Acid, BHT, Parfum (Fragrance), Phenoxyethanol, Citronellol, Geraniol.']",26.0,,,0,0,0,0,0,"['Hyaluronic Acid', 'Community Favorite', 'Clean at Sephora', 'Hydrating', 'Without Parabens', 'Best for Dry, Combo, Normal Skin']",Skincare,Mini Size,,0,,
P12857,Rice Sake Bath,4348,fresh,16918,4.3054,167.0,13.5 oz/ 400 mL,Size,13.5 oz/ 400 mL,,"['Aqua (Water), Glucose, Rice Ferment Filtrate (Sake), PEG-40 Hydrogenated Castor Oil, Hydrolyzed Corn Starch, Cocamidopropyl Betaine, PEG-120 Methyl Glucose Dioleate, PEG-7 Glyceryl Cocoate, Sodium Chloride, Parfum (Fragrance), Zingiber Officinale (Ginger) Water, Passiflora Incarnata Seed Oil, Prunus Armeniaca (Apricot) Kernel Oil, Sesamum Indicum (Sesame) Seed Oil, Prunus Persica (Peach) Fruit Extract, Melissa Officinalis Leaf Extract, Coconut Acid, Butylene Glycol, Glycerin, Disodium EDTA, Caramel, BHT, Phenoxyethanol, Sodium Benzoate, Limonene, Benzyl Salicylate.']",82.0,,,0,0,0,0,0,,Bath & Body,Bath & Shower,Bath Soaks & Bubble Bath,0,,
P213013,Sugar Lemon Body Lotion,4348,fresh,16389,4.2964,280.0,10 oz/ 300 mL,Size,10 oz/ 300 mL,,"['Aqua (Water), Hexyldecanol, Hexyldecyl Laurate, Butylene Glycol, Polysorbate 60, Sorbitan Stearate, Cetyl Alcohol, Butyrospermum Parkii (Shea) Butter, Mangifera Indica (Mango) Seed Oil, Litchi Chinensis Seed Extract, Sucrose, Tocopheryl Acetate, Ascorbic Acid, Parfum (Fragrance), Caprylyl Glycol, Carbomer, Hexylene Glycol, Allantoin, Tetrasodium EDTA, Sodium Hydroxide, Peg-40 Castor Oil, Phenoxyethanol, Limonene, Linalool, Citral, Citronellol, Geraniol.']",28.0,,,0,0,0,0,0,,Bath & Body,Body Moisturizers,Body Lotions & Body Oils,0,,
P7827,Sugar Lychee Body Lotion,4348,fresh,12555,4.0903,144.0,10 oz/ 300 mL,Size,10 oz/ 300 mL,,"['Aqua (Water), Hexyldecanol, Hexyldecyl Laurate, Butylene Glycol, Polysorbate 60, Sorbitan Stearate, Cetyl Alcohol, Butyrospermum Parkii (Shea Butter), Mangifera Indica (Mango) Seed Oil, Litchi Chinensis Seed Extract, Sucrose, Tocopheryl Acetate, Ascorbic Acid, Tocopherol, Caprylyl Glycol, Parfum (Fragrance), Carbomer, Hexylene Glycol, Allantoin, Tetrasodium EDTA, Sodium Hydroxide, PEG-40 Castor Oil, BHT, Citric Acid, Phenoxyethanol, Limonene, Benzyl Salicylate, Hydroxycitronellal, Citral, Citronellol, Benzyl Alcohol, Geraniol, Coumarin.']",28.0,,,0,0,0,0,0,"['Clean at Sephora', 'Good for: Dryness']",Bath & Body,Body Moisturizers,Body Lotions & Body Oils,0,,
P448192,Mini Sugar Strawberry Exfoliating Face Wash,4348,fresh,25388,3.8956,182.0,1.6 oz/ 50 mL,Size,1.6 oz/ 50 mL,,"['Glycerin, Sucrose, Butylene Glycol, Fragaria Vesca (Strawberry) Fruit Extract, PEG-6 Caprylic/Capric Glycerides, Ribes Nigrum (Black Currant) Fruit Extract, Zea Mays (Corn) Starch, Vitis Vinifera (Grape) Seed Oil, Fragaria Ananassa (Strawberry) Fruit Juice, Sapindus Mukorossi Peel Extract, Tocopherol, Parfum (Fragrance), Water, Carbomer, Sodium Hydroxide, BHT, Potassium Sorbate, Phenoxyethanol, Limonene, Citral, Benzyl Alcohol, Linalool.']",15.0,,,0,0,0,0,0,"['Clean at Sephora', 'Best for Oily, Combo, Normal Skin', 'Good for: Dullness/Uneven Texture', 'Good for: Pores', 'Without Parabens', 'Without Sulfates SLS & SLES']",Skincare,Mini Size,,0,,
P500400,Milk Body Cleanser,4348,fresh,11394,4.7306,720.0,8.7 oz / 260 mL,Size,8.7 oz / 260 mL,,"['Aqua (Water), Disodium Cocoyl Glutamate, Coco-Betaine, Glycerin, Sodium Cocoyl Isethionate, Citric Acid, Decyl Glucoside, Sodium Citrate, Cetearyl Alcohol, Butyrospermum Parkii (Shea) Butter, Olea Europaea (Olive) Fruit Oil, Centella Asiatica Extract, Linum Usitatissimum (Linseed) Seed Extract, Linum Usitatissimum (Linseed) Seed Oil, Hydrolyzed Rice Bran Protein, Tocopherol, Parfum (Fragrance), Sodium Chloride, Xanthan Gum, Carrageenan, Caprylyl Glycol, Coconut Acid, Guar Hydroxypropyltrimonium Chloride, Niacinamide, Sodium Hyaluronate, Pentaerythrityl Tetra-Di-T-Butyl Hydroxyhydrocinnamate, Potassium Sorbate, Sodium Benzoate, Sorbic Acid.']",32.0,,,0,0,0,0,0,"['Hyaluronic Acid', 'Clean at Sephora', 'Hydrating', 'Good for: Dryness', 'Niacinamide']",Bath & Body,Bath & Shower,Body Wash & Shower Gel,0,,
P500398,Milk Body Lotion,4348,fresh,10399,4.7869,704.0,8.7 oz / 260 mL,Size,8.7 oz / 260 mL,,"['Aqua (Water), Squalane, Glycerin, Helianthus Annuus (Sunflower) Seed Oil, Persea Gratissima (Avocado) Oil, Isostearyl Alcohol, Pentylene Glycol, Butylene Glycol Cocoate, 1,2-Hexanediol, Olea Europaea (Olive) Fruit Oil, Centella Asiatica Extract, Linum Usitatissimum (Linseed) Seed Extract , Hydrolyzed Rice Bran Protein, Linum Usitatissimum (Linseed) Seed Oil, Tocopherol, Sodium Polyacrylate, Ethylcellulose, Niacinamide, Sodium Hyaluronate, Parfum (Fragrance), Xanthan Gum, Sodium Dilauramidoglutamide Lysine, Pentaerythrityl Tetra-Di-T-Butyl Hydroxyhydrocinnamate, Chlorphenesin, Sodium Benzoate, Sorbic Acid.']",42.0,,,0,0,0,0,0,"['Good for: Dullness/Uneven Texture', 'Hyaluronic Acid', 'Clean at Sephora', 'Hydrating', 'Good for: Dryness', 'Niacinamide']",Bath & Body,Body Moisturizers,Body Lotions & Body Oils,0,,
P449158,Mini Lotus Anti-Aging Night Moisturizer,4348,fresh,34666,3.9935,154.0,0.5 oz/ 15 mL,Size,0.5 oz/ 15 mL,,"['Water, Glycerin, Isononyl Isononanoate, Glyceryl Stearate, Caprylic/Capric Triglyceride, Butylene Glycol, Pentylene Glycol, C10-18 Triglycerides, Diglycerin, Butyrospermum Parkii (Shea Butter), PEG-100 Stearate, Myristyl Myristate, Nelumbo Nucifera Extract, Prunus Persica (Peach) Leaf Extract, Citrus Limon (Lemon) Peel Oil, Cucumis Sativus (Cucumber) Fruit Extract, Nelumbo Nucifera Flower Extract, Anthemis Nobilis Flower Oil, Tocopheryl Acetate, Tocopherol, Behenyl Alcohol, Ammonium Acryloyldimethyltaurate/Beheneth-25 Methacrylate Crosspolymer, Cetearyl Alcohol, Cetyl Palmitate, Cocoglycerides, Acrylates/C10-30 Alkyl Acrylate Crosspolymer, Fragrance, Sodium Hydroxide, T-Butyl Alcohol, Sodium Metabisulfite, BHT, Tetrasodium EDTA, Ethylhexylglycerin, Potassium Sorbate, Sodium Benzoate, Phenoxyethanol, Limonene, Benzyl Salicylate, Citral.']",22.0,,,0,0,0,0,0,"['Clean at Sephora', 'Hydrating', 'Good for: Anti-Aging', 'Without Parabens', 'Best for Dry, Combo, Normal Skin']",Skincare,Mini Size,,0,,
P481703,Black Tea Corset Cream Firming Moisturizer,4348,fresh,3371,4.0065,153.0,1.6 oz/ 50 mL,Size,1.6 oz/ 50 mL,,"['Aqua (Water), Butylene Glycol, Isononyl Isononanoate, Cetearyl Isononanoate, Cocoglycerides, Glycerin, Propanediol, Pentylene Glycol, Steareth-21, Alpinia Galanga Extract, Saccharomyces/Xylinum/Black Tea Ferment, Acetyl Dipeptide-1 Cetyl Ester, Lycium Chinense Fruit Extract, Rubus Fruticosus (Blackberry) Leaf Extract, Litchi Chinensis Seed Extract, Camellia Sinensis Leaf Extract, Tocopheryl Acetate, Tocopherol, Myristyl Myristate, Jojoba Esters, Behenyl Alcohol, Cetyl Alcohol, Stearyl Alcohol, Glyceryl Stearate, Hydroxyethyl Acrylate/Sodium Acryloyldimethyl Taurate Copolymer, Dimethicone, Parfum (Fragrance), Diphenylsiloxy Phenyl Trimethicone, Squalane, Caprylyl Glycol, Acrylates/C10-30 Alkyl Acrylate Crosspolymer, Sorbitol, Xanthan Gum, Tromethamine, Sodium Hyaluronate, Maltodextrin, Algin, Dimethicone/Phenyl Vinyl Dimethicone Crosspolymer, Polysorbate 60, Adenosine, Polyvinyl Alcohol, Sorbitan Isostearate, Cellulose Gum, Caprylic/Capric Triglyceride, Citric Acid, Chlorphenesin, Sodium Benzoate, Potassium Sorbate, Linalool']",95.0,,,0,0,0,0,0,"['Good for: Loss of firmness', 'Clean at Sephora', 'Good for: Dryness', 'Without Parabens']",Skincare,Moisturizers,Moisturizers,0,,
P259801,Citron de Vigne Body Lotion,4348,fresh,9747,4.3333,81.0,10 oz/ 300 mL,Size,10 oz/ 300 mL,,,28.0,,,0,0,1,0,0,"['Clean at Sephora', 'Good for: Dryness']",Bath & Body,Body Moisturizers,Body Lotions & Body Oils,0,,
P450211,Mini Vitamin Nectar Glow Juice Antioxidant Face Serum,4348,fresh,38157,3.9926,136.0,0.5 oz/ 15 mL,Size,0.5 oz/ 15 mL,,"['Aqua (Water), Isononyl Isononanoate, Glycerin, Pentylene Glycol, Propanediol, Cocos Nucifera (Coconut) Oil, Zingiber Officinale (Ginger) Water, Polymnia Sonchifolia Root Juice, Cichorium Intybus (Chicory) Root Extract, Vaccinium Myrtillus Fruit Extract, Helianthus Annuus (Sunflower) Seed Oil, Saccharum Officinarum (Sugar Cane) Extract, Citrus Aurantium Dulcis (Orange) Fruit Extract, Citrus Limon (Lemon) Fruit Extract, Acer Saccharum (Sugar Maple) Extract, Tocopheryl Acetate, Ascorbyl Tetraisopalmitate, Tocopherol, Carbomer, Parfum (Fragrance), Sodium Hydroxide, Disodium EDTA, Alcaligenes Polysaccharides, Amodimethicone, Panthenol, Magnesium Aspartate, Zinc Gluconate, Ethylhexylglycerin, Beta-Carotene, Copper Gluconate, Chlorphenesin, Potassium Sorbate, Phenoxyethanol, Limonene, Linalool, Citral, Benzyl Salicylate']",28.0,,,0,0,0,0,0,"['Clean at Sephora', 'Best for Dry, Combo, Normal Skin']",Skincare,Mini Size,,0,,
P403748,Black Tea Corset Firming Serum,4348,fresh,15355,3.901,101.0,1 oz / 30 mL,Size,1 oz / 30 mL,,"['Aqua (Water), Glycerin, Butylene Glycol, Pentylene Glycol, Methyl Gluceth-20, Peg-150, Peg-6 Caprylic/Capric Glycerides, Acacia Senegal Gum, Peg-40 Hydrogenated Castor Oil, Saccharomyces/Xylinum/Black Tea Ferment, Rubus Fruticosus (Blackberry) Leaf Extract, Lonicera Japonica (Honeysuckle) Leaf Extract, Litchi Chinensis Seed Extract, Camellia Sinensis Leaf Extract, Tocopheryl Acetate, Acetyl Dipeptide-1 Cetyl Ester, Palmitoyl Tetrapeptide-7, Peg-90, Squalane, Lecithin, Carbomer, Sorbitan Laurate, Sorbitol, Parfum (Fragrance), Sodium Acrylates Copolymer, Rhizobian Gum, Hydrolyzed Jojoba Esters, Maltodextrin, Algin, Sodium Hydroxide, Xanthan Gum, Polyquaternium-51, Adenosine, Hydroxyethylcellulose, Polyvinyl Alcohol, Lactic Acid, Cellulose Gum, Potassium Sorbate, Sodium Benzoate, Phenoxyethanol, Linalool, Citronellol, Geraniol.']",75.0,,,0,0,1,0,0,"['Good for: Dullness/Uneven Texture', 'Good for: Loss of firmness', 'Clean at Sephora', 'Without Parabens']",Skincare,Treatments,Face Serums,0,,
P500406,Milk Hydrating Hand Cream,4348,fresh,7597,4.7846,492.0,1.6 oz / 50 mL,Size,1.6 oz / 50 mL,,"['Aqua (Water), Glycerin, Squalane, Butylene Glycol, Pentylene Glycol, Jojoba Esters, Cetearyl Alcohol, Hydrogenated Coco-Glycerides, Octyldodecanol, Olus Oil (Vegetable Oil), Hydroxyethyl Acrylate/Sodium Acryloyldimethyl Taurate Copolymer, Irvingia Gabonensis Kernel Butter, Candelilla Cera (Euphorbia Cerifera (Candelilla) Wax), Olea Europaea (Olive) Fruit Oil, Centella Asiatica Extract, Linum Usitatissimum (Linseed) Seed Extract, Hydrolyzed Rice Bran Protein, Linum Usitatissimum (Linseed) Seed Oil, Cetearyl Glucoside, Behenyl Alcohol, Sodium Stearoyl Glutamate, Caprylyl Glycol, Hydrogenated Vegetable Oil , Niacinamide, Sodium Hyaluronate, Polysorbate 60, Sorbitan Isostearate, Citric Acid, Sodium Citrate, Parfum (Fragrance), Xanthan Gum, Tocopherol, Sodium Hydroxide, Biotin, Glucose, Pentaerythrityl Tetra-Di-T-Butyl Hydroxyhydrocinnamate, Chlorphenesin, Sodium Benzoate, Sorbic Acid.']",20.0,,,0,0,0,0,0,"['Good for: Dullness/Uneven Texture', 'Hyaluronic Acid', 'Clean at Sephora', 'Hydrating', 'Good for: Dryness']",Bath & Body,Body Moisturizers,Hand Cream & Foot Cream,0,,
P426821,Mini Rose Face Mask,4348,fresh,7199,4.1698,53.0,1 oz/ 30 mL,Size,1 oz/ 30 mL,,"['Water, Butylene Glycol, Glycerin, Pentylene Glycol, PEG-60 Hydrogenated Castor Oil, Rosa Centifolia Flower, Rosa Damascena Flower Water, Rosa Damascena Extract, Cucumis Sativus (Cucumber) Fruit Extract, Anthemis Nobilis Flower Oil, Camellia Sinensis Leaf Extract, Porphyridium Cruentum Extract, Rosa Damascena Flower Oil, Aloe Barbadensis Leaf Extract, Aspalathus Linearis Leaf Extract, Faex (Yeast Extract), Tocopherol, Carbomer, Tetrasodium EDTA, Sodium Hydroxide, Maris Aqua (Sea Water), Caprylic/Capric Triglyceride, Glyceryl Acrylate/Acrylic Acid Copolymer, Sodium Hyaluronate, Caramel, Maltodextrin, Citric Acid, Sodium Benzoate, Potassium Sorbate, Phenoxyethanol, Citronellol, Geraniol.']",26.0,,,0,0,0,0,0,"['Hyaluronic Acid', 'Clean at Sephora', 'Good for: Dryness', 'Without Parabens', 'Best for Dry, Combo, Normal Skin']",Mini Size,Skincare,,0,,
P426824,Mini Sugar Face Polish Exfoliato,4348,fresh,7095,3.6071,28.0,1 oz/ 30 g,Size,1 oz/ 30 g,,"['Sucrose, Propylene Glycol Dicaprylate/Dicaprate, PEG-7 Glyceryl Cocoate, Stearalkonium Hectorite, Fragaria Vesca (Strawberry) Fruit Extract, Euphorbia Cerifera (Candelilla) Wax, Mangifera Indica (Mango) Seed Butter, Propylene Carbonate, Parfum (Fragrance), Limonene, Limnanthes Alba (Meadowfoam) Seed Oil, Vitis Vinifera (Grape) Seed Oil, Prunus Domestica Seed Oil, Fructose, Glucose, Tocopheryl Acetate, Caramel, Glycerin, Aqua (Water), Potassium Sorbate, BHT, Citral.']",26.0,,,0,0,0,0,0,"['Clean at Sephora', 'Good for: Pores']",Mini Size,Skincare,,0,,
P454395,Mini Lotus Youth Preserve Moisturizer,4348,fresh,16661,3.7733,75.0,0.5 oz/ 15 mL,Size,0.5 oz/ 15 mL,,"['Aqua (Water), Glycerin, Propylene Glycol Dicaprylate/Dicaprate, Pentylene Glycol, Cetearyl Alcohol, Caprylic/Capric Triglyceride, Cetearyl Isononanoate, Betaine, Steareth-21, Nelumbo Nucifera Extract, Citrus Limon (Lemon) Peel Oil, Cucumis Sativus (Cucumber) Fruit Extract, Averrhoa Carambola Leaf Extract, Tocopherol, Silica, Behenyl Alcohol, Cetearyl Glucoside, Sorbitol, Dimethicone, Sodium PCA, Carbomer, Caprylyl Glycol, Butylene Glycol, Tromethamine, Cetyl Alcohol, Stearyl Alcohol, Sodium Hyaluronate, Xanthan Gum, Lauroyl Lysine, Adenosine, Glucose, Tetrasodium EDTA, Sodium Metabisulfite, Potassium Sorbate, Sodium Benzoate, Phenoxyethanol, Limonene, Citral.']",21.0,,,0,0,0,0,0,"['Hyaluronic Acid', 'Good for: Dullness/Uneven Texture', 'Clean at Sephora', 'Good for: Anti-Aging', 'Without Parabens', 'Best for Dry, Combo, Normal Skin']",Skincare,Mini Size,,0,,
P450210,Vitamin Nectar Glow Juice Antioxidant Face Serum,4348,fresh,3789,3.9714,70.0,0.5 oz/ 15 mL,Size,0.5 oz/ 15 mL,,"['Aqua (Water), Isononyl Isononanoate, Glycerin, Pentylene Glycol, Propanediol, Cocos Nucifera (Coconut) Oil, Zingiber Officinale (Ginger) Water, Polymnia Sonchifolia Root Juice, Cichorium Intybus (Chicory) Root Extract, Vaccinium Myrtillus Fruit Extract, Helianthus Annuus (Sunflower) Seed Oil, Saccharum Officinarum (Sugar Cane) Extract, Citrus Aurantium Dulcis (Orange) Fruit Extract, Citrus Limon (Lemon) Fruit Extract, Acer Saccharum (Sugar Maple) Extract, Tocopheryl Acetate, Ascorbyl Tetraisopalmitate, Tocopherol, Carbomer, Parfum (Fragrance), Sodium Hydroxide, Disodium EDTA, Alcaligenes Polysaccharides, Amodimethicone, Panthenol, Magnesium Aspartate, Zinc Gluconate, Ethylhexylglycerin, Beta-Carotene, Copper Gluconate, Chlorphenesin, Potassium Sorbate, Phenoxyethanol, Limonene, Linalool, Citral, Benzyl Salicylate.']",28.0,,,0,0,0,0,0,"['Clean at Sephora', 'Best for Dry, Combo, Normal Skin']",Skincare,Treatments,Face Serums,0,,
P454817,Hesperides Grapefruit Body Lotion,4348,fresh,6259,4.1667,24.0,10 oz/ 300 mL,Size,10 oz/ 300 mL,,"['Aqua (Water), Hexyldecanol, Hexyldecyl Laurate, Butylene Glycol, Polysorbate 60, Sorbitan Stearate, Cetyl Alcohol, Butyrospermum Parkii (Shea Butter), Vaccinium Myrtillus Fruit Extract, Saccharum Officinarum (Sugar Cane) Extract, Citrus Aurantium Dulcis (Orange) Fruit Extract, Citrus Limon (Lemon) Fruit Extract, Acer Saccharum (Sugar Maple) Extract, Tocopheryl Acetate, Ascorbic Acid, Tocopherol, Caprylyl Glycol, Carbomer, Parfum (Fragrance), Hexylene Glycol, Allantoin, Tetrasodium EDTA, Sodium Hydroxide, PEG-40 Castor Oil, BHT, Phenoxyethanol, Limonene, Linalool, Citral.']",28.0,,,0,0,0,0,0,"['Clean at Sephora', 'Good for: Dryness']",Bath & Body,Body Moisturizers,Body Lotions & Body Oils,0,,
P439626,Black Tea Firming Eye Serum,4348,fresh,14953,3.7619,63.0,0.5 oz/ 15 mL,Size,0.5 oz/ 15 mL,,"['Water, Glycerin, Butylene Glycol, Pentylene Glycol, Jojoba Oil PEG-150 Esters, Methyl Gluceth-20, PEG-6 Caprylic/Capric Glycerides, Acacia Senegal Gum, PEG-40 Hydrogenated Castor Oil, Lycium Chinense Fruit Extract, Saccharomyces Ferment Filtrate, Camellia Sinensis Leaf Extract, Rubus Fruticosus (Blackberry) Leaf Extract, Litchi Chinensis Seed Extract, Acetyl Tetrapeptide-5, Tocopheryl Acetate, Tocopherol, Polymethylsilsesquioxane, Carbomer, PEG-150, Sorbitol, Sodium Hydroxide, Parfum (Fragrance), Rhizobian Gum, Maltodextrin, Algin, Xanthan Gum, Adenosine, Polyvinyl Alcohol, Cellulose Gum, Citric Acid, Sodium Metabisulfite, Diamond Powder, Sodium Benzoate, Potassium Sorbate, Hydroxyethylcellulose, Sodium Citrate, Biotin, Phenoxyethanol, Linalool, Citronellol, Geraniol.']",72.0,,,0,0,0,0,0,"['Clean at Sephora', 'Good for: Loss of firmness']",Skincare,Eye Care,Eye Creams & Treatments,0,,
P472466,Mini Rose & Hyaluronic Acid Deep Hydration Moisturizer,4348,fresh,22152,3.9808,52.0,0.5 oz/ 15 mL,Size,0.5 oz/ 15 mL,,"['Aqua (Water), Glycerin, C15-19 Alkane, Butylene Glycol, Propanediol, Isostearyl Isostearate, Hexyl Laurate, Pentylene Glycol, 1,2 Hexanediol, Behenyl Alcohol, Steareth-2, Prunus Domestica Seed Oil, Rosa Damascena Flower Water, Rosa Damascena Extract, Rosa Damascena Flower Extract, Rosa Damascena Flower Oil, Cucumis Sativus (Cucumber) Fruit Extract, Angelica Keiskei Extract, Sodium Hyaluronate, Tocopheryl Acetate, Silica, Dimethicone, Ammonium Acryloyldimethyltaurate/VP Copolymer, Steareth-21, Hydroxyethyl Acrylate/Sodium Acryloyldimethyl Taurate Copolymer, Squalane, Acrylates/C10-30 Alkyl Acrylate Crosspolymer, Tromethamine, Xanthan Gum, Dimethiconol, Polysorbate 60, Algin, Pentaerythrityl Tetra-Di-T-Butyl Hydroxyhydrocinnamate, Sorbitan Isostearate, Trisodium Ethylenediamine Disuccinate, Acacia Senegal Gum, Serine, Caramel, Caprylyl Glycol, Citric Acid, Sodium Hydroxide, Chlorphenesin, Sodium Benzoate, Potassium Sorbate, Citronellol, Geraniol.']",18.0,,,0,0,0,0,0,"['Good for: Dullness/Uneven Texture', 'Hyaluronic Acid', 'Clean at Sephora', 'Good for: Dryness', 'Without Parabens', 'Best for Dry, Combo, Normal Skin']",Skincare,Moisturizers,Moisturizers,0,,
P388687,Fresh Life Body Lotion,4348,fresh,5015,3.76,25.0,10 oz/ 300 mL,Size,10 oz/ 300 mL,,"['Water, Hexyldecanol, Hexyldecyl Laurate, Butylene Glycol, Polysorbate 60, Sorbitan Stearate, Fragrance, Cetyl Alcohol, Butyrospermum Parkii (Shea Butter), Tocopheryl Acetate, Ascorbic Acid, Caprylyl Glycol, Carbomer, Allantoin, Hexylene Glycol, Tetrasodium Edta, Sodium Hydroxide, Peg-40 Castor Oil, BHT, Phenoxyethanol, Limonene, Linalool, Citral.']",28.0,,,0,0,1,0,0,"['Clean at Sephora', 'Good for: Dryness']",Bath & Body,Body Moisturizers,Body Lotions & Body Oils,0,,
P193706,Freesia Oval Soap,4348,fresh,4724,4.5135,37.0,8.8 oz/ 250 g,Size,8.8 oz/ 250 g,,"['Sodium Palmate, Sodium Palm Kernelate, Aqua (Water), Parfum (Fragrance), Butyrospermum Parkii (Shea Butter) Oil, Tocopherol, Palm Acid, Glycerin, Palm Kernel Acid, Sodium Chloride, Sodium Hydroxide, Tetrasodium EDTA, Tetrasodium Etidronate, BHT, CI 77288 (Chromium Oxide Greens), CI 77491 (Iron Oxides), CI 77492 (Iron Oxides), Silica, Benzyl Salicylate, Hydroxycitronellal, Alpha-Isomethyl Ionone, Eugenol, Geraniol, Linalool.']",15.0,,,0,0,1,0,0,,Bath & Body,Bath & Shower,Body Wash & Shower Gel,0,,
P432256,Mini Black Tea Instant Perfecting Mask,4348,fresh,9725,4.3571,28.0,1 oz/ 30 mL,Size,1 oz/ 30 mL,,"['Water, Glycerin, Rice Ferment Filtrate (Sake), Caprylic/Capric', 'Triglyceride, Pentylene Glycol, Sodium Polyacrylate, Betaine, Saccharomyces Ferment', 'Filtrate, Camellia Sinensis Leaf Extract, Avena Sativa (Oat) Kernel Extract, Vitis Vinif-', 'era (Grape) Seed Oil, Litchi Chinensis Seed Extract, Rubus Fruticosus (Blackberry) Leaf', 'Extract, Rosa Damascena Flower Oil, Sodium Hyaluronate, Adenosine, Tocopheryl Ac-', 'etate, Tocopherol, Ethylhexyl Palmitate, Poloxamer 407, Butylene Glycol, Parfum', '(Fragrance), Hydrogenated Lecithin, Menthoxypropanediol, Maltodextrin, Silica, CI', '77891 (Titanium Dioxide), Trihydroxystearin, Hydroxyethylcellulose, Disodium', 'EDTA, Sodium Citrate, Caprylyl Glycol, Citric Acid, Caramel, Hexylene Glycol,', 'Potassium Sorbate, BHT, Biotin, Phenoxyethanol, Linalool.']",40.0,,,0,0,0,0,0,"['Good for: Loss of firmness', 'Clean at Sephora']",Skincare,Mini Size,,0,,
P500012,Rose Hydration Pore-Minimizing Mist,4348,fresh,14153,4.4706,17.0,3.3 oz / 100 mL,Size,3.3 oz / 100 mL,,"['Aqua (Water), Glycerin, Pentylene Glycol, Rosa Damascena Flower Water, Rosa Damascena Extract, Rosa Damascena Flower Extract, Anthemis Nobilis Flower Oil, 1,2-Hexanediol, Sodium Citrate, Citric Acid, Caprylyl Glycol, Chlorphenesin, Sodium Benzoate, Potassium Sorbate, Citronellol, Geraniol.']",24.0,,,0,0,0,0,0,"['Good for: Dullness/Uneven Texture', 'Good for: Pores', 'Clean at Sephora', 'Hydrating', 'Without Parabens']",Skincare,Moisturizers,Mists & Essences,0,,
P193705,Verbena Oval Soap,4348,fresh,2789,4.2,20.0,8.8 oz/ 250 g,Size,8.8 oz/ 250 g,,"['Sodium Palmate, Sodium Palm Kernelate, Aqua (Water), Butyrospermum Parkii (Shea Butter) Oil, Palm Acid, Glycerin, Palm Kernel Acid, Sodium Chloride, Parfum (Fragrance), Sodium Hydroxide, Tetrasodium EDTA, Tetrasodium Etidronate, BHT, CI 77288 (Chromium Oxide Greens), CI 77492 (Iron Oxides), CI 19140(Yellow 5 Lake), Citral, Limonene, Linalool, Amyl Cinnamal, Citronellol.']",15.0,,,0,0,1,0,0,"['Clean at Sephora', 'Best for Dry, Combo, Normal Skin']",Bath & Body,Bath & Shower,Body Wash & Shower Gel,0,,
P429538,Lotus Youth Preseve Rescue Mask Mini,4348,fresh,0,4.2667,15.0,1 oz/ 30 mL,Size,1 oz/ 30 mL,,"['Water, Glycerin, Propylene Glycol Dicaprylate/Dicaprate,', 'Pentylene Glycol, Cetearyl Alcohol, Lithothamnion Calcareum Powder,', 'Caprylic/Capric Triglyceride, Cetearyl Isononanoate, Betaine, Polyacrylate', 'Crosspolymer-6, Steareth-21, Laminaria Saccharina Extract, Cocos Nucifera', '(Coconut) Shell Powder, Nelumbo Nucifera Seed Powder, Citrus Limon (Lemon)', 'Peel Oil, Cucumis Sativus (Cucumber) Fruit Extract, Ficus Carica (Fig) Fruit', 'Extract, Averrhoa Carambola Leaf Extract, Crithmum Maritimum Extract,', 'Nelumbo Nucifera Flower Extract, Hibiscus Esculentus Fruit Extract, Tocopheryl', 'Acetate, Ascorbyl Tetraisopalmitate, Tocopherol, Behenyl Alcohol, Cetearyl', 'Glucoside, Dimethicone, Caprylyl Glycol, Butylene Glycol, Cetyl Alcohol, Sodium', 'Polyacrylate Starch, Stearyl Alcohol, Disodium EDTA, Sodium Hyaluronate,', 'BHT, Tetrasodium EDTA, Hydrogenated Vegetable Oil, Caramel, Xanthan', 'Gum, Sorbic Acid, Phenoxyethanol, Limonene, Citral.']",28.0,,,0,0,0,0,0,,Skincare,Shop by Concern,Anti-Aging,0,,
P435387,Mini Rose Floral Toner,4348,fresh,0,3.7,10.0,2 oz/ 60 mL,Size,2 oz/ 60 mL,,"['Water, Glycerin, Pentylene Glycol, Rosa Damascena Flower Water, Anthemis Nobilis Flower Oil, Sodium Citrate, Citric', 'Acid, Citronellol, Geraniol, Pheno Xyethano.']",15.0,,,0,0,0,0,0,"['Clean at Sephora', 'Good for: Dryness']",Skincare,Mini Size,,0,,
P504272,Hydrating Skincare Gift Set,4348,fresh,6842,3.2857,7.0,,,,,"['Rose Deep Hydration Toner:', 'Aqua (Water), Glycerin, Propanediol, 1,2-Hexanediol, Polyglycerin-3, Rosa Centifolia Flower, Rosa Damascena Flower Water, Rosa Damascena Extract, Rosa Multiflora Fruit Extract, Rosa Damascena Flower Extract, Angelica Keiskei Extract, Rosa Damascena Flower Oil, Butylene Glycol, Sodium Citrate, Citric Acid, Xanthan Gum, Sodium Hyaluronate, Caprylyl Glycol, Chlorphenesin, Sodium Benzoate, Potassium Sorbate, Citronellol, Geraniol.', 'Rose Deep Hydration Oil-Infused Serum:', 'Aqua (Water), Rosa Damascena Flower Water, Coco-Caprylate/Caprate, C9-12 Alkane, Propanediol, Ethylhexyl Palmitate, Pentylene Glycol, Glycerin, Squalane, Rosa Damascena Flower Extract, Rosa Damascena Extract, Camelina Sativa Seed Oil, Rosa Rubiginosa Seed Oil, Cucumis Sativus (Cucumber) Fruit Extract, Rosa Damascena Flower Oil, Tocopherol, Sodium Citrate, Sodium Chloride, Ethylhexylglycerin, Xanthan Gum, Citric Acid, Caprylic/Capric Tri-glyceride, Sorbitan Sesquioleate, 1,2- Hexanediol, Caprylyl Glycol, Sodium Benzoate, Potassium Sorbate, Citronellol, Geraniol.', 'Rose Deep Hydration Moisturizer:', 'Aqua (Water), Glycerin, C15-19 Alkane, Butylene Glycol, Propanediol, Isostearyl Isostearate, Hexyl Laurate, Pentylene Glycol, 1,2 Hexanediol, Behenyl Alcohol, Steareth-2, Prunus Domestica Seed Oil, Rosa Damascena Flower Water, Rosa Damascena Extract, Rosa Damascena Flower Extract, Rosa Damascena Flower Oil, Cucumis Sativus (Cucumber) Fruit Extract, Angelica Keiskei Extract, Sodium Hyaluronate, Tocopheryl Acetate, Silica, Dimethicone, Ammonium Acryloyldimethyltaurate/VP Copolymer, Steareth-21, Hydroxyethyl Acrylate/Sodium Acryloyldimethyl Taurate Copolymer, Squalane, Acrylates/C10-30 Alkyl Acrylate Crosspolymer, Tromethamine, Xanthan Gum, Dimethiconol, Polysorbate 60, Algin, Pentaerythrityl Tetra-Di-T-Butyl Hydroxyhydrocinnamate, Sorbitan Isostearate, Trisodium Ethylenediamine Disuccinate, Acacia Senegal Gum, Serine, Caramel, Caprylyl Glycol, Citric Acid, Sodium Hydroxide, Chlorphenesin, Sodium Benzoate, Potassium Sorbate, Citronellol, Geraniol.', 'Soy pH-Balanced Hydrating Face Wash:', 'Aqua (Water), Coco-Glucoside, Butylene Glycol, Glycerin, Propanediol, Xanthan Gum, 1,2-Hexanediol, Polyglyceryl-10 Laurate, Centaurea Cyanus Flower Water, Cucumis Sativus (Cucumber) Fruit Extract, Helianthus Annuus (Sunflower) Seed Oil, Borago Officinalis Seed Oil, Hydrolyzed Soy Protein, Rosa Damascena Extract, Rosa Damascena Flower Water, Aloe Barbadensis Leaf Juice, Panax Ginseng Root Extract, Malva Sylvestris (Mallow) Flower Extract, Rosa Damascena Flower Oil, Tocopherol, Caprylic/Capric Triglyceride, Caprylyl Glycol, Hydrolyzed Jojoba Esters, Silica, Citric Acid, Pentylene Glycol, Caramel, Sodium Hydroxide, Sodium Benzoate, Potassium Sorbate.']",59.0,89.0,,1,1,0,0,1,"['Clean at Sephora', 'Good for: Dryness']",Skincare,Value & Gift Sets,,0,,
P503226,Sugar Triple-Action Lip Serum Advanced Therapy,4348,fresh,3996,3.8571,7.0,.34 oz / 10 mL,Color,,,"['Aqua (Water), Glycerin, Ethylene/Acrylic Acid Copolymer, Caprylic/Capric Triglyceride, Butylene Glycol, Ethylhexyl Palmitate, Persea Gratissima (Avocado) Oil, Polysorbate 20, Vinyl Dimethicone/Methicone Silsesquioxane Crosspolymer, Limnanthes Alba (Meadowfoam) Seed Oil, Camellia Oleifera Seed Oil, Vitis Vinifera (Grape) Seed Oil, Commiphora Mukul Resin Extract, Kigelia Africana Fruit Extract, Spilanthes Acmella Flower Extract, Ribes Nigrum (Black Currant) Seed Oil, Biosaccharide Gum-1, Tocopheryl Acetate, Ascorbyl Tetraisopalmitate, Tocopherol, Ascorbyl Palmitate, Sodium Polyacrylate, Silica, Pentaerythrityl Tetraisostearate, Ci 77891 (Titanium Dioxide), Hydrogenated Polycyclopentadiene, Tetrasodium Edta, Dipalmitoyl Hydroxyproline, Xanthan Gum, Adenosine, Parfum (Fragrance), Caramel, Trihydroxystearin, Palmitic Acid, Caprylyl Glycol, Stevioside, Sodium Hyaluronate, Hexylene Glycol, Bht, Phenoxyethanol, Limonene, Citral, Linalool, Benzyl Alcohol.']",36.0,,,0,0,1,0,0,"['Good for: Dullness/Uneven Texture', 'Good for: Loss of firmness', 'Clean at Sephora']",Skincare,Lip Balms & Treatments,,0,,
P504273,Treat & Tint Mini Lip Care Gift Set,4348,fresh,8577,4.0,5.0,,,,,,35.0,51.0,,1,1,0,0,0,"['Clean at Sephora', 'Good for: Dryness']",Skincare,Value & Gift Sets,,0,,
P481704,Umbrian Clay Pore Purifying Face Mask,4348,fresh,6419,4.5,4.0,3.3 oz / 100 mL,Size,3.3 oz / 100 mL,,"['Aqua (Water), Butylene Glycol, Isononyl Isononanoate, Cetearyl Isononanoate, Cocoglycerides, Glycerin, Propanediol, Pentylene Glycol, Steareth-21, Alpinia Galanga Extract, Saccharomyces/Xylinum/Black Tea Ferment, Acetyl Dipeptide-1 Cetyl Ester, Lycium Chinense Fruit Extract, Rubus Fruticosus (Blackberry) Leaf Extract, Litchi Chinensis Seed Extract, Camellia Sinensis Leaf Extract, Tocopheryl Acetate, Tocopherol, Myristyl Myristate, Jojoba Esters, Behenyl Alcohol, Cetyl Alcohol, Stearyl Alcohol, Glyceryl Stearate, Hydroxyethyl Acrylate/Sodium Acryloyldimethyl Taurate Copolymer, Dimethicone, Parfum (Fragrance), Diphenylsiloxy Phenyl Trimethicone, Squalane, Caprylyl Glycol, Acrylates/C10-30 Alkyl Acrylate Crosspolymer, Sorbitol, Xanthan Gum, Tromethamine, Sodium Hyaluronate, Maltodextrin, Algin, Dimethicone/Phenyl Vinyl Dimethicone Crosspolymer, Polysorbate 60, Adenosine, Polyvinyl Alcohol, Sorbitan Isostearate, Cellulose Gum, Caprylic/Capric Triglyceride, Citric Acid, Chlorphenesin, Sodium Benzoate, Potassium Sorbate, Linalool.']",58.0,,,0,0,0,0,0,"['Clean at Sephora', 'Good for: Pores', 'Good for: Acne/Blemishes', 'Without Parabens']",Skincare,Masks,Face Masks,1,25.0,25.0
P432255,Mini Black Tea Firming Overnight Mask,4348,fresh,0,4.0,3.0,1 oz/ 30 mL,Size,1 oz/ 30 mL,,"['Water, Glycerin, Butylene Glycol, Jojoba Esters, Isohexadecane, Ammonium Acryloyldimethyltaurate/Vp Copolymer, Dicaprylyl Carbonate, Camellia Oleifera Seed Oil, Pentylene Glycol, Ethylhexyl Palmitate, Mirabilis Jalapa Extract, Glyceryl Stearate, Steareth-21, Caprylic/Capric Triglyceride, Dimethicone, Oxidized Corn Oil, Butyrospermum Parkii (Shea Butter), Cera Alba (Beeswax), Kigelia, Africana Fruit Extract, Saccharomyces Ferment Filtrate, Camellia Sinensis Leaf Extract, Rubus Fruticosus (Blackberry) Leaf Extract, Litichi Chinensis Seed Extract, Rosa Damascena Flower Oil, Sodium Hyaluronate, Adenosine, Tocopheryl Acetate, Tocopherol, Ceteareth-20, Behenyl Alcohol, Fragrance, Ceteareth-12, Cetearyl Alcohol, Sodium Citrate, Sodium Polyacrylate Starch, Sodium Polyacrylate, Sorbitan Laurate, Disodium Edta, Maltodextrin, Silica, Tetrasodium Edta, Hydroxyethylcellulose, Acetyl Dipeptide-1 Cetyl Ester, Citric Acid, Ci 77891 (Titanium Dioxide), BHT, Potassium Sorbate, Biotin, Phenoxyethanol, Linalool, Citronellol, Geraniol.']",40.0,,,0,0,0,0,0,"['Hyaluronic Acid', 'Good for: Loss of firmness', 'Clean at Sephora', 'Without Parabens', 'Best for Dry, Combo, Normal Skin', 'Without Sulfates SLS & SLES']",Skincare,Mini Size,,0,,
P504289,Prep & Treat Lip Care Gift Set,4348,fresh,4428,3.5,2.0,,,,,"['Sugar Recovery Lip Mask Advanced Therapy:', 'Isononyl Isononanoate, Polybutene, C10-30 Cholesterol/Lanosterol Esters, Bis-Diglyceryl Polyacyladipate-2, Diisostearyl Malate, Polyethylene, Isostearyl Isostearate, Hydrogenated Polyisobutene, Vitis Vinifera (Grape) Seed Oil, Rhus Verniciflua Peel Wax, Ethylene/Propylene/Styrene Copolymer, Vinyl Dimethicone/Methicone Silsesquioxane Crosspolymer, Butyrospermum Parkii (Shea) Butter, Butyrospermum Parkii (Shea) Butter Unsaponifiables, Sucrose Tetrastearate Triacetate, Ribes Nigrum (Black Currant) Seed Oil, Tocopherol, Ascorbyl Palmitate, Parfum (Fragrance), Butylene/Ethylene/Styrene Copolymer, Ammonium Glycyrrhizate, Ethylhexyl Palmitate, Vanillin, Pentaerythrityl Tetra-Di-t-Butyl Hydroxyhydrocinnamate, Trihydroxystearin, Sodium Hyaluronate, Limonene, Citral, Benzyl Alcohol, Linalool.', 'Sugar Lip Treatment Advanced Therapy Original:', 'Cera Alba (Beeswax), Simmondsia Chinensis (Jojoba) Seed Oil, C10-18 Triglycerides, Hydrogenated Olive Oil Decyl Esters, Ricinus Communis (Castor) Seed Oil, Vitis Vinifera (Grape) Seed Oil, Ethylhexyl Palmitate, Parfum (Fragrance), Theobroma Grandiflorum Seed Butter, Prunus Domestica Seed Oil, Copernicia Cerifera (Carnauba) Wax, Limnanthes Alba (Meadowfoam) Seed Oil, Hydrogenated Vegetable Oil, Passiflora Incarnata Seed Oil, Sucrose Tetrastearate Triacetate, Crithmum Maritimum Extract, Commiphora Mukul Resin Extract, Ribes Nigrum (Black Currant) Seed Oil, Tocopherol, Ascorbyl Tetraisopalmitate, Tocopheryl Acetate, Ascorbyl Palmitate, PEG-6 Isostearate, Caprylic/Capric Triglyceride, Ammonium Glycyrrhizate, Trihydroxystearin, Hesperetin Laurate, Vanillin, Butylene Glycol, BHT, Caprylyl Glycol, Sodium Hyaluronate, Hexylene Glycol, Phenoxyethanol, Limonene, Citral, Benzyl Alcohol, Linalool, Geraniol.']",28.0,42.0,,1,1,0,0,1,"['Clean at Sephora', 'Good for: Dryness']",Skincare,Value & Gift Sets,,0,,
P503915,Mini Floral Recovery Overnight Mask with Squalane,4348,fresh,3539,5.0,1.0,1 oz / 30 mL,Size,1 oz / 30 mL,,"['Aqua (Water), Glycerin, Squalane, Camellia Oleifera Seed Oil, Cetearyl Alcohol, Propanediol, 1,2-Hexanediol, Ascorbyl Glucoside, Passi ora Edulis Seed Oil, Centaurea Cyanus Flower Water, Prunus Cerasus (Bitter Cherry) Flower Extract, Paeonia Suffruticosa Root Extract, Tocopheryl Acetate, Tocopherol, Hydrogenated Coco- Glycerides, Cetearyl Glucoside, Cetyl Alcohol, Stearyl Alcohol, Sodium Stearoyl Glutamate, Betaine, Sodium Hydroxide, Acrylates/C10-30 Alkyl Acrylate Crosspolymer, Polyacrylate Crosspolymer-6, Butylene Glycol, Parfum (Fragrance), Sodium Hyaluronate, Glucose, Chlorphenesin, Sodium Benzoate, Potassium Sorbate.']",28.0,,,0,1,0,0,0,"['Good for: Dullness/Uneven Texture', 'Vitamin C', 'Clean at Sephora', 'Good for: Dryness', 'Without Parabens']",Skincare,Masks,Face Masks,0,,
P481705,Mini Umbrian Clay Pore Purifying Face Mask,4348,fresh,0,,,1 oz / 30 mL,Size,1 oz / 30 mL,,"['Solum Fullonum (Fuller’s Earth), Aqua (Water), Glycerin, Butylene Glycol, Pentylene Glycol, Cocamidopropyl Betaine, Vitis Vinifera (Grape) Seed Oil, Fusanus Spicatus Wood Oil, Lavandula Angustifolia (Lavender) Flower Water, Anthemis Nobilis Flower Oil, Xanthan Gum, Sodium Chloride, Sodium Acrylate/Sodium Acryloyldimethyl Taurate Copolymer, C15-19 Alkane, Coconut Acid, Polyglyceryl-6 Laurate, Polyglycerin-6, Sorbitan Oleate, Sorbitan Isostearate, Chlorphenesin, Linalool, Farnesol.']",25.0,,,0,0,0,0,0,"['Clean at Sephora', 'Good for: Pores', 'Good for: Acne/Blemishes', 'Without Parabens']",Mini Size,Skincare,,0,,
P505493,Mini Kombucha Antioxidant Facial Treatment Essence,4348,fresh,26,,,5 oz / 50 ml,Size,5 oz / 50 ml,,"['Aqua (Water), Saccharomyces/xylinum/black Tea Ferment, Glycerin, Polyglycerin-3, Pentylene, Glycol, 1,2-hexanediol, Kigelia Africana Fruit Extract, Artemisia Capillaris Flower Extract, Rosa Damascena Flower Oil, Tocopherol, Tocopheryl Acetate, Butylene Glycol, Diglycerin, Propanediol, Polyglyceryl-10 Stearate, Polyglyceryl-10 Oleate, Inositol, Trisodium Ethylenediamine Disuccinate, Parfum (Fragrance), Sodium Citrate, Sodium Hyaluronate, Citric Acid, Adenosine, Chlorphenesin, Sodium Benzoate, Sodium Metabisulfite, Potassium Sorbate, Linalool, Citronellol, Geraniol.']",39.0,,,0,1,0,0,0,"['Good for: Dullness/Uneven Texture', 'Hyaluronic Acid', 'Clean at Sephora', 'Good for: Dryness', 'Without Parabens']",Skincare,Moisturizers,Mists & Essences,0,,
P505509,Kombucha Antioxidant Facial Treatment Essence,4348,fresh,22,,,5 oz / 150 ml,Size,5 oz / 150 ml,,"['Aqua (Water), Saccharomyces/xylinum/black Tea Ferment, Glycerin, Polyglycerin-3, Pentylene, Glycol, 1,2-hexanediol, Kigelia Africana Fruit Extract, Artemisia Capillaris Flower Extract, Rosa Damascena Flower Oil, Tocopherol, Tocopheryl Acetate, Butylene Glycol, Diglycerin, Propanediol, Polyglyceryl-10 Stearate, Polyglyceryl-10 Oleate, Inositol, Trisodium Ethylenediamine Disuccinate, Parfum (Fragrance), Sodium Citrate, Sodium Hyaluronate, Citric Acid, Adenosine, Chlorphenesin, Sodium Benzoate, Sodium Metabisulfite, Potassium Sorbate, Linalool, Citronellol, Geraniol.']",82.0,,,0,1,0,0,0,"['Good for: Dullness/Uneven Texture', 'Hyaluronic Acid', 'Clean at Sephora', 'Good for: Dryness', 'Without Parabens']",Skincare,Moisturizers,Mists & Essences,2,118.0,39.0
P390722,Prisme Libre Loose Setting and Finishing Powder,1133,Givenchy,204028,4.502,2229.0,0.42 oz/ 14.50 mL,Color,01 Original Mousseline Pastel,for fair skintones,"['Talc, Synthetic Fluorphlogopite, Silica, Dimethicone, Pentylene Glycol, Phenyl Trimethicone, Hdi/Trimethylol Hexyllactone Crosspolymer, Sodium Dehydroacetate, Diisostearyl Malate, Octyldodecyl Stearoyl Stearate, Caprylyl Glycol, Tocopheryl Acetate, Fragrance, Sorbitan Sesquioleate, Butylphenyl Methylpropional, Geraniol, Bht, Tocopherol. May Contain (+/-): Yellow 5 Lake (Ci 19140), Ultramarines (Ci 77007), Chromium Oxide Greens (Ci 77288), Iron Oxides (Ci 77491), Manganese Violet (Ci 77742), Titanium Dioxide (Ci 77891).']",59.0,,,0,0,0,0,0,"['Loose Powder Formula', 'Radiant Finish', 'Good for: Dullness/Uneven Texture', 'Good for: Pores', 'Matte Finish']",Makeup,Face,Setting Spray & Powder,6,59.0,40.0
P377755,Rouge Interdit Intense Silk Satin Matte Lipstick,1133,Givenchy,132826,4.6199,221.0,0.1 oz / 34 g,Color,N116 NUDE BOISÉ,flushed pink neutral,"['Polyglyceryl-2 Triisostearate , Hydrogenated Polydecene , Hydrogenated Polyisobutene, Methyl Methacrylate Crosspolymer, Synthetic Wax, Trimethylolpropane Triisostearate, Hydrogenated Microcrystalline Wax, Silica ,C10-30 Cholesterol/Lanosterol Esters, Cera Alba (Beeswax), Ethylhexyl Palmitate, Caprylic/Capric Triglyceride, Parfum (Fragrance) ,Trihydroxystearin, Tocopherol ,Butylene Glycol, Propyl Gallate, Spilanthes Acmella Flower Extract, Caprylyl Glycol , Phenoxyethanol , Pearl Powder, Sodium Hyaluronate, Benzyl Benzoate, Hexylene Glycol , Hydroxycitronellal , Bht, [+/- : Ci 15850 (Red 6 - Red 7 - Red 7 Lake), Ci 19140 (Yellow 5 Lake), Ci 77891 (Titanium Dioxide), Ci 45410 (Red 28 Lake) , Ci 42090 (Blue 1 Lake), Ci 77499 (Iron Oxides)].']",40.0,,,0,1,0,0,0,"['Cream Formula', 'Hyaluronic Acid', 'Satin Finish', 'Hydrating', 'Long-wearing', 'Matte Finish']",Makeup,Lip,Lipstick,19,40.0,31.0
P457245,Rose Perfecto Tinted Liquid Balm,1133,Givenchy,62416,4.3079,367.0,.2 oz/ 6mL,Color,001 Pink Irresistible,"transparent pink, custom to your PH","['C10-30 Cholesterol/Lanosterol Esters, Isononyl Isononanoate, Polyglyceryl-2 Triisostearate, Hydrogenated Polyisobutene, Pentaerythrityl Tetraisostearate, Copernicia Cerifera (Carnauba) Wax, Ethylene/Propylene/Styrene Copolymer, Glyceryl Behenate/Eicosadioate, Ethylhexyl Palmitate, Butyrospermum Parkii (Shea) Butter, Butyrospermum Parkii (Shea) Butter Unsaponifiables, Menthoxypropanediol, Parfum (Fragrance), Butylene/Ethylene/Styrene Copolymer, Diisostearyl Malate, Ascorbyl Tetraisopalmitate, Trimethylolpropane Triisostearate, Pentaerythrityl Tetra-Di-T-Butyl Hydroxyhydrocinnamate, Trihydroxystearin, Schinus Terebinthifolius Seed Extract, Tocopherol, Sodium Hyaluronate, Propyl Gallate, [+/- Ci 77499 (Iron Oxides), Ci 77891 (Titanium Dioxide), Ci 45410 (Red 27), Ci 15850 (Red 6 - Red 7)].']",38.0,,,0,0,0,0,0,"['Radiant Finish', 'Hyaluronic Acid', 'Liquid Formula', 'Plumping', 'Vitamin C', 'Hydrating']",Makeup,Lip,Lip Balm & Treatment,5,38.0,38.0
P405231,Rouge Interdit Vinyl Color Enhancing Lipstick,1133,Givenchy,61315,4.3695,249.0,0.11 oz/ 3.1 g,Color,16 Noir Revelateur,,"['Diisostearyl Malate,  Polyglyceryl-2 Triisostearate,  Pentaerythrityl Tetraisostearate,  Polybutene,  Polyglyceryl-10 Pentaisostearate,  Bis-diglyceryl Polyacyladipate-2,  Polyethylene,  Synthetic Fluorphlogopite,  Candelilla Cera (Euphorbia Cerifera (Candelilla) Wax),  Trimethylolpropane Triisostearate,  Silica,  Cera Alba (Beeswax),  Prunus Amygdalus Dulcis (Sweet Almond) Oil,  Calcium Carbonate,  Phenylpropyldimethylsiloxysilicate,  Parfum (Fragrance),  Bht,  Benzyl Benzoate,  Propyl Gallate,  Rosa Hybrid Flower Extract,  Hydroxycitronellal,  Tocopherol,  Ci 77891 (Titanium Dioxide),  Ci 77491 - Ci 77499 (Iron Oxides),  Ci 15850 (Red 7 Lake),  Ci 42090 (Blue 1 Lake),  Ci 19140 (Yellow 5 Lake).']",34.0,,,0,0,0,0,0,"['High Shine Finish', 'Hydrating']",Makeup,Lip,Lipstick,0,,
P474948,Le Rouge Sheer Velvet Matte Lipstick,1133,Givenchy,43958,4.507,215.0,0.12 oz/ 3.4 g,Color,16 Nude Boise,neutral beige infused with a powdery pink,"['Hydrogenated Polydecene, Dimethicone, Octyldodecanol, Polyethylene, Dimethicone/Vinyl Dimethicone Crosspolymer, Dimethicone Crosspolymer, Silica, Euphorbia Cerifera (Candelilla) Wax, Vinyl Dimethicone/Methicone Silsesquioxane Crosspolymer, Irvingia Gabonensis Kernel Butter, Hydrogenated Coco-Glycerides, Parfum (Fragrance), Lecithin, Sodium Myristoyl Glutamate, Tocopherol, Aluminum Hydroxide, [+/- Ci 15985 (Yellow 6 Lake), Ci 77891 (Titanium Dioxide), Ci 19140 (Yellow 5 Lake), Ci 77491 - Ci 77492 - Ci 77499 (Iron Oxides), Ci 15850 (Red 6 - Red 7 - Red 7 Lake), Ci 45410 (Red 28 Lake), Ci 42090 (Blue 1 Lake)].']",40.0,,,0,0,0,0,0,"['Refill Available', 'Hydrating', 'Long-wearing', 'Matte Finish', 'Medium Coverage', 'Without Sulfates SLS & SLES']",Makeup,Lip,Lipstick,10,43.0,40.0
P472700,Rose Perfecto Lip Balm 24H Hydration,1133,Givenchy,41868,4.431,935.0,0.09 oz/ 2.8 g,Color,117 Chilling Brown,coffee toned nude,"['Polyglyceryl-2 Triisostearate, Hydrogenated Castor Oil Dimer Dilinoleate, Bis-Behenyl/Isostearyl/Phytosteryl Dimer Dilinoleyl Dimer Dilinoleate, Helianthus Annuus (Sunflower) Seed Wax, Octyldodecanol, Squalane, Cera Alba (Beeswax), Butyrospermum Parkii (Shea) Butter, Oryza Sativa (Rice) Bran Wax, Ethylhexyl Palmitate, Trimethylolpropane Triisostearate, Parfum (Fragrance), Butyrospermum Parkii (Shea) Butter Unsaponifiables, Menthoxypropanediol, Ascorbyl Tetraisopalmitate, Rosa Rubiginosa Seed Oil, Pentaerythrityl Tetra-Di-T-Butyl Hydroxyhydrocinnamate, Tocopherol, Ascorbyl Palmitate, Helianthus Annuus (Sunflower) Seed Oil, Schinus Terebinthifolius Seed Extract, Trihydroxystearin, Propyl Gallate, Sodium Hyaluronate, Glucomannan, [+/- : Ci 77891 (Titanium Dioxide), Ci 77491 - Ci 77492 - Ci 77499 (Iron Oxides), Ci 15850 (Red 7 - Red 7 Lake), Ci 42090 (Blue 1 Lake)].']",38.0,,,0,0,0,0,0,"['Hyaluronic Acid', 'High Shine Finish', 'Vitamin C', 'Hydrating', 'Without Phthalates', 'Without Sulfates SLS & SLES']",Makeup,Lip,Lip Balm & Treatment,9,38.0,38.0
P448881,Le Rouge Deep Velvet Matte Lipstick,1133,Givenchy,32559,4.5346,217.0,0.12 oz/ 3.4 g,Color,12 Nude Rose,soft neutral pink,"['Dimethicone, Octyldodecanol, Polyethylene, Polysilicone-11, Nylon-12, Caprylic/Capric Triglyceride, Bis-Peg-12 Dimethicone Beeswax, Methyl Methacrylate Crosspolymer, Dicalcium Phosphate, Stearalkonium Bentonite, Polyhydroxystearic Acid, Propylene Carbonate, Parfum (Fragrance), Laureth-12, Pentaerythrityl Tetra-Di-T-Butyl Hydroxyhydrocinnamat, Irvingia Gabonensis Kernel Butter, Hydrogenated Coco-Glycerides, Benzyl Benzoate, Hydroxycitronellal, Bht,  Tocopherol, Tin Oxide, Mica, Ci 77891 (Titanium Dioxide),  Ci 15850 (Red 7 Lake), Ci 19140 (Yellow 5 Lake), Ci 77491 - Ci 77492 (Iron Oxides), Ci 15850 (Red 6), Ci 42090 (Blue 1 Lake), Ci 45410 (Red 28 Lake), Ci 15985 (Yellow 6 Lake).']",40.0,,,0,0,0,0,0,"['Refill Available', 'Matte Finish', 'Long-wearing', 'Customizable', 'Full Coverage', 'Without Sulfates SLS & SLES']",Makeup,Lip,Lipstick,9,40.0,40.0
P469469,Prisme Libre Skin-Caring Glow Foundation,1133,Givenchy,32008,4.4733,1312.0,1.01 oz/ 30 mL,Color,6-N405,tan to deep with neutral undertones,"['Aqua (Water), C9-12 Alkane, Coco-Caprylate/Caprate, Propanediol, Polyglyceryl-6 Polyricinoleate, Polyglyceryl-2 Isostearate, Glycerin, Pentylene Glycol, Sorbitan Sesquiisostearate, Disteardimonium Hectorite, Sodium Chloride, Hydroxyacetophenone, Ethylhexylglycerin, Sodium Myristoyl Glutamate, Parfum (Fragrance), Potassium Sorbate, Mica, Tropaeolum Majus Flower/Leaf/Stem Extract, Aluminum Hydroxide, Caprylic/Capric Triglyceride, Polyhydroxystearic Acid, Tocopherol, 1,2-Hexanediol, Caprylyl Glycol, Citric Acid, Isostearic Acid, Lecithin, Polyglyceryl-3 Polyricinoleate, [+/- : Ci 77891 (Titanium Dioxide), Ci 77492 (Iron Oxides), Ci 77499 (Iron Oxides), Ci 77491 (Iron Oxides)].']",52.0,,,0,0,0,0,0,"['Light Coverage', 'Radiant Finish', 'Long-wearing', 'Without Silicones', 'Alcohol Free']",Makeup,Face,Foundation,29,52.0,52.0
P459156,Irresistible Eau de Parfum,1133,Givenchy,23531,4.513,616.0,1.7 oz/ 50 mL,Size + Concentration + Formulation,1.7 oz/ 50 mL Eau de Parfum Spray,,"['Alcohol, Parfum (Fragrance), Aqua (Water), Linalool, Alpha-Isomethyl Ionone, Ethylhexyl Methoxycinnamate, Limonene, Geraniol, Citronellol, Diethylamino Hydroxybenzoyl Hexyl Benzoate, Butyl Methoxydibenzoylmethane, Butylene Glycol Dicaprylate/Dicaprate, Coumarin, Citral, Tris (Tetramethylhydroxypiperidinol) Citrate, Bht, Ci 14700 (Red 4), Ci 60730 (Ext. Violet 2), Ci 19140 (Yellow 5).']",110.0,,,0,0,1,0,0,"['Layerable Scent', 'Floral Scent']",Fragrance,Women,Perfume,2,131.0,40.0
P457669,L'Interdit Eau de Parfum,1133,Givenchy,19418,4.3345,586.0,1.7 oz/ 50 mL,Size + Concentration + Formulation,1.7 oz/ 50 mL Eau de Parfum Spray,,"['Alcohol, Parfum (Fragrance), Aqua (Water), Ethylhexyl Methoxycinnamate, Linalool, Limonene, Butyl Methoxydibenzoylmethane, Butylene Glycol Dicaprylate/Dicaprate, Citronellol, Geraniol, Bht, Benzyl Salicylate, Eugenol, Alpha-Isomethyl Ionone, Tocopherol, Citral, Coumarin, Benzyl Alcohol, Ci 19140 (Yellow 5), Ci 17200 (Red 33), Ci 60730 (Ext. Violet 2).']",110.0,,,0,0,1,0,0,"['Layerable Scent', 'Floral Scent']",Fragrance,Women,Perfume,2,131.0,40.0
P475946,L’Interdit Rouge Eau De Parfum,1133,Givenchy,18988,4.1554,296.0,1.7 oz/ 50 mL,Size + Concentration + Formulation,1.7 oz/ 50 mL,,"['Alcohol, Parfum (Fragrance), Aqua (Water), Linalool, Limonene, Butyl Methoxydibenzoylmethane, Hydroxycitronellal, Geraniol, Citronellol, Benzyl Salicylate, Coumarin, Alpha-Isomethyl Ionone, Eugenol, Citral.']",113.0,,,0,0,1,0,0,,Fragrance,Women,Perfume,1,135.0,135.0
P416205,Mini Prisme Libre Loose Powder,1133,Givenchy,16329,4.125,40.0,0.3 oz/ 0.89 mL,Color,01 Original Mousseline Pastel,for fair skintones,"['Talc, Synthetic Fluorphlogopite, Silica, Dimethicone, Caprylyl Glycol, Pentylene Glycol, Phenyl Trimethicone, Hdi/Trimethylol Hexyllactone Crosspolyme, Sodium Dehydroacetate, Diisostearyl Malate, Octyldodecyl Stearoyl Stearate, Tocopheryl Acetate, Fragrance, Sorbitan Sesquioleate, Geraniol, Bht, Tocopherol. May Contain (+/-) Iron Oxides (Ci 77491), Chromium Oxide Greens (Ci 77288), Yellow 5 Lake (Ci 19140), Ultramarines (Ci 77007), Manganese Violet (Ci 77742), Titanium Dioxide (Ci 77891).']",40.0,,,0,0,0,0,0,"['Loose Powder Formula', 'Radiant Finish', 'Good for: Dullness/Uneven Texture', 'Good for: Pores', 'Matte Finish']",Makeup,Face,Setting Spray & Powder,0,,
P201400,Hot Couture Eau de Toilette,1133,Givenchy,15805,4.7067,416.0,3.3 oz / 100 mL,Size + Concentration + Formulation,3.3 oz / 100 mL,,,120.0,,,0,0,1,0,0,,Fragrance,Women,Perfume,0,,
P481706,Prisme Libre Skin-Caring Matte Foundation,1133,Givenchy,15431,4.4644,900.0,1 oz/ 30 mL,Color,1-N80,ultra fair with neutral undertones,"['Aqua (Water), C9-12 Alkane, Caprylic/Capric Triglyceride, Propanediol, Silica, Alcohol, Coco-Caprylate/Caprate, Sorbitan Sesquiisostearate, Pentylene Glycol, Pullulan, Stearalkonium Hectorite, Trimethylsiloxysilicate, Polyglyceryl-3 Polyricinoleate, Polyglyceryl-3 Diisostearate, Sodium Myristoyl Glutamate, Sodium Chloride, Hydroxyacetophenone, Parfum (Fragrance), Potassium Sorbate, Maltodextrin, Bixa Orellana Seed Extract, Tropaeolum Majus Flower/Leaf/Stem Extract, Aluminum Hydroxide, Kaolin, Polyhydroxystearic Acid, Tocopherol, Synthetic Fluorphlogopite, 1,2-Hexanediol, Caprylyl Glycol, Illite, Isostearic Acid, Lecithin, Citric Acid, Tin Oxide, [+/- Ci 77891 (Titanium Dioxide), Ci 77491, Ci 77492, Ci 77499 (Iron Oxides)].']",52.0,,,0,0,0,0,0,"['Liquid Formula', 'Hydrating', 'Matte Finish', 'Long-wearing', 'Waterproof', 'Medium Coverage']",Makeup,Face,Foundation,34,52.0,52.0
P183916,Lip Liner,1133,Givenchy,15108,4.4754,122.0,0.03 oz/ 0.8 g,Color,6 Carmin Escarpin,red,"['Caprylic/Capric Triglyceride, Bis-Diglyceryl Polyacyladipate-2, Hydrogenated Olive Oil Myristyl Esters, Polyethylene, Hydrogenated Palm Kernel Glycerides, Hydrogenated Cotton Seed Oil, Hydrogenated Olive Oil Decyl Esters, Euphorbia Cerifera (Candelilla) Wax, Copernicia Cerifera (Carnauba) Wax, Hydrogenated Palm Glycerides, Tocopherol, Ascorbyl Palmitate. May Contain (+/-): Red 36 (Ci 12085), Red 6/Red 7/Red 7 Lake (Ci 15850), Yellow 6 Lake (Ci 15985), Red 33 Lake (Ci 17200), Yellow 5 Lake (Ci 19140), Blue 1 Lake (Ci 42090), Red 21/Red 22 Lake (Ci 45380), Red 28 Lake (Ci 45410), Red 30/Red 30 Lake (Ci 73360), Carmine (Ci 75470), Bismuth Oxychloride (Ci 77163), Iron Oxides (Ci 77499, Ci 77491, Ci 77492), Manganese Violet (Ci 77742), Titanium Dioxide (Ci 77891), Mica.']",30.0,,,0,0,0,0,0,,Makeup,Lip,Lip Liner,6,30.0,30.0
P258016,Ange ou Demon Le Secret Eau de Parfum,1133,Givenchy,14628,4.5028,354.0,1.7 oz,Size + Concentration + Formulation,1.7 oz,,"['Alcohol, Fragrance, Water, Limonene, Ethylhexyl Methoxycinnamate, Linalool, Butyl Methoxydibenzoylmethane, Butylene Glycol Dicaprylate/Dicaprate, Citral, Bht, Citronellol, Geraniol, Eugenol, Tocopherol, Red 4 (Ci 14700), Yellow 5 (Ci 19140), Ext. Violet 2 (Ci 60730).']",108.0,,,0,0,1,0,0,"['Floral Scent', 'Fresh Scent']",Fragrance,Women,Perfume,0,,
P45600,Very Irrésistible Eau de Toilette,1133,Givenchy,14589,4.473,389.0,2.4 oz/ 71 mL,Size + Concentration + Formulation,2.4 oz/ 71 mL,,"['Alcohol, Fragrance, Water, Linalool, Benzyl Salicylate, Butylphenyl Methylpropional, Alpha-Isomethyl Ionone, Hexyl Cinnamal, Geraniol, Coumarin, Limonene, Citronellol, Bht, Benzyl Benzoate, Anise Alcohol, Citral, Benzyl Alcohol, Methyl 2-Octynoate, Isoeugenol, Farnesol.']",110.0,,,0,0,1,0,0,,Fragrance,Women,Perfume,0,,
P459171,L'Interdit Eau de Parfum Rollerball,1133,Givenchy,11037,4.3345,586.0,0.67 oz/ 20 ml,Size + Concentration + Formulation,0.67 oz/ 20 ml Eau de Parfum Rollerball,,"['Alcohol, Parfum (Fragrance), Aqua (Water), Ethylhexyl Methoxycinnamate, Linalool, Limonene, Butyl Methoxydibenzoylmethane, Butylene Glycol Dicaprylate/Dicaprate, Citronellol, Geraniol, Bht, Benzyl Salicylate, Eugenol, Alpha-Isomethyl Ionone, Tocopherol, Citral, Coumarin, Benzyl Alcohol, Ci 19140 (Yellow 5), Ci 17200 (Red 33), Ci 60730 (Ext. Violet 2)']",40.0,,,0,0,1,0,0,"['Layerable Scent', 'Floral Scent']",Fragrance,Women,Rollerballs & Travel Size,0,,
P473308,Irresistible Eau de Parfum Rollerball,1133,Givenchy,10343,4.513,616.0,0.67 oz/ 20 mL,Size + Concentration + Formulation,0.67 oz/ 20 mL Eau de Parfum Rollerball,,"['Alcohol, Parfum (Fragrance), Aqua (Water), Linalool, Alpha-Isomethyl Ionone, Ethylhexyl Methoxycinnamate, Limonene, Geraniol, Citronellol, Diethylamino Hydroxybenzoyl Hexyl Benzoate, Butyl Methoxydibenzoylmethane, Butylene Glycol Dicaprylate/Dicaprate, Coumarin, Citral, Tris (Tetramethylhydroxypiperidinol) Citrate, Bht, Ci 14700 (Red 4), Ci 60730 (Ext. Violet 2), Ci 19140 (Yellow 5).']",40.0,,,0,0,1,1,0,"['Layerable Scent', 'Floral Scent']",Fragrance,Women,Rollerballs & Travel Size,0,,
P471764,Le Rouge Universal 24H Hydration Lip Balm,1133,Givenchy,6666,4.2474,291.0,0.1 oz/ 3.2 g,Color,L'Universel,sheer universal,"['Polyglyceryl-2 Triisostearate, Hydrogenated Castor Oil Dimer Dilinoleate, Bis-Behenyl/Isostearyl/Phytosteryl Dimer Dilinoleyl Dimer Dilinoleate, Helianthus Annuus (Sunflower) Seed Wax, Octyldodecanol, Squalane, Jojoba Esters, Ethylhexyl Palmitate, Cera Alba (Beeswax), Oryza Sativa (Rice) Bran Wax, Caprylic/Capric Triglyceride, Parfum (Fragrance), Trimethylolpropane Triisostearate, Tocopherol, Trihydroxystearin, Ascorbyl Palmitate, Pentaerythrityl Tetra-Di-T-Butyl Hydroxyhydrocinnamate, Spilanthes Acmella Flower Extract, Pearl Powder, Sodium Hyaluronate, Propyl Gallate, Ci 77891 (Titanium Dioxide).']",39.0,,,0,0,0,0,0,"['Hydrating', 'Natural Finish', 'Hyaluronic Acid']",Makeup,Lip,Lip Balm & Treatment,0,,
P505129,Prisme Libre Skin-Caring 24H Hydrating + Radiant + Correcting Creamy Concealer,1133,Givenchy,6616,4.6288,722.0,.37 oz / 11ML,Color,N335,"tan with balanced, neutral undertones","['Aqua (Water) C9-12 Alkane, Caprylic/Capric Triglyceride,Glycerin, Pentylene Glycol, Coco-Caprylate/Caprate, Propanediol, Stearalkonium Hectorite , Trimethylsiloxysilicate , Pullulan, Sorbitan  Sesquiisostearate , Silica , Polyglyceryl-3 Polyricinoleate , Polyglyceryl-3 Diisostearate , Mica , Sodium Myristoyl Glutamate, Sodium Chloride, Centaurea Cyanus Flower Water , Hydroxyacetophenone, Ethylene Brassylate, Sodium Benzoate, Tropaeolum Majus Flower/Leaf/Stem Extract , Aluminum Hydroxide, Synthetic Fluorphlogopite, Polyhydroxystearic Acid, Propylene Carbonate, Biosaccharide Gum-2, Isostearic Acid, Lecithin, Potassium Sorbate, Citric Acid, Tin Oxide, Tocopherol, [+/- Ci 77891 (Titanium Dioxide) , Ci 77491, Ci77492, Ci 77499 (Iron Oxides), Ci 77163 (Bismuth Oxychloride)]']",37.0,,,0,1,0,0,0,"['Radiant Finish', 'Cream Formula', 'Hydrating', 'Good for: Dark Circles', 'Medium Coverage', 'Good for: Acne/Blemishes']",Makeup,Face,Concealer,23,37.0,37.0
P0956,Pi Eau de Toilette,1133,Givenchy,6248,4.6642,137.0,3.3 oz/ 100 mL,Size + Concentration + Formulation,3.3 oz/ 100 mL Eau de Toilette Spray,,"['Alcohol, Aqua (Water), Parfum (Fragrance), Coumarin, Ethylhexyl Methoxycinnamate, Limonene, Linalool, Butyl Methoxydibenzoylmethane, Butyle-Ne Glycol Dicaprylate/Dicaprate, Citro-Nellol, Bht, Citral, Benzyl Benzoate, Gera-Niol, Isoeugenol, Alpha-Isomethyl Ionone, Ci 19140 (Yellow 5), Tocopherol, Ci 14700 (Red 4).']",108.0,,,0,0,0,0,0,,Fragrance,Men,Cologne,1,85.0,85.0
P410767,Mister Brow Groom Universal Brow Setter,1133,Givenchy,5782,4.4634,82.0,0.18 oz,Size,0.18 oz,,"['Aqua (Water), Alcohol , Acrylates Copolymer , Glycerin, Hydroxyethylcellulose, Phenoxyethanol, Panthenol .']",31.0,,,0,0,0,0,0,,Makeup,Eye,Eyebrow,0,,
P481707,Gentleman Eau de Parfum Réserve Privée,1133,Givenchy,5194,4.6023,259.0,3.4 oz/ 100 mL eau de parfum,Size + Concentration + Formulation,3.4 oz/ 100 mL eau de parfum,,"['Alcohol, Parfum (Fragrance), Aqua (Water), Butyl Methoxydibenzoylmethane, Limonene, Linalool, Alpha-Isomethyl Ionone, Benzyl Salicylate, Coumarin, Hexyl Cinnamal, Citronellol, Benzyl Benzoate, Cinnamal, Citral, Geraniol, Benzyl Cinnamate, Isoeugenol, Ci 14700 (Red 4), Ci 47005 (Yellow 10), Ci 60730 (Ext. Violet 2).']",124.0,,,0,0,0,0,0,,Fragrance,Men,Cologne,1,101.0,101.0
P446334,Volume Disturbia Mascara,1133,Givenchy,4384,4.1452,778.0,0.28 oz/ 8 g,Color,N01 Black Disturbia,,"['Aqua (Wate+F11:V35R), Cera Alba (Beeswax), Paraffin, Styrene/Acrylates/Ammonium Methacrylate Copolymer, Propanediol, Glyceryl Stearate, Polybutene, Vp/Eicosene Copolymer, Steareth-21, Cera Carnauba (Copernicia Cerifera (Carnauba) Wax), Palmitic Acid, Stearic Acid, Phenoxyethanol, Steareth-2,Silica, Aminomethyl Propanediol, Butylene Glycol, Sodium Laureth-12 Sulfate, Caprylyl Glycol, Hydroxyethylcellulose, Parfum (Fragrance), Aluminum Hydroxide, Tocopheryl Acetate, Ammonium Hydroxide, Linalool, Algin, Acacia Senegal Gum,Geraniol, Citronellol, Hydroxycitronellal, Serine, Bht,Tocopherol, Ci 77499 (Iron Oxides), Ci 77007 (Ultramarines).']",28.0,,,0,0,0,0,0,"['Volumizing', 'Long-wearing', 'Curling']",Makeup,Eye,Mascara,0,,
P463625,Rouge Interdit Intense Silk Satin Matte Lipstick Refills,1133,Givenchy,3602,4.6,20.0,0.1 oz / 34 g,Color,N116: NUDE BOISÉ Refill,flushed pink neutral,"['Polyglyceryl-2 Triisostearate , Hydrogenated Polydecene , Hydrogenated Polyisobutene, Methyl Methacrylate Crosspolymer, Synthetic Wax, Trimethylolpropane Triisostearate, Hydrogenated Microcrystalline Wax, Silica ,C10-30 Cholesterol/Lanosterol Esters, Cera Alba (Beeswax), Ethylhexyl Palmitate, Caprylic/Capric Triglyceride, Parfum (Fragrance) ,Trihydroxystearin, Tocopherol ,Butylene Glycol, Propyl Gallate, Spilanthes Acmella Flower Extract, Caprylyl Glycol , Phenoxyethanol , Pearl Powder, Sodium Hyaluronate, Benzyl Benzoate, Hexylene Glycol , Hydroxycitronellal , Bht, [+/- : Ci 15850 (Red 6 - Red 7 - Red 7 Lake), Ci 19140 (Yellow 5 Lake), Ci 77891 (Titanium Dioxide), Ci 45410 (Red 28 Lake) , Ci 42090 (Blue 1 Lake), Ci 77499 (Iron Oxides)].']",31.0,,,0,1,1,0,0,"['Cream Formula', 'Hyaluronic Acid', 'Satin Finish', 'Hydrating', 'Long-wearing', 'Matte Finish']",Makeup,Lip,Lipstick,4,31.0,31.0
P423431,Gentleman Eau de Toilette,1133,Givenchy,3170,4.5652,23.0,3.3 oz/ 100 mL,Size + Concentration + Formulation,3.3 oz/ 100 mL Eau de Toilette Spray,,"['Alcohol, Fragrance, Water, Limonene, Ethylhexyl Methoxycinnamate, Linalool, Diethylamino Hydroxybenzoyl Hexyl Benzoate, Alpha-Isomethyl Ionone, Citronellol, Butyl Methoxydibenzoylmethane, Butylene Glycol, Dicaprylate/Dicaprate, Bht, Citral, Geraniol, Methyl 2-Octynoate, Tocopherol, Ext. Violet 2 (Ci 60730), Yellow 5 (Ci 19140), Red 4 (Ci 14700), Blue 1 (Ci 42090).']",108.0,,,0,0,0,0,0,,Fragrance,Men,Cologne,1,88.0,88.0
P501179,Pink Collection Le Rouge Sheer Velvet Matte Lipstick,1133,Givenchy,3076,4.5132,189.0,0.12 oz / 3.4 g,Color,51 - Brique,brick red,"['Dimethicone, Hydrogenated Polydecene, Octyldodecanol, Dimethicone/Vinyl Dimethicone Crosspolymer, Synthetic Wax, Silica, Dimethicone Crosspolymer, Candelilla Cera (Euphorbia Cerifera (Candelilla) Wax), Vinyl Dimethicone/Methicone Silsesquioxane Crosspolymer, Polyethylene, Irvingia Gabonensis Kernel Butter, Parfum (Fragrance), Hydrogenated Coco-Glycerides, Sodium Myristoyl Glutamate, Lecithin, Tocopherol, Aluminum Hydroxide, [+/- Ci 77491 - Ci 77499 (Iron Oxides), Ci 19140 (Yellow 5 Lake), Ci 42090 (Blue 1 Lake), Ci 15850 (Red 6 - Red 7)].']",43.0,,,1,0,1,0,1,"['High Shine Finish', 'Hydrating', 'Without Phthalates', 'Medium Coverage', 'Without Sulfates SLS & SLES']",Makeup,Lip,Liquid Lipstick,0,,
P458220,Gentleman Boisee Eau de Parfum,1133,Givenchy,3065,4.6369,504.0,3.4 oz/ 100 mL,Size + Concentration + Formulation,3.4 oz/ 100 mL Eau de Parfum Spray,,"['Alcohol, Parfum (Fragrance), Aqua (Water), Ethylhexyl Methoxycinnamate, Limonene, Linalool, Coumarin, Butyl Methoxydibenzoylmethane, Butylene Glycol Dicaprylate/Dicaprate, Alpha-Isomethyl Ionone, Citronellol, Citral, Farnesol, Geraniol, Cinnamal, Bht, Ci 60730 (Ext. Violet 2).']",124.0,,,0,0,0,0,0,"['Warm &Spicy Scent', 'Woody & Earthy Scent']",Fragrance,Men,Cologne,1,101.0,101.0
P430174,Gentleman Eau de Parfum,1133,Givenchy,3041,4.7407,27.0,3.3 oz/ 100 mL,Size + Concentration + Formulation,3.3 oz/ 100 mL Eau de Parfum Spray,,"['Alcohol, Fragrance, Water, Ethylhexyl Methoxycinnamate, Alpha-Isomethyl Ionone, Limonene, Benzyl Benzoate, Coumarin, Linalool, Butyl Methoxydibenzoylmethane, Butylene Glycol Dicaprylate/Dicaprate, Benzyl Cinnamate, Bht, Citronellol, Cinnamal, Benzyl Alcohol, Citral Geraniol, Tocopherol.']",124.0,,,0,0,1,1,0,,Fragrance,Men,Cologne,0,,
P504276,Irresistible Eau de Parfum Rose Velvet,1133,Givenchy,2714,4.6783,230.0,2.6 oz / 80 mL,Size + Concentration + Formulation,2.6 oz / 80 mL eau de parfum spray,,"['Alcohol, Parfum (Fragrance), Aqua (Water), Linalool, Alpha-Isomethyl Ionone, Limonene, Butyl Methoxydibenzoylmethane, Geraniol, Hydroxycitronellal, Citronellol, Coumarin, Cinnamyl Alcohol, Eugenol, Citral, Isoeugenol, Ci 14700 (Red 4), Ci 19140 (Yellow 5), Ci 60730 (Ext. Violet 2).']",135.0,,,0,1,1,1,0,"['Layerable Scent', 'Floral Scent', 'Long-wearing']",Fragrance,Women,Perfume,0,,
P474949,Le Rouge Sheer Velvet Matte Lipstick Customized Refills,1133,Givenchy,2394,2.5,2.0,0.12 oz/ 3.4 g,Color,16 Nude Boise,neutral beige infused with a powdery pink,"['Hydrogenated Polydecene, Dimethicone, Octyldodecanol, Polyethylene, Dimethicone/Vinyl Dimethicone Crosspolymer, Dimethicone Crosspolymer, Silica, Euphorbia Cerifera (Candelilla) Wax, Vinyl Dimethicone/Methicone Silsesquioxane Crosspolymer, Irvingia Gabonensis Kernel Butter, Hydrogenated Coco-Glycerides, Parfum (Fragrance), Lecithin, Sodium Myristoyl Glutamate, Tocopherol, Aluminum Hydroxide, [+/- Ci 15985 (Yellow 6 Lake), Ci 77891 (Titanium Dioxide), Ci 19140 (Yellow 5 Lake), Ci 77491 - Ci 77492 - Ci 77499 (Iron Oxides), Ci 15850 (Red 6 - Red 7 - Red 7 Lake), Ci 45410 (Red 28 Lake), Ci 42090 (Blue 1 Lake)].']",31.0,,,0,0,1,0,0,"['Customizable', 'Long-wearing', 'Matte Finish', 'Hydrating', 'Medium Coverage', 'Without Sulfates SLS & SLES']",Makeup,Lip,Lipstick,2,31.0,31.0
P481090,Irresistible Eau de Toilette Fraiche,1133,Givenchy,2287,4.4136,191.0,2.7 oz / 80 mL,Size + Concentration + Formulation,2.7 oz / 80 mL,,"['Alcohol, Parfum (Fragrance), Aqua (Water), Limonene, Linalool, Butyl Methoxydibenzoylmethane, Alpha-Isomethyl Ionone, Geraniol, Citronellol, Coumarin, Citral, Ci 14700 (Red 4), Ci 47005 (Yellow 10), Ci 60730 (Ext. Violet 2).']",111.0,,,0,0,1,0,0,"['Layerable Scent', 'Floral Scent', 'Long-wearing']",Fragrance,Women,Perfume,0,,
P446827,Liner Disturbia Felt Tip Eyeliner,1133,Givenchy,1999,3.8065,31.0,0.05 oz/ 1.5 mL,Size,0.05 oz/ 1.5 mL,intense black,"['Water, Acrylates/Ethylhexl Acrylate Copolymer, Butylene Glycol, Acrylates/Dimethylaminoethyl Methacrylate Copolymer, Peg-60 Hydrogenated Castor Oil, 1,2-Hexanediol, Phenoxyethanol, Sodium Laureth-12 Sulfate, Potassium Sorbate, Sodium Dehydroacetate, C11-15 Pareth-7, Caprylyl Glycol, Sodium Lignosulfonate, Black 2 [Nano] (Ci 77266).']",28.0,,,0,0,0,0,0,"['Long-wearing', 'Liquid Formula']",Makeup,Eye,Eyeliner,0,,
P501783,L'Interdit Eau de Toilette,1133,Givenchy,1767,4.2216,185.0,2.7 oz / 80 mL,Size + Concentration + Formulation,2.7 oz / 80 mL eau de toilette spray,,"['Alcohol, Parfum (Fragrance), Aqua (Water), Linalool, Limonene, Butyl Methoxydibenzoylmethane, Citronellol, Geraniol, Benzyl Salicylate, Alpha-Isomethyl Ionone, Citral, Eugenol, Coumarin, Triethyl Citrate, Ci 14700 (Red 4), Ci 47005 (Yellow 10), Ci 60730 (EXT. VIOLET 2).']",111.0,,,0,0,0,0,0,"['Layerable Scent', 'Floral Scent', 'Long-wearing']",Fragrance,Women,Perfume,1,93.0,93.0
P504939,Prisme Libre Skin-Caring Corrector,1133,Givenchy,1206,4.5,6.0,.37 oz  / 11 ml,Color,Green,targets dark circles and spots,"['Aqua (Water), C9-12 Alkane, Caprylic/Capric Triglyceride, Glycerin, CI 77891 (Titanium Dioxide), Propanediol, CI 77163 (Bismuth Oxychloride), Coco-Caprylate/Caprate, Pentylene Glycol, Stearalkonium Hectorite, Trimethylsiloxysilicate, Pullulan, Sorbitan Sesquiisostearate, Silica, Polyglyceryl-3 Polyricinoleate, Polyglyceryl-3 Diisostearate, Ethylene Brassylate, Hydroxyacetophenone, Sodium Chloride, Ci 77288 (Chromium Oxide Greens), Sodium Benzoate, Synthetic Fluorphlogopite, Sodium Myristoyl Glutamate, Tropaeolum Majus Flower/Leaf/Stem Extract, Polyhydroxystearic Acid, CI 77492 (Iron Oxides), Propylene Carbonate, Tocopherol, Aluminum Hydroxide, CI 77491 (Iron Oxides), Isostearic Acid, Lecithin, Tin Oxide, Citric Acid.']",37.0,,,0,1,0,0,0,"['Radiant Finish', 'Cream Formula', 'Hydrating', 'Good for: Dark Circles', 'Medium Coverage', 'Good for: Acne/Blemishes']",Makeup,Face,Color Correct,1,37.0,37.0
P419605,Rouge Interdit Vinyl Color Enhancing Lipstick - 16 Noir Revelateur,1133,Givenchy,0,4.2557,176.0,0.11 oz/ 3.1 g,Color,16 Noir Revelateur,,"['Diisostearyl Malate,  Polyglyceryl-2 Triisostearate,  Pentaerythrityl Tetraisostearate,  Polybutene,  Polyglyceryl-10 Pentaisostearate,  Bis-diglyceryl Polyacyladipate-2,  Polyethylene,  Synthetic Fluorphlogopite,  Candelilla Cera (Euphorbia Cerifera (Candelilla) Wax),  Trimethylolpropane Triisostearate,  Silica,  Cera Alba (Beeswax),  Prunus Amygdalus Dulcis (Sweet Almond) Oil,  Calcium Carbonate,  Phenylpropyldimethylsiloxysilicate,  Parfum (Fragrance),  Bht,  Benzyl Benzoate,  Propyl Gallate,  Rosa Hybrid Flower Extract,  Hydroxycitronellal,  Tocopherol,  Ci 77891 (Titanium Dioxide),  Ci 77491 - Ci 77499 (Iron Oxides),  Ci 15850 (Red 7 Lake),  Ci 42090 (Blue 1 Lake),  Ci 19140 (Yellow 5 Lake).']",34.0,,,0,0,0,0,0,"['High Shine Finish', 'Hydrating']",Makeup,Lip,Lipstick,0,,
P500496,Irresistible Eau De Toilette Fraiche,1133,Givenchy,0,,,2.7 oz / 80 mL,Size + Concentration + Formulation,2.7 oz / 80 mL,,"['Alcohol, Parfum (Fragrance), Aqua (Water), Limonene, Linalool, Butyl Methoxydibenzoylmethane, Alpha-Isomethyl Ionone, Geraniol, Citronellol, Coumarin, Citral, Ci 14700 (Red 4), Ci 47005 (Yellow 10), Ci 60730 (Ext. Violet 2).']",111.0,,,0,0,1,0,0,"['Layerable Scent', 'Floral Scent', 'Long-wearing']",Fragrance,Women,Perfume,0,,
P429915,Rouge G Refillable Lipstick,1132,GUERLAIN,74691,4.5,224.0,,Color,530 Majestic Rose,,,36.0,,,0,0,1,0,0,"['Stick Formula', 'Refill Available', 'Metallic Finish', 'Hyaluronic Acid']",Makeup,Lip,Lipstick,35,36.0,34.0
P474953,Abeille Royale Advanced Youth Watery Oil,1132,GUERLAIN,13825,4.3465,1215.0,1.6 oz/ 50 mL,Size,1.6 oz/ 50 mL,,"['AQUA (WATER) , GLYCERIN , POLYGLYCERIN-3 , 1,2-HEXANEDIOL , ALCOHOL , POLYSORBATE 20 , PENTYLENE GLYCOL , MEL (HONEY) , ROYAL JELLY , MANNITOL , CELLULOSE , CHLORPHENESIN , PARFUM (FRAGRANCE) , POLYACRYLATE CROSSPOLYMER-6 , PROPANEDIOL , TRISODIUM ETHYLENEDIAMINE DISUCCINATE , SODIUM CITRATE , CITRIC ACID , BIOSACCHARIDE GUM-2 , TOCOPHERYL ACETATE , MALTODEXTRIN , ADENOSINE , CAPRYLIC/CAPRIC TRIGLYCERIDE , ACRYLATES/AMMONIUM METHACRYLATE COPOLYMER , SYNTHETIC FLUORPHLOGOPITE , COMMIPHORA MUKUL RESIN EXTRACT , TRIETHYL CITRATE , CI 77891 (TITANIUM DIOXIDE) , SODIUM BENZOATE , BIOSACCHARIDE GUM-1 , SODIUM METABISULFITE , CI 77492 (IRON OXIDES) , POTASSIUM SORBATE , CI 77491 (IRON OXIDES) , HYDROXYPROPYL METHYLCELLULOSE , TIN OXIDE']",145.0,,,0,0,1,0,0,"['Radiant Finish', 'Good for: Dullness/Uneven Texture', 'Plumping', 'Clean at Sephora', 'Hydrating', 'Good for: Anti-Aging']",Skincare,Moisturizers,Face Oils,2,105.0,55.0
P476513,Mini Abeille Royale Advanced Youth Watery Oil,1132,GUERLAIN,6222,4.3465,1215.0,0.5 oz/ 15 mL,Size,0.5 oz/ 15 mL,,"['Aqua (Water) , Glycerin , Polyglycerin-3 , 1,2-Hexanediol , Alcohol , Polysorbate 20 , Pentylene Glycol , Mel (Honey) , Royal Jelly , Mannitol , Cellulose , Chlorphenesin , Parfum (Fragrance) , Polyacrylate Crosspolymer-6 , Propanediol , Trisodium Ethylenediamine Disuccinate , Sodium Citrate , Citric Acid , Biosaccharide Gum-2 , Tocopheryl Acetate , Maltodextrin , Adenosine , Caprylic/Capric Triglyceride , Acrylates/Ammonium Methacrylate Copolymer , Synthetic Fluorphlogopite , Commiphora Mukul Resin Extract , Triethyl Citrate , Ci 77891 (Titanium Dioxide) , Sodium Benzoate , Biosaccharide Gum-1 , Sodium Metabisulfite , Ci 77492 (Iron Oxides) , Potassium Sorbate , Ci 77491 (Iron Oxides) , Hydroxypropyl Methylcellulose , Tin Oxide']",55.0,,,0,0,1,0,0,"['Radiant Finish', 'Good for: Dullness/Uneven Texture', 'Plumping', 'Clean at Sephora', 'Hydrating', 'Good for: Anti-Aging']",Skincare,Mini Size,,0,,
P266308,Météorites Illuminating Powder Pearls,1132,GUERLAIN,63434,4.1803,721.0,0.88 oz/ 25 g,Color,03 Medium,,"['All shades contain:', 'Talc, Nylon-12, Magnesium Myristate, Distarch Phosphate, Magnesium Carbonate, Hydrated Silica, Triticum Vulgare (Wheat) Starch, Silica, Parfum (fragrance), Meteorite Extract, Sodium Dehydroacetate, Aluminum Hydroxide, Glyceryl Stearate, Caprylyl Glycol, Pentylene Glycol, Cellulose Gum, Sorbic Acid, Aplha-Isomethyl Ionone, Benzyl Benzoate, Linalool, Benzyl Alcohol, Limonene, Amyl Cinnamal, Butylphenyl Methylpropional, Geranoil, Cinnamyl Alcohol, [+/- Mica, CI 77891 (Titanium Dioxide), CI 77491, CI 77492, CI 77499 (Iron Oxides), CI 73360 (Red 30 Lake), CI 77007 (Ultramarines), CI 15850 (Red 6, Red 7 Lake), CI 42090 (Blue 1 Lake), CI 45410 (Red 28 Lake), CI 77000 (Aluminum Powder), CI 77163 (Bismuth Oxychloride), CI 77288 (Chromium Oxide Greens), CI 77289 (Chromium Hydroxide Green), CI 77510 (Ferric Ferrocyanide), CI 77742 (Magnesium Violet)].']",68.0,,,0,0,1,0,0,"['Light Coverage', 'Loose Powder Formula', 'Radiant Finish', 'Good for: Dullness/Uneven Texture']",Makeup,Face,Highlighter,2,68.0,68.0
P197413,Parure Gold 24K Radiance Primer,1132,GUERLAIN,54333,4.1494,462.0,1.2 oz / 135 mL,Size,1.2 oz / 135 mL,,"['Aqua (Water) , Alcohol , Glycerin , Butylene Glycol , Polyglycerin-3 , Sorbitol ,  Alpha-Glucan Oligosaccharide , Hydroxyacetophenone , Chlorphenesin , Betaine , Polyglyceryl-10 Stearate , Polyglyceryl-10 Oleate , Glyceryl Acrylate/Acrylic Acid Copolymer , Carbomer , Ammonium Acryloyldimethyltaurate/Vp Copolymer , Parfum (Fragrance) , Polymnia Sonchifolia Root Juice , Polyvinyl Alcohol , Maltodextrin , Sodium Hyaluronate , Cellulose Gum , Gold ,  Sodium Hydroxide , Prunus Cerasus (Bitter Cherry) Flower Extract , Lactobacillus.']",85.0,,,0,1,1,1,0,"['Radiant Finish', 'Liquid Formula', 'Good for: Loss of firmness', 'Floral Scent', 'Hydrating', 'Good for: Dryness']",Makeup,Face,Face Primer,0,,
P416938,Mon Guerlain Eau de Parfum,1132,GUERLAIN,46347,4.3918,439.0,3.3 oz/ 100 mL,Size + Concentration + Formulation,3.3 oz/ 100 mL Eau de Parfum Spray,,"['Alcohol, Fragrance, Water, Linalool, Limonene, Ethylhexyl Methoxycinnamate, Coumarin, Diethylamino Hydroxybenzoyl Hexyl Benzoate, Butyl Methoxydibenzoylmethane, Butylene Glycol Dicaprylate/Dicaprate, Bht, Citral, Anise Alcohol, Benzyl Benzoate, Geraniol, Benzyl Salicylate, Citronellol, Farnesol, Benzyl Alcohol, Ci 60730 (Ext. Violet 2), Tocopherol, Ci 14700 (Red 4), Ci 19140 (Yellow 5).']",155.0,,,0,0,1,0,0,"['Warm &Spicy Scent', 'Layerable Scent']",Fragrance,Women,Perfume,2,125.0,90.0
P429916,Rouge G Refillable Lipstick Case,1132,GUERLAIN,44088,4.6783,115.0,,Color,Chevron,,,38.0,,,1,0,0,0,0,"['Customizable', 'Refill Available']",Makeup,Lip,Lipstick,17,38.0,26.0
P461451,Abeille Royale Anti-Aging Fortifying Lotion Toner,1132,GUERLAIN,6480,4.2566,834.0,5.0 oz/ 150 mL,Size,5.0 oz/ 150 mL,,"['Aqua (Water), Propanediol, Glycerin, Butylene Glycol, Polyglycerin-3, Mel (Honey), Royal Jelly, Lecithin, Chlorphenesin, Dipotassium Glycyrrhizate, Polyacrylate Crosspolymer-6, 1,2-Hexanediol, Caprylyl Glycol, Trisodium Ethylenediamine Disuccinate, Parfum (Fragrance), Citric Acid, Tocopherol, Angelica Keiskei Extract, Helianthus Annuus (Sunflower) Seed Oil.']",85.0,,,0,0,1,0,0,"['Radiant Finish', 'Good for: Dullness/Uneven Texture', 'Plumping', 'Clean at Sephora', 'Good for: Dark Circles', 'Good for: Anti-Aging']",Skincare,Cleansers,Toners,0,,
P284710,Terracotta Sunkissed Natural Bronzer,1132,GUERLAIN,41755,4.5287,348.0,0.35 oz/ 10 g,Color,00 Light Cool,,"['Talc, Mica, Silica, Lauroyl Lysine, Calcium Sodium Borosilicate, Cellulose, Bis-Behenyl/Isostearyl/Phytosteryl Dimer Dilinoleyl Dimer Dilinoleate, Octyldodecyl Stearoyl Stearate, Dicaprylyl Ether, Zinc Stearate, Parfum (Fragrance), Caprylyl Glycol, Pentylene Glycol, Ethylhexylglycerin, Sodium Dehydroacetate, Limonene, Linalool, Hexyl Cinnamal, Tocopherol, Argania Spinosa Kernel Oil, C10-18 Triglycerides, Butylene Glycol, Aqua (Water), Alpha-Isomethyl Ionone, Coumarin, Sodium Hyaluronate, Citral, Eugenol, Geraniol, Triolein, Hydroxycitronellal, Glyceryl Dioleate, Butyrospermum Parkii (Shea) Seedcake Extract, [+/- Ci 77491, 77492, 77499 (Iron Oxides), Ci 77163 (Bismuth Oxychloride), Ci 77891 (Titanium Dioxide)].']",59.0,,,0,0,1,0,0,"['Natural Finish', 'Pressed Powder Formula', 'Hydrating', 'Long-wearing', 'allure 2021 Best of Beauty Award Winner', 'Medium Coverage']",Makeup,Cheek,Bronzer,5,59.0,59.0
P501236,Abeille Royale Anti-Aging Double R Advanced Serum,1132,GUERLAIN,3942,4.6196,418.0,1.7 oz / 50 mL,Size,1.7 oz / 50 mL,,"['Aqua (Water), Glycerin, Propanediol, Alcohol, Gluconolactone, Butylene Glycol, Pentylene Glycol, Caprylic/Capric Triglyceride, Squalane, Albizia Julibrissin Bark Extract, Mel (Honey), Diglycerin, Royal Jelly, Sodium Hydroxide, Polyacrylate Crosspolymer-6, Lauroyl Lysine, Coco-Caprylate/Caprate, Glyceryl Stearate, Limnanthes Alba (Meadowfoam) Seed Oil, Avena Sativa (Oat) Kernel Extract, Parfum (Fragrance), Glycolic Acid, Sorbitol, Mel Extract (Honey Extract), Chlorphenesin, Carbomer, Citric Acid, Ppg-26-Buteth-26, Lactic Acid, Sodium Magnesium Silicate, Dimethicone, Xanthan Gum, Sodium Hyaluronate, Sodium Stearoyl Glutamate, Peg-40 Hydrogenated Castor Oil, Algin, Sodium Benzoate, Sodium Citrate, Hydrolyzed Soy Flour, Malva Sylvestris (Mallow) Extract, Trisodium Ethylenediamine Disuccinate, Hydroxyacetophenone, Adenosine, Rosmarinus Officinalis (Rosemary) Leaf Extract, Polyvinyl Alcohol, Biosaccharide Gum-2, Caprylyl Glycol, Caramel, Cellulose Gum, T-Butyl Alcohol, Potassium Sorbate, Ci 77492 (Iron Oxides), Lactobacillus Ferment Lysate, Yeast Ferment Extract, Tocopherol, Silica, Ci 77491 (Iron Oxides).']",240.0,,,0,0,1,0,0,"['Good for: Dullness/Uneven Texture', 'Good for: Loss of firmness', 'Plumping', 'Good for: Pores', 'Clean at Sephora', 'Best for Dry, Combo, Normal Skin']",Skincare,Treatments,Face Serums,1,175.0,175.0
P405071,Météorites Primer Perfecting Pearls,1132,GUERLAIN,20783,4.1864,118.0,1 oz/ 30 mL,Size,1 oz/ 30 mL,,"['Water, Glycerin, Cyclopentasiloxane, Propanediol, Phenoxyethanol, Pentylene Glycol, Silica, Alcohol, Synthetic Fluorphlogopite, Butylene Glycol, Hydroxyethylcellulose, Ci 77891 (Titanium Dioxide), Cetearyl Isononanoate, Gellan Gum, Dimethicone/Vinyl Dimethicone Crosspolymer, Calcium Alginate, Acrylates/C10-30 Alkyl Acrylate Crosspolymer, Fragrance, Disodium Edta, Tromethamine, Sodium Hydroxide, Polymethylsilsesquioxane, Ci 77491 (Iron Oxides), Tin Oxide, Alpha-Isomethyl Ionone, Benzyl Benzoate, Bht, Diamond Powder, Tocopherol.']",80.0,,,0,0,1,0,0,"['Radiant Finish', 'Long-wearing', 'Best for Dry, Combo, Normal Skin']",Makeup,Face,Face Primer,0,,
P430124,Terracotta Light Healthy Glow Bronzer,1132,GUERLAIN,19012,4.2647,34.0,0.35 oz/ 10g,Color,0,light cool,"['Mica, Silica, Lauroyl Lysine, Zinc Stearate, Bis-Behenyl/Isostearyl/Phytosteryl Dimer Dilinoleyl Dimer Dilinoleate, Octyldodecyl Stearoyl Stearate, Dicaprylyl Ether, Cellulose, Dimer Dilinoleyl Dimer Dilinoleate, Parfum (Fragrance), Kaolin, Caprylyl Glycol, Ethylhexylglycerin, Sodium Dehydroacetate, Pentylene Glycol, Aqua (Water), Butylene Glycol, Propanediol, Mel (Honey), Glycerin, Tocopherol, Butyrospermum Parkii (Shea) Seedcake Extract, [+/- Ci 77891 (Titanium Dioxide), Ci 77163 (Bismuth Oxychloride), Ci 77491, Ci 77492, Ci 77499 (Iron Oxides), Ci 73360 (Red 30 Lake)].']",59.0,,,0,0,1,0,0,,Makeup,Cheek,Bronzer,5,59.0,59.0
P483450,KissKiss Bee Glow Lipstick Balm,1132,GUERLAIN,11411,4.1429,28.0,,Color,309 HONEY GLOW,Natural Beige,"['Polyglyceryl-2 Triisostearate, Ricinus Communis (Castor) Seed Oil, Bis-Behenyl/Isostearyl/Phytosteryl Dimer Dilinoleyl Dimer Dilinoleate, Hydrogenated Castor Oil Dimer Dilinoleate, Hydrogenated Vegetable Oil, Methyl Hydrogenated Rosinate, Helianthus Annuus (Sunflower) Seed Wax, Cera Alba (Beeswax), Ethylhexyl Palmitate, Butyrospermum Parkii (Shea) Butter, Oryza Sativa (Rice) Bran Wax, Trimethylolpropane Triisostearate, Helianthus Annuus (Sunflower) Seed Oil, Butyrospermum Parkii (Shea) Butter Unsaponifiables, Caprylic/Capric Triglyceride, Polyhydroxystearic Acid, Diisostearyl Malate, Parfum (Fragrance), Propolis Extract, Mel (Honey), Propanediol, Ethyl Vanillin, Pentaerythrityl Tetra-Di-T-Butyl Hydroxyhydrocinnamate, Aqua (Water), Tocopherol, Trihydroxystearin, Ascorbyl Palmitate, Isostearic Acid, Polyglyceryl-3 Polyricinoleate, Lecithin, Sodium Hyaluronate, Propyl Gallate, Montmorillonite, Anthocyanins, Maltodextrin, Lavandula Angustifolia (Lavender) Oil, Citric Acid, [+/- Ci 15985 (Yellow 6 Lake), Ci 45410 (Red 27, Red 28 Lake), Ci 15850 (Red 7, Red 7 Lake)].']",40.0,,,0,0,1,0,0,"['Stick Formula', 'Hyaluronic Acid', 'Satin Finish', 'Hydrating', 'Medium Coverage']",Makeup,Lip,Lip Balm & Treatment,5,40.0,40.0
P471240,KissKiss Shine Bloom Lipstick Balm,1132,GUERLAIN,10991,4.3125,16.0,.11 oz/ 3.2 g,Color,309 Fresh Coral,luminous coral pink,"['Polyglyceryl-2 Triisostearate, Squalane, Hydrogenated Castor Oil Dimer Dilinoleate, Bis-Behenyl/Isostearyl/Phytosteryl Dimer Dilinoleyl Dimer Dilinoleate, Helianthus Annuus (Sunflower) Seed Wax, Euphorbia Cerifera (Candelilla) Wax Extract, Trimethylolpropane Triisostearate, Camellia Japonica Seed Oil, Hydrogenated Castor Oil Isostearate, Ethylhexyl Palmitate, Cera Alba (Beeswax), Butyrospermum Parkii (Shea) Butter, Oryza Sativa (Rice) Bran Wax, Parfum (Fragrance), Caprylic/Capric Triglyceride, Butyrospermum Parkii (Shea) Butter Unsaponifiables, Commiphora Mukul Resin Extract, Ammonium Glycyrrhizate, Pentaerythrityl Tetra-Di-T-Butyl Hydroxyhydrocinnamate, Tocopherol, Ascorbyl Palmitate, Helianthus Annuus (Sunflower) Seed Oil, Trihydroxystearin, Propyl Gallate, Sodium Hyaluronate, Benzyl Alcohol, Glucomannan, [+/- Ci 77891 (Titanium Dioxide), Ci 77491, 77499 (Iron Oxides), Ci 15850 (Red 7 Lake), Ci 45410 (Red 28 Lake), Ci 42090 (Blue 1 Lake), Ci 15985 (Yellow 6 Lake)].']",42.0,,,0,0,1,0,0,"['High Shine Finish', 'Medium Coverage', 'Hydrating', 'Long-wearing', 'Plumping', 'Stick Formula']",Makeup,Lip,Lipstick,8,42.0,42.0
P190247,KissKiss Liplift Lipstick Primer,1132,GUERLAIN,10320,3.9039,333.0,0.11 oz/ 3 g,Size,0.11 oz/ 3 g,,"['Paraffinum Liquidum (Mineral Oil), Pentaerythrityl Tetraisostearate, Triisocetyl Citrate, Methyl Methacrylate Crosspolymer, Cera Alba (Beeswax), Isostearyl Hydroxystearate, Cera Microcristallina (Microcrystalline Wax), Silica, Candelilla Cera (Euphorbia Cerifera (Candelilla) Wax), Diisostearyl Malate, Myristyl Lactate, Ci 77891 (Titanium Dioxide), Tocopheryl Acetate, Fragrance, Stearyl Glycyrrhetinate, Vanillin, Ci 77492 (Iron Oxides), Trihydroxystearin, Propyl Gallate, Butylene Glycol, Phenoxyethanol, Benzyl Benzoate, Ci 77491 (Iron Oxides), Atelocollagen, Sodium Hyaluronate, Bht, Alpha-Isomethyl Ionone, Citronellol, Ci 77499 (Iron Oxides), Limonene, Linalool, Geraniol, Benzyl Salicylate, Tocopherol.']",40.0,,,0,0,1,0,0,"['Stick Formula', 'Shimmer Finish', 'Plumping', 'Hydrating', 'Long-wearing']",Makeup,Lip,Lip Balm & Treatment,0,,
P272652,Shalimar Eau de Parfum,1132,GUERLAIN,9710,4.3939,66.0,1.6oz/50 mL,Size + Concentration + Formulation,1.6oz/50 mL Eau de Parfum Spray,,"['Alcohol, Parfum (Fragrance), Aqua (Water), Limonene, Linalool, Coumarin, Ethylhexyl Methoxycinnamate, Citronellol, Hydroxycitronellal, Geraniol, Citral, Butyl Methoxydibenzoylmethane, Butylene Glycol Dicaprylate/Dicaprate, Alpha-Isomethyl Ionone, Benzyl Benzoate, Bht, Eugenol, Benzyl Alcohol, Cinnamal, Tocopherol, Ci 19140 (Yellow 5), Ci 14700 (Red 4), Ci 60730 (Ext. Violet 2)']",125.0,,,0,0,1,0,0,"['Warm &Spicy Scent', 'Layerable Scent']",Fragrance,Women,Perfume,2,150.0,90.0
P450557,Mon Guerlain Eau de Parfum Intense,1132,GUERLAIN,7838,4.4783,23.0,3.4 oz/ 100 mL,Size + Concentration + Formulation,3.4 oz/ 100 mL,,"['Alcohol, Parfum (Fragrance), Aqua (Water), Linalool, Limonene, Hydroxycitronellal, Ethylhexyl Methoxycinnamate, Coumarin, Diethylamino Hydroxybenzoyl Hexyl Benzoate, Bht, Butyl Methoxydibenzoylmethane, Butylene Glycol Dicaprylate/Dicaprate, Citral, Geraniol, Citronellol, Benzyl Alcohol, Anise Alcohol, Farnesol, Tocopherol, CI 60730 (Ext. Violet 2), CI 19140 (Yellow 5), CI 17200 (Red 33).']",165.0,,,0,0,1,0,0,"['Warm &Spicy Scent', 'Floral Scent']",Fragrance,Women,Perfume,0,,
P456356,Terracotta Matte Bronzer,1132,GUERLAIN,5792,3.9333,15.0,0.3 oz/ 10 g,Color,Medium,,"['Talc, Nylon-12, Lauroyl Lysine, Magnesium Myristate, Octyldodecylstearoyl Stearate, Ethylhexyl Palmitate, Hydrogenated Polyisobutene, Boronitride, Dimethicone, Pentaerythrityl Tetraethylhexanoeate, Zinc Stearate, Acrylates Copolymer, Glycerin, Serine, Parfum (Fragrance), Allantoin, Caprylyl Glycol, Pentylene Glycol, Tocopheryl Acetate, Sorbic Acid, Tocopheryl Linoleate, Sodium Hyaluronate, Limonene, Benzil Salicylate, Linalool,Alpha-Isomethyl Ionone, Citronellol, Hexyl Cinnamal, Cinnamyl Alcohol, Geraniol, Eugenol, Benzyl Alcohol, [+/- Mica, CI 77891 (Titanium Dioxide), CI 77491, CI 77492, CI 77499 (Iron Oxides), CI 77163 (Bismuthoxychloride).']",59.0,,,0,0,1,0,0,"['Pressed Powder Formula', 'Hydrating', 'Matte Finish', 'Long-wearing', 'Medium Coverage']",Makeup,Face,Contour,2,59.0,59.0
P408678,Midnight Secret Late Night Recovery Treatment Anti-Fatigue Serum,1132,GUERLAIN,26130,4.102,49.0,0.5 oz/ 15 mL,Size,0.5 oz/ 15 mL,,"['Aqua (Water), Cetearyl Ethylhexanoate, Ethylhexyl Stearate, Butylene Glycol, Myristyl Myristate, Isohexadecane, Pentylene Glycol, Cetyl Palmitate, Propylene Glycol, Stearyl Alcohol, Palmitic Acid, Stearic Acid, Phenoxyethanol, Tromethamine, Dimethicone, Oryzanol, Sodium Lactate, Steareth-21, Tocopheryl Acetate, Parfum (Fragrance), Carbomer, Tocopheryl Linoleate, Ginkgo Biloba Leaf Extract, Lecithin, Methyl Trimethicone, Tetrasodium Edta, Glycyrrhetinic Acid, Linalool, Sodium Hyaluronate, Glycoproteins, Bht, Coumarin, Glutamic Acid, Caprylic/Capric/Succinic Triglyceride, Alpha-Isomethyl Ionone, Ethylhexylglycerin, Limonene, Geraniol, Skeletonema Costatum Extract, Threonine, Valine, Sodium Metabisulfite, Tocopherol, Ascorbyl Palmitate.']",32.0,,,0,0,1,0,0,"['Clean at Sephora', 'Good for: Dullness/Uneven Texture', 'Good for: Dark Circles', 'Best for Normal Skin']",Skincare,Treatments,Face Serums,0,,
P500415,Aqua Allegoria Pera Granita Eau de Toilette,1132,GUERLAIN,5066,4.4667,75.0,2.5 oz / 75 mL,Size + Concentration + Formulation,2.5 oz / 75 mL,,"['Alcohol, Aqua (Water), Parfum (Fragrance), Limonene, Butyl Methoxydibenzoylmethane, Linalool, Hydroxycitronellal, Geraniol, Diethylamino Hydroxybenzoyl Hexyl Benzoate, Citronellol, Citral, Cinnamal, CI 14700 (Red 4), CI 19140 (Yellow 5), CI 60730 (Ext. Violet 2).']",110.0,,,0,0,1,0,0,"['Layerable Scent', 'Refill Available', 'Fresh Scent']",Fragrance,Women,Perfume,0,,
P500404,Aqua Allegoria Mandarine Basilic Eau de Toilette,1132,GUERLAIN,4939,4.4904,104.0,2.5 oz / 75 mL,Size + Concentration + Formulation,2.5 oz / 75 mL,,"['Alcohol, Aqua (Water), Parfum (Fragrance), Limonene, Hexyl Cinnamal, Linalool, Butyl Methoxydibenzoylmethane, Hydroxycitronellal, Geraniol, Citral, Benzyl Benzoate, Pentaerythrityl Tetra-Di-T-Butyl Hydroxyhydrocinnamate, Cinnamyl Alcohol, Farnesol, Eugenol, Amyl Cinnamal, Coumarin, CI 14700 (Red 4), CI 19140 (Yellow 5), CI 47005 (Yellow 10), CI 60730 (Ext. Violet 2).']",110.0,,,0,0,1,0,0,"['Layerable Scent', 'Refill Available', 'Fresh Scent']",Fragrance,Women,Perfume,0,,
P501172,Ombres G Quad Eyeshadow Palette,1132,GUERLAIN,4043,4.75,4.0,3.31 oz / 94 g,Color,530 Majestic Rose,"shades of pink, a plum and a brown","['Mica, Cetearyl Ethylhexanoate, Silica, Synthetic Fluorphlogopite, Glycerin, Polysorbate 80, Squalane, Ethylhexylglycerin, Caprylyl Glycol, 1,2-Hexanediol, Pentaerythrityl Tetra-Di-T-Butyl Hydroxyhydrocinnamate, Camellia Japonica Seed Oil, Chondrus Crispus Extract, Octyldodecyl Stearoyl Stearate, Xanthan Gum, Tin Oxide, Dicalcium Phosphate, Tocopherol, [+/- Ci 77491, Ci 77499 (Iron Oxides), Ci 77891 (Titanium Dioxide)].']",85.0,,,0,0,1,0,0,"['Pressed Powder Formula', 'Metallic Finish', 'Shimmer Finish']",Makeup,Eye,Eye Palettes,2,85.0,85.0
P500410,Aqua Allegoria Flora Salvaggia Eau de Toilette,1132,GUERLAIN,3829,4.7273,22.0,2.5 oz / 75 mL,Size + Concentration + Formulation,2.5 oz / 75 mL eau de toilette spray,,"['Alcohol, Aqua (Water), Parfum (Fragrance), Hexyl Cinnamal, Butyl Methoxydibenzoylmethane, Alpha-Isomethyl Ionone, Pentaerythrityl Tetra-Di-T-Butyl Hydroxyhydrocinnamate, Linalool, Benzyl Alcohol, Amyl Cinnamal, Benzyl Benzoate, Farnesol, CI 60730 (Ext. Violet 2), CI 14700 (Red 4), CI 19140 (Yellow 5).']",110.0,,,0,0,0,0,0,"['Layerable Scent', 'Refill Available', 'Fresh Scent']",Fragrance,Women,Perfume,0,,
P416204,Météorites Powder Brush,1132,GUERLAIN,3792,3.4286,21.0,,,,,,45.0,,,0,0,1,0,0,,Makeup,Brushes & Applicators,Face Brushes,0,,
P500397,Aqua Allegoria Flora Cherrysia Eau de Toilette,1132,GUERLAIN,2712,4.5926,27.0,2.5 oz / 75 mL,Size + Concentration + Formulation,2.5 oz / 75 mL,,"['Alcohol, Aqua (Water), Parfum (Fragrance), Limonene, Butyl Methoxydibenzoylmethane, Linalool, Citral, Coumarin, Pentaerythrityl Tetra-Di-T-Butyl Hydroxyhydrocinnamate, Citronellol, Geraniol, CI 14700 (Red 4), CI 19140 (Yellow 5), CI 60730 (Ext. Violet 2).']",110.0,,,0,0,1,0,0,"['Layerable Scent', 'Refill Available', 'Floral Scent']",Fragrance,Women,Perfume,0,,
P469806,Abeille Royale Anti-Aging Eye Lifting Serum,1132,GUERLAIN,4148,3.7333,15.0,0.68 oz/ 20 mL,Size,0.68 oz/ 20 mL,,"['Black Bee Repair Technology: Supports the skin’s natural revitalization process.', 'Aqua (Water), Butylene Glycol, Glycerin, Dimethyl Isosorbide, Polyglycerin-3, Mel (Honey), Tapioca Starch, Royal Jelly, Hydroxyethyl Acrylate/Sodium Acryloyldimethyl Taurate Copolymer, Peg-40 Hydrogenated Castor Oil, Pullulan, Caprylyl Glycol, Zingiber Zerumbet Extract, Chlorphenesin, Synthetic Fluorphlogopite, Hydrolyzed Jojoba Esters, Tocopheryl Acetate, Parfum (Fragrance), Ci 77891 (Titanium Dioxide), Caffeine, Sodium Citrate, Acrylates/C10-30 Alkyl Acrylate Crosspolymer, Sodium Hyaluronate, Xanthan Gum, Rosmarinus Officinalis (Rosemary) Leaf Extract, Polysorbate 60, Sorbitan Isostearate, Biosaccharide Gum-2, Citric Acid, Sodium Hydroxide, Tin Oxide, Sodium Benzoate, Potassium Sorbate.']",130.0,,85.0,0,0,1,1,0,"['Radiant Finish', 'Good for: Dullness/Uneven Texture', 'Good for: Loss of firmness', 'Clean at Sephora', 'Good for: Dark Circles', 'Good for: Anti-Aging']",Skincare,Eye Care,Eye Creams & Treatments,0,,
P457272,Abeille Royale Anti-Aging Eye Cream,1132,GUERLAIN,3420,3.7857,14.0,0.5 oz/ 15 mL,Size,0.5 oz/ 15 mL,,"['Aqua (Water), Butylene Glycol, Glycerin, Propanediol, Squalane, Caprylic/Capric Triglyceride, Mel (Honey), Cellulose, Alcohol, Arachidyl Alcohol, Royal Jelly, Fructose, C10-18 Triglycerides, Synthetic Fluorphlogopite, Sodium Polyacrylate, Stearalkonium Hectorite, Ci 77891 (Titanium Dioxide), Behenyl Alcohol, Cetyl Alcohol, Stearyl Alcohol, Caprylic/Capric/Succinic Triglyceride, Arachidyl Glucoside, Avena Sativa (Oat) Kernel Extract, Caprylyl Glycol, Pentylene Glycol, Zingiber Zerumbet Extract, Chlorphenesin, Propylene Carbonate, Sodium Stearoyl Glutamate, Tocopheryl Acetate, Sodium Citrate, Aesculus Hippocastanum (Horse Chestnut) Extract, Parfum (Fragrance), Acrylates/C10-30 Alkyl Acrylate Crosspolymer, Centella Asiatica Leaf Extract, Hyaluronic Acid, Malva Sylvestris (Mallow) Extract, Sodium Hyaluronate, Rosmarinus Officinalis (Rosemary) Leaf Extract, Biosaccharide Gum-2, Citric Acid, Sodium Benzoate, Tin Oxide, Potassium Sorbate, Glucose, Caramel, Tocopherol, Sodium Hydroxide, Bht.']",110.0,,,0,0,1,0,0,"['Radiant Finish', 'Good for: Dullness/Uneven Texture', 'Good for: Loss of firmness', 'Clean at Sephora', 'Good for: Dark Circles', 'Good for: Anti-Aging']",Skincare,Eye Care,Eye Creams & Treatments,0,,
P450934,Abeille Royale Day Cream,1132,GUERLAIN,2188,4.2857,14.0,1.6 oz/ 50 mL,Size,1.6 oz/ 50 mL,,"['Vitamin C: Provides a source of youthfulness, energy, and radiance.', 'Aqua (Water), Glycerin, Propanediol, C15-19 Alkane, Isononyl Isononanoate, Mel (Honey), Jojoba Esters, Glyceryl Stearate, Peg-100 Stearate, Cellulose, Ammonium Acryloyldimethyltaurate/Vp Copolymer, Cetyl Alcohol, Dimethicone, Stearyl Alcohol, Royal Jelly, Phenoxyethanol, Ascorbyl Glucoside, Caprylyl Glycol, Steareth-21, Parfum (Fragrance), Butyrospermum Parkii (Shea) Butter, Acrylates/C10-30 Alkyl Acrylate Crosspolymer, Avena Sativa (Oat) Kernel Extract, Tocopheryl Acetate, Xanthan Gum, Sodium Hydroxide, Tetrasodium Edta, Glyceryl Polymethacrylate, Centella Asiatica Leaf Extract, Sodium Hyaluronate, Glycyrrhiza Glabra (Licorice) Root Extract, Peg-8, Tocopherol, Sodium Benzoate, Hyaluronic Acid, Butylene Glycol, Sodium Lactate, Zingiber Officinale (Ginger) Root Extract, Bht, Palmitoyl Hexapeptide-12, Citric Acid.']",170.0,,,0,0,1,0,0,"['Radiant Finish', 'Good for: Dullness/Uneven Texture', 'Good for: Loss of firmness', 'Plumping', 'Clean at Sephora', 'Good for: Anti-Aging']",Skincare,Moisturizers,Moisturizers,0,,
P459464,Mad Eyes Mascara Long-Wearing & Volumizing,1132,GUERLAIN,2157,2.8667,15.0,0.29 oz/ 9.5 mL,Color,Black,,"['Aqua (Water), Cera Alba (Beeswax), Propanediol, Glyceryl Stearate, Polyacrylate-21, Bis-Diglyceryl Polyacyladipate-2, Alcohol, Candelilla Cera (Euphorbia Cerifera (Candelilla) Wax), Cera Carnauba (Copernicia Cerifera (Carnauba) Wax), Steareth-21, Vp/Eicosene Copolymer, Palmitic Acid, Stearic Acid, Argania Spinosa Kernel Oil, Pvp, Steareth-2, Butylene Glycol, Aminomethyl Propanediol, Panthenol, Sodium Dehydroacetate, Parfum (Fragrance), Ethylhexylglycerin, Caprylyl Glycol, Hydroxyethylcellulose, Trideceth-6 Phosphate, Tocopheryl Acetate, Gossypium Herbaceum (Cotton) Extract, Dipropylene Glycol, Linalool, Citronellol, Glyceryl Caprylate, Alpha-Isomethyl Ionone, Geraniol, Disodium Phosphate, Sodium Phosphate, Limonene, Polysorbate 60, Citral, Tocopherol, [+/- Ci 77491, Ci 77492, Ci 77499 (Iron Oxides), Ci 77891 (Titanium Dioxide)].']",36.0,,,0,0,1,0,0,,Makeup,Eye,Mascara,0,,
P500405,Aqua Allegoria Bergamote Calabria Eau de Toilette,1132,GUERLAIN,2010,4.7188,32.0,2.5 oz / 75 mL,Size + Concentration + Formulation,2.5 oz / 75 mL,,"['Alcohol, Aqua (Water), Parfum (Fragrance), Limonene, Linalool, Butyl Methoxydibenzoylmethane, Citral, Diethylamino Hydroxybenzoyl Hexyl Benzoate, Coumarin, Citronellol, Geraniol, Pentaerythrityl Tetra-Di-T-Butyl Hydroxyhydrocinnamate, Tris (Tetramethylhydroxypiperidinol) Citrate, Benzyl Benzoate, Farnesol, CI 14700 (Red 4), CI 47005 (Yellow 10), CI 60730 (Ext. Violet 2).']",110.0,,,0,0,1,0,0,"['Layerable Scent', 'Refill Available', 'Fresh Scent']",Fragrance,Women,Perfume,0,,
P500419,Aqua Allegoria Rosa Rossa Eau de Toilette,1132,GUERLAIN,1903,4.5532,94.0,2.5 oz / 75 mL,Size + Concentration + Formulation,2.5 oz / 75 mL,,"['Alcohol, Aqua (Water), Parfum (Fragrance), Citronellol, Butyl Methoxydibenzoylmethane, Linalool, Limonene, Geraniol, Hydroxycitronellal, Farnesol, Isoeugenol, Citral, CI 14700 (Red 4), CI 47005 (Yellow 10), CI 60730 (Ext. Violet 2).']",110.0,,,0,0,1,0,0,"['Layerable Scent', 'Refill Available', 'Fresh Scent']",Fragrance,Women,Perfume,0,,
P459466,Mad Eyes Felt Matte Waterproof Eyeliner Pen,1132,GUERLAIN,1892,4.25,12.0,0.02 oz/ 0.6 mL,Size,0.02 oz/ 0.6 mL,,"['Aqua (Water), Ci 77266 [Nano] (Black 2), Methylpropanediol, Styrene/Acrylates Copolymer, Styrene/Acrylates/Ammonium Methacrylate Copolymer, Cellulose, Peg-60 Hydrogenated Castor Oil, Coco-Glucoside, Poloxamer 407, Citric Acid, Phenoxyethanol, Potassium Sorbate, Phenylpropanol, Sodium Benzoate, Sodium Laureth-12 Sulfate, Sodium Lauryl Sulfate, Caprylyl Glycol, Sodium Dehydroacetate, BHT.']",36.0,,,0,0,1,0,0,,Makeup,Eye,Eyeliner,0,,
P500411,Aqua Allegoria Nerolia Vetiver Eau de Toilette,1132,GUERLAIN,1796,4.0976,123.0,2.5 oz / 75 mL,Size + Concentration + Formulation,2.5 oz / 75 mL,,"['Alcohol, Aqua (Water), Parfum (Fragrance), Limonene, Linalool, Geraniol, Butyl Methoxydibenzoylmethane, Methyl Anthranilate, Diethylamino Hydroxybenzoyl Hexyl Benzoate, Alpha-Isomethyl Ionone, Citral, Pentaerythrityl Tetra-Di-T-Butyl Hydroxyhydrocinnamate, Farnesol, Citronellol, Benzyl Benzoate, Benzyl Salicylate, CI 19140 (Yellow 5), CI 42090 (Blue 1), CI 47005 (Yellow 10).']",110.0,,,0,0,1,0,0,"['Layerable Scent', 'Refill Available', 'Fresh Scent']",Fragrance,Women,Perfume,0,,
P500432,Aqua Allegoria Orange Soleia Eau de Toilette,1132,GUERLAIN,1772,4.3571,28.0,2.5 oz / 75 mL,Size + Concentration + Formulation,2.5 oz / 75 mL,,"['Alcohol, Parfum (Fragrance), Aqua (Water), Limonene, Citral, Butyl Methoxydibenzoylmethane, Linalool, Coumarin, Diethylamino Hydroxybenzoyl Hexyl Benzoate, Alpha-Isomethyl Ionone, Pentaerythrityl Tetra-Di-T-Butyl Hydroxyhydrocinnamate, Cinnamal, Eugenol, Geraniol, Citronellol, CI 14700 (Red 4), CI 47005 (Yellow 10), CI 60730 (Ext. Violet 2).']",110.0,,,0,0,1,0,0,"['Layerable Scent', 'Refill Available', 'Fresh Scent']",Fragrance,Women,Perfume,0,,
P481822,Abeille Royale Scalp & Hair Youth Oil in Serum,1132,GUERLAIN,1356,3.5,4.0,1.6 oz/ 50 mL,Size,1.6 oz/ 50 mL,,"['Aqua (Water), Propanediol, Butylene Glycol, Pentylene Glycol, Glycerin, Royal Jelly, Mel (Honey), Ppg-26-Buteth-26, Saccharide Isomerate, Panthenol, Zinc Pca, Peg-40 Hydrogenated Castor Oil, Chlorphenesin, Polyquaternium-51, Fructose, Maltodextrin, Cassia Alata Leaf Extract, Xanthan Gum, Parfum (Fragrance), Aesculus Hippocastanum (Horse Chestnut) Extract, Saccharomyces Cerevisiae Extract, Simmondsia Chinensis (Jojoba) Seed Oil, Citric Acid, Sodium Citrate, Tocopherol, 1,2-Hexanediol, Caprylyl Glycol, Potassium Sorbate.']",140.0,,,0,0,1,0,0,"['Clean at Sephora', 'Good for: Hair Thinning', 'Straight Hair', 'Good for: Flaky/Dry Scalp', 'Increases Shine']",Hair,Hair Styling & Treatments,Hair Oil,0,,
P501230,Noir G Volumizing & Curling Mascara,1132,GUERLAIN,1316,4.1667,6.0,0.9 oz / 28 g,Color,Black,,"['Aqua (Water), Olea Europaea (Olive) Oil Unsaponifiables, Cera Alba (Beeswax), Polyacrylate-21, Bis-Diglyceryl Polyacyladipate-2, Candelilla Cera (Euphorbia Cerifera (Candelilla) Wax), Cera Carnauba (Copernicia Cerifera (Carnauba) Wax), Palmitic Acid, Stearic Acid, Camellia Japonica Seed Oil, Vp/Eicosene Copolymer, Acacia Senegal Gum, Pentylene Glycol, Aminomethyl Propanediol, Caprylic/Capric Triglyceride, Hydroxyethylcellulose, Caprylyl Glycol, Parfum (Fragrance), Silica, Butylene Glycol, Hydroxyacetophenone, Chlorphenesin, Aluminum Hydroxide, Trideceth-6 Phosphate, Kaolin, Tocopheryl Acetate, Dipropylene Glycol, Glyceryl Caprylate, Disodium Phosphate, Sodium Phosphate, Tulipa Gesneriana Flower Extract, Polysorbate 60, [+/- Ci 77499 (Iron Oxides), Ci 77007 (Ultramarines)].']",40.0,,,0,0,1,0,0,"['Volumizing', 'Waterproof', 'Curling']",Makeup,Eye,Mascara,0,,
P450935,Abeille Royale Night Cream,1132,GUERLAIN,2226,3.6667,3.0,1.6 oz/ 50 mL,Size,1.6 oz/ 50 mL,,"['Guerlain Exclusive Royal Jelly: Provides exceptional nutrients and is a natural source of carbohydrates, proteins, lipids, and vitamins.', 'Aqua (Water), Squalane, Propanediol, Glycerin, Diphenylsiloxy Phenyl Trimethicone, Mel (Honey), Jojoba Esters, C15-19 Alkane, Theobroma Grandiflorum Seed Butter, Arachidyl Alcohol, Cetyl Alcohol, Stearyl Alcohol, Polyglycerin-3, Royal Jelly, Behenyl Alcohol, C10-18 Triglycerides, Dimethicone/Phenyl Vinyl Dimethicone Crosspolymer, Phenoxyethanol, Parfum (Fragrance), Decyloxazolidinone, Dimethicone, Sodium Stearoyl Glutamate, Avena Sativa (Oat) Kernel Extract, Arachidyl Glucoside, Hydroxyethyl Acrylate/Sodium Acryloyldimethyl Taurate Copolymer, Acrylates/C10-30 Alkyl Acrylate Crosspolymer, Caprylyl Glycol, Tocopheryl Acetate, Polyglyceryl-3 Beeswax, Sodium Citrate, Citric Acid, Xanthan Gum, Disodium Edta, Glyceryl Polymethacrylate, Sodium Hydroxide, Centella Asiatica Leaf Extract, Sodium Hyaluronate, Polysorbate 60, Sorbitan Isostearate, Sodium Benzoate, Peg-8, Sodium Tocopheryl Phosphate, Hyaluronic Acid, Caramel, Tocopherol, Sodium Lactate, Ci 19140 (Yellow 5), Ci 15985 (Yellow 6), Bht, Palmitoyl Hexapeptide-12.']",200.0,,,0,0,1,0,0,"['Radiant Finish', 'Good for: Dullness/Uneven Texture', 'Good for: Loss of firmness', 'Plumping', 'Clean at Sephora', 'Good for: Anti-Aging']",Skincare,Moisturizers,Moisturizers,0,,
P500433,Aqua Allegoria Pamplelune Eau de Toilette,1132,GUERLAIN,959,3.4615,26.0,2.5 oz / 75 mL,Size + Concentration + Formulation,2.5 oz / 75 mL,,"['Alcohol, Aqua (Water), Parfum (Fragrance), Limonene, Linalool, Hydroxycitronellal, Butyl Methoxydibenzoylmethane, PEG-40 Hydrogenated Castor Oil, Diethylamino Hydroxybenzoyl Hexyl Benzoate, Citral, Pentaerythrityl Tetra-Di-T-Butyl Hydroxyhydrocinnamate, Citronellol, Geraniol, Tris (Tetramethylhydroxypiperidinol) Citrate, CI 14700 (Red 4), CI 19140 (Yellow 5), CI 60730 (Ext. Violet 2).']",110.0,,,0,0,1,0,0,"['Layerable Scent', 'Refill Available', 'Fresh Scent']",Fragrance,Women,Perfume,0,,
P504985,Abeille Royale Bestsellers Travel Set,1132,GUERLAIN,214,2.0,2.0,,,,,"['Abeille Royale Advanced Youth Watery Oil:', 'Aqua (Water), Glycerin, Polyglycerin-3, 1,2-Hexanediol, Alcohol, Polysorbate 20, Pentylene Glycol, Mel (Honey), Royal Jelly, Mannitol, Cellulose, Chlorphenesin, Parfum (Fragrance), Polyacrylate Crosspolymer-6, Propanediol, Trisodium Ethylenediamine Disuccinate, Sodium Citrate, Citric Acid, Biosaccharide Gum-2, Tocopheryl Acetate, Maltodextrin, Adenosine, Caprylic/Capric Triglyceride, Acrylates/Ammonium Methacrylate Copolymer, Synthetic Fluorphlogopite, Commiphora Mukul Resin Extract, Triethyl Citrate, CI 77891 (Titanium Dioxide), Sodium Benzoate, Biosaccharide Gum-1, Sodium Metabisulfite, CI 77492 (Iron Oxides), Potassium Sorbate, CI 77491 (Iron Oxides), Hydroxypropyl Methylcellulose, Tin Oxide.', 'Abeille Royale Anti-Aging Double R Advanced Serum:', 'Aqua (Water), Glycerin, Propanediol, Alcohol, Gluconolactone, Butylene Glycol, Pentylene Glycol, Caprylic/Capric Triglyceride, Squalane, Albizia Julibrissin Bark Extract, Mel (Honey), Diglycerin, Royal Jelly, Sodium Hydroxide, Polyacrylate Crosspolymer-6, Lauroyl Lysine, Coco-Caprylate/Caprate, Glyceryl Stearate, Limnanthes Alba (Meadowfoam) Seed Oil, Avena Sativa (Oat) Kernel Extract, Parfum (Fragrance), Glycolic Acid, Sorbitol, Mel Extract (Honey Extract), Chlorphenesin, Carbomer, Citric Acid, PPG-26-Buteth-26, Lactic Acid, Sodium Magnesium Silicate, Dimethicone, Xanthan Gum, Sodium Hyaluronate, Sodium Stearoyl Glutamate, PEG-40 Hydrogenated Castor Oil, Algin, Sodium Benzoate, Sodium Citrate, Hydrolyzed Soy Flour, Malva Sylvestris (Mallow) Extract, Trisodium Ethylenediamine Disuccinate, Hydroxyacetophenone, Adenosine, Rosmarinus Officinalis (Rosemary) Leaf Extract, Polyvinyl Alcohol, Biosaccharide Gum-2, Caprylyl Glycol, Caramel, Cellulose Gum, T-Butyl Alcohol, Potassium Sorbate, CI 77492 (Iron Oxides), Lactobacillus Ferment Lysate, Yeast Ferment Extract, Tocopherol, Silica, CI 77491 (Iron Oxides).', 'Abeille Royale Anti-Aging Fortifying Lotion Toner:', 'Aqua (Water), Propanediol, Glycerin, Butylene Glycol, Polyglycerin-3, Mel (Honey), Royal Jelly, Lecithin, Chlorphenesin, Dipotassium Glycyrrhizate, Polyacrylate Crosspolymer-6, 1,2-Hexanediol, Caprylyl Glycol, Trisodium Ethylenediamine Disuccinate, Parfum (Fragrance), Citric Acid, Tocopherol, Angelica Keiskei Extract, Helianthus Annuus (Sunflower) Seed Oil.']",195.0,252.0,,1,1,1,0,1,"['Radiant Finish', 'Good for: Dullness/Uneven Texture', 'Plumping', 'Clean at Sephora', 'Good for: Anti-Aging', 'Best for Dry, Combo, Normal Skin']",Skincare,Value & Gift Sets,,0,,
P481993,Abeille Royale Intense Repair Youth Oil in Balm,1132,GUERLAIN,655,3.0,1.0,2.7 oz/ 80 mL,Size,2.7 oz/ 80 mL,,"['Aqua (Water), Glycerin, Limnanthes Alba (Meadowfoam) Seed Oil, Hydrogenated Coco-Glycerides, Pentaerythrityl Tetraisostearate, Octyldodecanol, Cetyl Alcohol, Glyceryl Stearate, Peg-100 Stearate, Mel (Honey), 1,2-Hexanediol, Royal Jelly, Dimethicone, Sodium Polyacrylate, Irvingia Gabonensis Kernel Butter, Propanediol, Palmitic Acid, Stearic Acid, Hydrolyzed Yeast Protein, Carbomer, Chlorphenesin, Jojoba Esters, Dipotassium Glycyrrhizate, Tocopheryl Acetate, Polyglyceryl-3 Beeswax, Centella Asiatica Leaf Extract, Panthenol, Sodium Hyaluronate, Butylene Glycol, Parfum (Fragrance), Sodium Citrate, Sodium Hydroxide, Pentylene Glycol, Citric Acid, Ci 77492 (Iron Oxides), Hyaluronic Acid, Caramel, Silica, Ci 77491 (Iron Oxides), Ulex Europaeus Leaf/Root/Stem Extract.']",235.0,,,0,0,1,0,0,"['Radiant Finish', 'Good for: Dullness/Uneven Texture', 'Plumping', 'Clean at Sephora', 'Hydrating', 'Best for Dry, Combo, Normal Skin']",Skincare,Masks,Face Masks,0,,
P505377,Terracotta Le Teint Healthy Glow Foundation,1132,GUERLAIN,67,3.8,5.0,1.2 oz / 35 mL,Color,0C,Very light skin with pink undertones,"['Aqua (Water), C9-12 Alkane, Alcohol, Undecane, Silica, Propanediol, Polyglyceryl-2 Dipolyhydroxystearate, Glycerin, Tridecane, Disteardimonium Hectorite, Coco-Caprylate/Caprate, Dicaprylyl Ether, Polyglyceryl-3 Diisostearate, Trimethylsiloxysilicate, Barium Sulfate, Vinyl Dimethicone/Lauryl Dimethicone Crosspolymer, Brassica Campestris (Rapeseed) Seed Oil, Sodium Myristoyl Glutamate, Propylene Carbonate, Parfum (Fragrance), Lecithin, Caprylic/Capric Triglyceride, Opuntia Ficus-Indica Flower Extract, Polyhydroxystearic Acid, Sodium Benzoate, Sodium Citrate, Camelina Sativa Seed Oil, Aluminum Hydroxide, Citric Acid, Isostearic Acid, Polyglyceryl-3 Polyricinoleate, Mica, Argania Spinosa Kernel Oil, Palmitic Acid, Tocopherol, Magnesium Hydroxide, [+/- CI 77891 (Titanium Dioxide), CI 77491, CI 77492, CI 77499 (Iron Oxides), CI 77163 (Bismuth Oxychloride)].']",62.0,,,0,1,1,1,0,"['Natural Finish', 'Good for: Dullness/Uneven Texture', 'Liquid Formula', 'Matte Finish', 'Medium Coverage', 'Best for Dry, Combo, Normal Skin']",Makeup,Face,Foundation,29,62.0,62.0
P245205,Tattoo Liner Vegan Waterproof Liquid Eyeliner,5905,KVD Beauty,566585,4.131,21281.0,0.019 oz/ 0.55 mL,Color,Trooper,satin black,"['Water, Ammonium Styrene/Acrylates Copolymer, Butylene Glycol, Alcohol, Beheneth-30, Phenoxyethanol, Acrylates/Octylacrylamide Copolymer, Methylparaben, Polyglyceryl-3 Disiloxane Dimethicone, Propylparaben, Sodium Hydroxide, Disodium EDTA, Black 2 (Ci 77266) (Nano).']",25.0,,,0,0,0,0,0,"['Vegan', 'Community Favorite', ""allure 2018 Readers' Choice Award Winner"", 'Long-wearing', 'Waterproof', 'Cruelty-Free']",Makeup,Eye,Eyeliner,3,25.0,15.0
P311138,Lock-It Full-Coverage Long-Wear Matte Liquid Foundation,5905,KVD Beauty,326766,3.9175,14468.0,1 oz/ 30 mL,Color,Light 40 N,Near-white for mixing & artistry looks,"['Dimethicone, Aqua/Water/Eau, Phenyl Trimethicone, Trimethylsiloxysilicate, Peg/Ppg-18/18 Dimethicone, Aluminum Starch Octenylsuccinate, Silica Dimethicone Silylate, Butylene Glycol, Isononyl Isononanoate, Isododecane, Glycerin, Sodium Chloride, Dimer Dilinoleyl Dimer Dilinoleate, Methicone, Glyceryl Caprylate, Sorbitan Sesquioleate, Calcium Carbonate, Trihydroxystearin, Polysilicone-11, Potassium Sorbate, Dimethicone Crosspolymer, Methylpropanediol, Disodium Edta, Caprylhydroxamic Acid, Titanium Dioxide (Ci 77891), Iron Oxides (Ci 77491, Ci 77492).']",40.5,,20.5,0,0,0,0,0,"['Vegan', 'Liquid Formula', 'Matte Finish', 'Long-wearing', 'Full Coverage', 'Cruelty-Free']",Makeup,Face,Foundation,12,40.5,20.5
P413458,Shade + Light Refillable Powder Face Contour Palette,5905,KVD Beauty,195102,4.3784,1118.0,,,,,"['Wild Rose Extract, Safflower Seed Oil, and Vitamin E: Help condition skin for a flawless finish.', 'Levitation/Lyric/Lucid:', 'Mica, Zinc Stearate, Dimethicone, Ethylhexyl Palmitate, Silica, Squalane, Polyethylene, Lauroyl Lysine, Glyceryl Caprylate, Sodium Dehydroacetate, Potassium Sorbate, Tocopheryl Acetate, Carthamus Tinctorius (Safflower) Seed Oil, Rosa Canina Flower Extract. May Contain: Titanium Dioxide (Ci 77891), Yellow 5 Lake (Ci 19140), Iron Oxides (Ci 77491, Ci 77492, Ci 77499).', 'Shadowplay:', 'Mica, Zinc Stearate, Silica, Polyethylene, Dimethicone, Ethylhexyl Palmitate, Squalane, Glyceryl Caprylate, Sodium Dehydroacetate, Lauroyl Lysine, Potassium Sorbate, Tocopheryl Acetate, Carthamus Tinctorius (Safflower) Seed Oil, Rosa Canina Flower Extract, Titanium Dioxide (Ci 77891), Iron Oxides (Ci 77491, Ci 77492, Ci 77499).', 'Subconscious:', 'Mica, Zinc Stearate, Silica, Polyethylene, Dimethicone, Squalane, Ethylhexyl Palmitate, Glyceryl Caprylate, Lauroyl Lysine, Sodium Dehydroacetate, Tocopheryl Acetate, Potassium Sorbate, Carthamus Tinctorius (Safflower) Seed Oil, Rosa Canina Flower Extract,', 'Titanium Dioxide (Ci 77891), Iron Oxides (Ci 77491, Ci 77492, Ci 77499).', 'Sombre:', 'Mica, Zinc Stearate, Silica, Squalane, Polyethylene, Ethylhexyl Palmitate, Dimethicone, Glyceryl Caprylate, Lauroyl Lysine, Sodium Dehydroacetate, Potassium Sorbate, Tocopheryl Acetate, Carthamus Tinctorius (Safflower) Seed Oil, Rosa Canina Flower Extract, Water, Sodium Sulfate, Titanium Dioxide (Ci 77891), Iron Oxides (Ci 77491, Ci 77492, Ci 77499), Ultramarines (Ci 77007), Manganese Violet (Ci 77742).']",52.5,,,0,0,0,0,0,"['Vegan', 'Refill Available', 'Pressed Powder Formula', 'Community Favorite', 'Without Parabens', 'Cruelty-Free']",Makeup,Makeup Palettes,,0,,
P418804,Everlasting Lip Liner,5905,KVD Beauty,153058,4.5511,1655.0,0.01 oz/ 0.3 g,Color,Lolita,chestnut rose,"['Methyl Trimethicone, Polyethylene, Trimethylsiloxysilicate, Octyldodecanol, Synthetic Fluorphlogopite, Ozokerite, Nylon-12, Acrylates/Dimethicone Copolymer, Disteardimonium Hectorite, Propylene Carbonate, Calcium Sodium Borosilicate, Pentaerythrityl Tetra-Di-T-Butyl Hydroxyhydrocinnamate, Tin Oxide, Titanium Dioxide (Ci 77891),  Iron Oxides (Ci 77491, Ci 77499), Red 7 Lake (Ci 15850).']",22.5,,,0,0,0,0,0,,Makeup,Lip,Lip Liner,10,22.5,22.5
P430718,"Super Pomade Vegan Eyeliner, Shadow & Brow Pigment",5905,KVD Beauty,117427,4.6512,4063.0,,Color,Taupe,for medium to dark blonde hair,"['Isododecane, Trimethylsiloxysilicate, Dimethicone, Kaolin, Polyethylene, Silica, Sodium Myristoyl Sarcosinate, Phenoxyethanol, Caprylyl Glycol, Disteardimonium Hectorite, Lecithin, Aluminum Hydroxide, Synthetic Fluorphlogopite, Tocopheryl Acetate, Propylene Carbonate, BHT, Iron Oxides (Ci 77491, Ci 77492, Ci 77499), Titanium Dioxide (Ci 77891).']",25.0,,,0,0,0,0,0,"['Cruelty-Free', 'Vegan', 'Cream Formula', 'Waterproof', 'Long-wearing', 'Community Favorite']",Makeup,Eye,Eyebrow,12,25.0,25.0
P469488,Good Apple Lightweight Full-Coverage Cream Foundation Balm,5905,KVD Beauty,104286,3.8474,2497.0,0.35 oz/ 10 g,Color,Medium 054,for medium skin with neutral undertones,"['Triethylhexanoin, Octyldodecanol, Silica, Dimethicone, Dibutyl Lauroyl Glutamide, Octyldodecyl Neopentanoate, Disteardimonium Hectorite, Isostearyl Alcohol, Oleyl Alcohol, Polymethyl Methacrylate, Pyrus Malus (Apple) Fruit Extract, Disodium Stearoyl Glutamate, Mica, Hydrolyzed Sodium Hyaluronate, Polysilicone-11, Aqua/Water/Eau, Butylene Glycol, Caprylyl Glycol, Phenoxyethanol, Aluminum Hydroxide, Carthamus Tinctorius (Safflower) Seed Oil, Hexylene Glycol, Tocopheryl Acetate, Tocopherol, Ascorbic Acid, Decyl Glucoside, Glycerin, Sodium PCA, Sodium Lactate, Arginine, Aspartic Acid, PCA, Saccharomyces/Magnesium Ferment, Glycine, Alanine, Serine, Valine, Saccharomyces/Copper Ferment, Potassium Sorbate, Saccharomyces/Silicon Ferment, Isoleucine, Proline, Threonine, Saccharomyces/Zinc Ferment, Hyaluronic Acid, Saccharomyces/Iron Ferment, Silanetriol, Citric Acid, Sorbic Acid, Histidine, Phenylalanine. May contain/Peut contenir (+/-): Titanium Dioxide (CI 77891), Iron Oxides (CI 77491, CI 77492, CI 77499).']",42.5,,,0,0,0,0,0,"['Vegan', 'Matte Finish', 'Long-wearing', 'Full Coverage', 'Best for Dry, Combo, Normal Skin']",Makeup,Face,Foundation,39,42.5,42.5
P385908,Ink Liner Waterproof Felt-Tip Liquid Eyeliner,5905,KVD Beauty,95336,4.0435,3100.0,0.019 oz/ 0.55 mL,Color,Trooper,ultra black,"['Water, Ammonium Styrene/Acrylates Copolymer, Butylene Glycol, Alcohol, Beheneth-30, Phenoxyethanol, Acrylates/Octylacrylamide Copolymer, Methylparaben, Polyglyceryl-3 Disiloxane Dimethicone, Propylparaben, Sodium Hydroxide, Disodium Edta, Black 2 (Ci 77266) (Nano).']",25.0,,,0,0,0,0,0,"['Cruelty-Free', 'Vegan', 'Liquid Formula', 'Long-wearing']",Makeup,Eye,Eyeliner,0,,
P409988,Lock-It Setting Powder,5905,KVD Beauty,86770,4.2027,2931.0,Standard Size Translucent - 0.67 oz,Size,Standard Size Translucent - 0.67 oz,,"['Mica, Talc, Magnesium Carbonate, Magnesium Myristate, Nylon-12, Zea Mays (Corn) Starch, Jojoba Esters, Benzoic Acid, Lauroyl Lysine, Polymethyl Methacrylate, Sodium Dehydroacetate, Caprylic/Capric Triglyceride, Glycine Soja (Soybean) Oil, Ethylhexyl Palmitate, Tocopherol, Iron Oxides (Ci 77491, Ci 77492, Ci 77499).']",35.0,,,0,0,0,0,0,"['Vegan', 'Loose Powder Formula', 'Light Coverage', 'Matte Finish']",Makeup,Face,Setting Spray & Powder,0,,
P418800,Lock-It Refillable Mattifying Pressed Finishing Powder,5905,KVD Beauty,71355,4.2173,336.0,0.28 oz/ 8 g,Color,Light,,"['Talc, Zea Mays (Corn) Starch, Silica, Pentaerythrityl Tetraisostearate, Octyldodecyl Stearoyl Stearate, Zinc Stearate, Ethylhexylglycerin, Phenoxyethanol, Isopropyl Isostearate, Benzoic Acid, Dehydroacetic Acid, Oryza Sativa (Rice) Starch, Tocopherol, Iron Oxides (Ci 77491, Ci 77492, Ci 77499).']",35.0,,,0,0,0,0,0,"['Cruelty-Free', 'Vegan', 'Pressed Powder Formula', 'Light Coverage', 'Matte Finish']",Makeup,Face,Setting Spray & Powder,4,35.0,35.0
P420220,Saint Eau de Parfum,5905,KVD Beauty,59167,4.3991,3806.0,3.4 oz/ 100 mL,Size + Concentration + Formulation,3.4 oz/ 100 mL Eau de Parfum Spray,,"['Alcohol Denat., Fragrance, Water, Ethylhexyl Methoxycinnamate, Butyl Methoxydibenzoylmethane, Ethylhexyl Salicylate, Citric Acid, Triethanolamine,  Alpha-Isomethyl Ionone, Geraniol, Hydroxycitronellal, Limonene, Linalool.']",85.0,,34.0,0,0,0,1,0,,Fragrance,Women,Perfume,3,65.0,8.0
P392437,Lock-It Hydrating Primer,5905,KVD Beauty,50671,3.7257,711.0,1 oz/ 30 mL,Size,1 oz/ 30 mL,,"['Water, Shea Butter Ethyl Esters, Jojoba Esters, Isododecane, Hydrogenated Polydecene, Glycerin, Potassium Cetyl Phosphate, Polyurethane-34, Vp/Eicosene Copolymer, Phenoxyethanol, Cetyl Alcohol, Glyceryl Oleate Citrate, Caprylyl Glycol, Acrylates/C10-30 Alkyl Acrylate Crosspolymer, Ethylhexylglycerin, Hexylene Glycol, Dimethicone, Aloe Barbadensis Leaf Juice, Tocopheryl Acetate, Caprylic/Capric Triglyceride, Tropaeolum Majus Flower/Leaf/Stem Extract, Aminomethyl Propanol, Disodium Edta, Panthenol, Tocopherol, Pantolactone, Citric Acid, 3-Aminopropanol.']",34.0,,,0,0,0,1,0,,Makeup,Face,Face Primer,0,,
P420219,Sinner Eau de Parfum,5905,KVD Beauty,45541,4.1447,2094.0,3.4 oz/ 100 mL,Size + Concentration + Formulation,3.4 oz/ 100 mL Eau de Parfum Spray,,"['Alcohol Denat., Parfum/Fragrance, Aqua/Water/Eau, Ethylhexyl Methoxycinnamate, Butyl Methoxydibenzoylmethane, Ethylhexyl Salicylate, Citric Acid, Triethanolamine, Benzyl Alcohol, Benzyl Benzoate, Benzyl Salicylate, Cinnamyl Alcohol, Citronellol, Geraniol, Hexyl Cinnamal, Hydroxycitronellal, Limonene, Linalool.']",85.0,,34.0,0,0,0,1,0,,Fragrance,Women,Perfume,1,65.0,25.0
P483466,Tattoo Pencil Liner Waterproof Long-Wear Gel Eyeliner,5905,KVD Beauty,40586,4.3309,680.0,.0176 oz / .5 g,Color,Trooper Black,ultra-black,"['Trimethylsiloxysilicate, Isohexadecane, Isododecane, Polyethylene, Synthetic Wax, Silica, Ceresin, Polyisobutene, Dimethicone, Calendula Officinalis Flower Extract, Butylene Glycol, Aqua/Water/Eau, 1,2-Hexanediol, Iron Oxides (CI 77499).']",23.0,,,0,0,0,0,0,"['Vegan', 'Long-wearing', 'Matte Finish', 'Waterproof', 'Cruelty-Free']",Makeup,Eye,Eyeliner,9,23.0,23.0
P501592,Everlasting Hyperlight Vegan Transfer-Proof Liquid Lipstick,5905,KVD Beauty,39452,4.1029,554.0,0.23 oz / 7 mL,Color,Ghost Bloom,plum brown,"['Dimethicone, Trimethylsiloxysilicate, Trisiloxane, Isododecane, Cera Microcristallina/Microcrystalline Wax/Cire Microcristalline, Mica, Isononyl Isononanoate, Cetyl Dimethicone, Dimethicone/Vinyl Dimethicone Crosspolymer, Disteardimonium Hectorite, Illite, Alcohol Denat., C30-45 Alkyl Dimethicone, Caprylic/Capric Triglyceride, Ethyl Vanillin, Laureth-4, Aqua/Water/Eau, Rubus Idaeus (Raspberry) Leaf Extract, BHT, Iron Oxides (CI 77491, CI 77492, CI 77499), Titanium Dioxide (CI 77891), Red 28 Lake (CI 45410), Blue 1 Lake (CI 42090).']",23.0,,,0,1,1,0,0,"['Vegan', 'Liquid Formula', 'Long-wearing', 'Matte Finish', 'Cruelty-Free']",Makeup,Lip,Liquid Lipstick,30,23.0,13.0
P468169,Mini Tattoo Liner Vegan Waterproof Liquid Eyeliner,5905,KVD Beauty,38710,3.2626,377.0,0.007 fl oz. / 0.2 mL,Color,Trooper Black,,"['Water, Ammonium Styrene/Acrylates Copolymer, Butylene Glycol, Alcohol, Beheneth-30, Phenoxyethanol, Acrylates/Octylacrylamide Copolymer, Methylparaben, Polyglyceryl-3 Disiloxane Dimethicone, Propylparaben, Sodium Hydroxide, Disodium EDTA, Black 2 (Ci 77266) (Nano).']",15.0,,,0,0,0,0,0,"['Vegan', ""allure 2018 Readers' Choice Award Winner"", 'Long-wearing', 'Waterproof', 'Cruelty-Free']",Makeup,Eye,Eyeliner,1,15.0,15.0
P441024,Lock-It Powder Foundation,5905,KVD Beauty,34515,3.9884,1209.0,0.31 oz/ 9.0 g,Color,220 Rich Deep,rich deep truffle,"['Talc, Kaolin, Nylon-12, Mica, Magnesium Myristate, Boron Nitride, Isoamyl Laurate, Dimethicone, Barium Sulfate, Zinc Stearate, Phenyl Trimethicone, Polyester-4, 1,2-Hexanediol, Caprylyl Glycol, Dimethiconol, Oryza Sativa (Rice) Hull Powder, Yellow 5 Lake (Ci 19140), Iron Oxides (Ci 77491, Ci 77492, Ci 77499).']",37.0,,14.8,0,0,0,0,0,"['Vegan', 'Refill Available', 'Pressed Powder Formula', 'Full Coverage']",Makeup,Face,Foundation,7,37.0,14.8
P454732,Everlasting Blush,5905,KVD Beauty,30855,4.7313,480.0,0.22 oz/ 6.3 g,Color,Peony,soft petal pink,"['Talc, Mica, Dimethiconol Stearate, Caprylic/Capric Triglyceride, Polymethyl Methacrylate, Aluminum Hydroxide, Dimethicone, Trimethylsiloxysilicate, Caprylyl Glycol, Phenoxyethanol, Magnesium Myristate, Hexylene Glycol, Barium Sulfate (Ci 77120), Ultramarines (Ci 77007), Red 7 Lake (Ci 15850), Yellow 5 Lake (Ci 19140).']",29.5,,,0,0,0,0,0,,Makeup,Cheek,Blush,2,29.5,29.5
P464781,Dazzle Vegan Long-Wear Eyeshadow Stick,5905,KVD Beauty,29465,4.5692,130.0,0.123 oz  / 3.5g,Color,Heat Burst - bold ruby,,"['Aqua/Water/Eau, Methylpropanediol, Calcium Aluminum Borosilicate, Synthetic Fluorphlogopite, Sodium Stearate, Glycerin, Calcium Titanium Borosilicate, Sorbitan Isostearate, Titanium/Titanium Dioxide, 1,2-Hexanediol, Glyceryl Stearate, Sodium Chloride, PEG-100 Stearate, Caprylyl Glycol, Cera Carnauba/Copernicia Cerifera (Carnauba) Wax/Cire De Carnauba, Tin Oxide, Ceteareth-20, Citric Acid, Ethylhexylglycerin, Dimethicone, Steareth-100, Phenoxyethanol, Hexylene Glycol, Tocopherol, Iron Oxides (CI 77491, CI 77499), Titanium Dioxide (CI 77891).']",24.0,,,0,0,0,0,0,"['Vegan', 'Stick Formula', 'Metallic Finish', 'Long-wearing', 'Cruelty-Free']",Makeup,Eye,Eyeshadow,4,24.0,24.0
P420218,Saint Eau de Parfum Travel Spray,5905,KVD Beauty,29159,4.1852,270.0,0.34 oz/ 10 mL,Size,0.34 oz/ 10 mL,,"['Alcohol Denat., Parfum/Fragrance, Aqua/Water/Eau, Ethylhexyl Methoxycinnamate, Butyl Methoxydibenzoylmethane, Ethylhexyl Salicylate, Citric Acid, Triethanolamine, Alpha-Isomethyl Ionone, Geraniol, Hydroxycitronellal, Limonene, Linalool.']",22.0,,8.0,0,0,0,1,0,,Fragrance,Women,Rollerballs & Travel Size,0,,
P481106,Good Apple Lightweight Full-Coverage Concealer,5905,KVD Beauty,28515,4.2446,597.0,0.33 oz/ 10mL,Color,Light 103,for fair skin with cool pink undertones,"['Aqua/Water/Eau, Dimethicone, Caprylyl Methicone, Trimethylsiloxysilicate, Alcohol Denat., Caprylic/Capric Triglyceride, Isododecane, PEG-12 Dimethicone/PPG-20 Crosspolymer, Sorbitan Isostearate, Phenyl Trimethicone, Butylene Glycol, Sodium Potassium Aluminum Silicate, BIS-Hydroxyethoxypropyl Dimethicone/IPDI Copolymer Ethylcarbamate, Caprylyl Dimethicone Ethoxy Glucoside, Pyrus Malus (Apple) Fruit Extract, Rubus Idaeus (Raspberry) Leaf Extract, DI-C12-13 Alkyl Tartrate, Triethoxycaprylylsilane, Phenoxyethanol, Sodium Chloride, Alcohol, Potassium Sorbate, Sodium Dehydroacetate, Silica, Alumina, Dimethicone/Vinyl Dimethicone Crosspolymer, Polyphenylsilsesquioxane, Glycerin, Tocopheryl Acetate, Tocopherol, Bismuth Oxychloride (CI 77163), Iron Oxides (CI 77491, CI 77492, CI 77499), Titanium Dioxide (CI 77891).']",30.0,,,0,0,0,0,0,"['Full Coverage', 'Long-wearing', 'Hydrating', 'Natural Finish', 'Vegan']",Makeup,Face,Concealer,31,30.0,30.0
P438613,Mini Lock-It Full-Coverage Long-Wear Matte Liquid Foundation,5905,KVD Beauty,27802,3.5,80.0,0.5 oz/ 15 mL,Color,Medium 51 Warm,medium sand with warm undertone,"['Dimethicone, Aqua/Water/Eau, Phenyl Trimethicone, Trimethylsiloxysilicate, Peg/Ppg-18/18 Dimethicone, Aluminum Starch Octenylsuccinate, Silica Dimethicone Silylate, Butylene Glycol, Isononyl Isononanoate, Isododecane, Glycerin, Sodium Chloride, Dimer Dilinoleyl Dimer Dilinoleate, Glyceryl Caprylate, Methicone, Sorbitan Sesquioleate, Calcium Carbonate, Trihydroxystearin, Polysilicone-11, Potassium Sorbate, Dimethicone Crosspolymer, Methylpropanediol, Talc, Disodium Edta, Caprylhydroxamic Acid, Titanium Dioxide (Ci 77891), Iron Oxides (Ci 77491, Ci 77492, Ci 77499).']",18.0,,,0,0,1,1,0,"['Matte Finish', 'Cruelty-Free', 'Vegan', 'Liquid Formula', 'Full Coverage', 'Long-wearing']",Mini Size,Makeup,,2,18.0,9.0
P454032,XO Vinyl Lip Cream Lip Gloss,5905,KVD Beauty,25272,4.4632,462.0,0.091 oz/ 2.7 mL,Color,Lolita,chestnut rose,"['Hydrogenated Polyisobutene, Octyldodecanol, Isododecane, Silica Dimethyl Silylate, Ethylene/Propylene/Styrene Copolymer, Butylene/Ethylene/Styrene Copolymer, Aroma/Flavor, Pentaerythrityl Tetra-Di-T-Butyl Hydroxyhydrocinnamate, Bht. May Contain/Peut Contenir (+/-): Iron Oxides (Ci 77491, Ci 77492, Ci 77499), Red 7 Lake (Ci 15850), Titanium Dioxide (Ci 77891), Yellow 5 Lake (Ci 19140), Red 28 Lake (Ci 45410), Yellow 6 Lake (Ci 15985).']",20.0,,,0,0,0,0,0,,Makeup,Lip,Lip Gloss,5,20.0,10.0
P475569,ModCon Long-Wear Hydrating Liquid-Gel Contour,5905,KVD Beauty,24599,3.496,125.0,0.57 oz/ 17 mL,Color,Light-Medium,light brown with neutral undertones,"['Aqua/Water/Eau, Glycerin, Propanediol, Hydrogenated Starch Hydrolysate, Bellis Perennis (Daisy) Flower Extract, Helichrysum Italicum Extract, Phenoxyethanol, Ethylhexyl Olivate, Amp-Acrylates/Allyl Methacrylate Copolymer, Cetearyl Olivate, Sodium Acrylates Copolymer, Sorbitan Olivate, Polyglyceryl-4 Oleate, Ethylhexylglycerin, Alumina, Magnesium Oxide, Potassium Sorbate, Citric Acid, Tocopherol, Iron Oxides (CI 77491, CI 77492, CI 77499), Titanium Dioxide (CI 77891).']",29.5,,,0,0,0,0,0,"['Liquid Formula', 'Natural Finish', 'Hydrating', 'Vegan', 'Cruelty-Free']",Makeup,Face,Contour,7,29.5,29.5
P430304,#70 Pomade Brow Brush,5905,KVD Beauty,20139,4.6728,1403.0,,,,,,20.0,,,0,0,0,0,0,,Tools & Brushes,Brushes & Applicators,Eye Brushes,0,,
P504366,Good Apple Full-Coverage Transfer-Proof Vegan Serum Foundation,5905,KVD Beauty,19948,4.0375,826.0,1.01 oz / 30 mL,Color,Medium 048,for medium skin with cool undertones,"['Aqua/Water/Eau, Dimethicone, Isododecane,  Trimethylsiloxysilicate, Glycerin, Cetyl PEG/PPG-10/1 Dimethicone, Pyrus Malus (Apple) Fruit Extract, Cydonia Oblonga Leaf Extract, Ethylhexylglycerin, Phenoxyethanol, Dimethicone Crosspolymer, Silica, Sodium Chloride, Dimethicone/Vinyl Dimethicone Crosspolymer, Magnesium Sulfate, Triethoxycaprylylsilane, Sodium Dehydroacetate, Disteardimonium Hectorite, Benzoic Acid, C24-28 Alkyl Methicone, Dehydroacetic Acid, Propylene Carbonate, Potassium Sorbate, Citric Acid, Sodium Benzoate, Pentaerythrityl Tetra-Di-T-Butyl Hydroxyhydrocinnamate, Tocopherol, Aluminum Hydroxide, Iron Oxides (CI 77491, CI 77492, CI 77499), Titanium Dioxide (CI 77891).']",42.0,,,0,1,0,0,0,"['Vegan', 'Natural Finish', 'Full Coverage', 'Best for Oily, Combo, Normal Skin', 'Cruelty-Free']",Makeup,Face,Foundation,39,42.0,42.0
P442770,Go Big or Go Home Long-Wear Vegan Volumizing Mascara,5905,KVD Beauty,16108,3.6613,1872.0,10 g/ 0.33 oz,Color,Trooper Black,true black,"['Water, Hydrogenated Olive Oil Stearyl Esters, Stearic Acid, Acrylates/Ethylhexyl Acrylate Copolymer, Helianthus Annuus Seed Cera/Helianthus Annuus (Sunflower) Seed Wax, Oryza Sativa Cera/Oryza Sativa (Rice) Bran Wax, Polybutene, Ricinus Communis Seed Oil/Ricinus Communis (Castor) Seed Oil, Polyglyceryl-3 Rice Branate, Propanediol, Glyceryl Stearate, C18-36 Acid Triglyceride, Polyvinyl Stearyl Ether, Aminomethyl Propanediol, Phenoxyethanol, Hdi/Trimethylol Hexyllactone Crosspolymer, Methyl Methacrylate Crosspolymer, Sodium Dehydroacetate, Ethylhexylglycerin, Laureth-21, Iron Oxides (Ci 77499).']",25.0,,,0,0,0,0,0,"['Cruelty-Free', 'Vegan', 'Liquid Formula', 'Volumizing', 'Long-wearing']",Makeup,Eye,Mascara,1,13.0,13.0
P463638,Kitten Mini: Glamrok Shade + Light Eyeshadow Quad,5905,KVD Beauty,15069,3.7,30.0,,,,,"['Fascination', ': Rayon, Squalane, Calcium Sodium Borosilicate, Glycerin, Styrene/Acrylates Copolymer, Aqua/Water/Eau, Ethylene/Propylene/Styrene Copolymer, Urea, Silica, Phenoxyethanol, Simmondsia Chinensis (Jojoba) Seed Oil, Butylene/Ethylene/Styrene Copolymer, Tin Oxide, Pentaerythrityl Tetra-di-t-butyl Hydroxyhydrocinnamate, BHT, Iron Oxides (Ci 77491), Titanium Dioxide (Ci 77891), Aluminum (Ci 77000).', 'Legend:', 'Mica, Boron Nitride, Silica, Lauroyl Lysine, Dimethicone, Zinc Stearate, Glyceryl Caprylate, Squalane, Phenoxyethanol, Trimyristin, Potassium Sorbate, Hydrogenated Lecithin, Carthamus Tinctorius (Safflower) Seed Oil, Rosa Canina Flower Extract, Sodium Dehydroacetate, Tocopheryl Acetate, Ultramarines (Ci 77007), Titanium Dioxide (Ci 77891), Iron Oxides (Ci 77491, Ci 77492, Ci 77499).', 'Midnight:', 'Mica, Squalane, Calcium Sodium Borosilicate, Dimethicone, Silica, Zinc Stearate, Glyceryl Caprylate, Phenoxyethanol, Boron Nitride, Lauroyl Lysine, Tin Oxide, Potassium Sorbate, Carthamus Tinctorius (Safflower) Seed Oil, Rosa Canina Flower Extract, Trimyristin, Hydrogenated Lecithin, Sodium Dehydroacetate, Tocopheryl Acetate, Iron Oxides(Ci 77499), Titanium Dioxide (Ci 77891), Ferric Ammonium Ferrocyanide (Ci 77510), Ferric Ferrocyanide (Ci 77510).', 'Solo:', 'Mica, Boron Nitride, Silica, Lauroyl Lysine, Dimethicone, Zinc Stearate, Squalane, Glyceryl Caprylate, Phenoxyethanol, Trimyristin, Potassium Sorbate, Hydrogenated Lecithin, Carthamus Tinctorius (Safflower) Seed Oil, Rosa Canina Flower Extract, Sodium Dehydroacetate, Tocopheryl Acetate, Iron Oxides (Ci 77491, Ci 77492, Ci 77499), Red 40 Lake (Ci 16035), Ultramarines (Ci 77007), Titanium Dioxide (Ci 77891).']",19.0,,9.5,0,0,0,0,0,,Makeup,Mini Size,,0,,
P418801,Lock-It Finishing Powder Refill,5905,KVD Beauty,14866,4.4667,30.0,0.28 oz/ 8 g,Color,Light,,"['Talc, Zea Mays (Corn) Starch, Silica, Pentaerythrityl Tetraisostearate, Octyldodecyl Stearoyl Stearate, Zinc Stearate, Ethylhexylglycerin, Phenoxyethanol, Isopropyl Isostearate, Benzoic Acid, Dehydroacetic Acid, Oryza Sativa (Rice) Starch, Tocopherol, Iron Oxides (Ci 77491, Ci 77492, Ci 77499).']",22.0,,,0,0,0,0,0,,Makeup,Face,Setting Spray & Powder,3,22.0,22.0
P454733,Kitten Mini: Purrfect Cat Eyes Mini Mascara & Eyeliner Set,5905,KVD Beauty,13794,2.8421,19.0,,,,,"['Tattoo Liner:', 'Aqua/Water/Eau, Ammonium Styrene/Acrylates Copolymer, Butylene Glycol, Alcohol, Beheneth-30, Phenoxyethanol, Acrylates/Octylacrylamide Copolymer, Methylparaben, Polyglyceryl-3 Disiloxane Dimethicone, Propylparaben, Sodium Hydroxide, Disodium Edta, Black 2 (Ci 77266) (Nano).', 'Go Big or Go Home Volumizing Mascara:', 'Aqua/Water/Eau, Hydrogenated Olive Oil Stearyl Esters, Stearic Acid, Acrylates/Ethylhexyl Acrylate Copolymer, Helianthus Annuus Seed Cera/Helianthus Annuus (Sunflower) Seed Wax, Oryza Sativa Cera/Oryza Sativa (Rice) Bran Wax, Polybutene, Ricinus Communis Seed Oil/Ricinus Communis (Castor) Seed Oil, Polyglyceryl-3 Rice Branate, Propanediol, Glyceryl Stearate, C18-36 Acid Triglyceride, Polyvinyl Stearyl Ether, Aminomethyl Propanediol, Phenoxyethanol, Hdi/Trimethylol Hexyllactone Crosspolymer, Methyl Methacrylate Crosspolymer, Sodium Dehydroacetate, Ethylhexylglycerin, Laureth-21, Iron Oxides (Ci 77499).']",20.0,,9.0,1,0,0,1,0,,Makeup,Eye,Eye Sets,0,,
P460562,Shake Primer High-Impact Invisible Eyeshadow Primer,5905,KVD Beauty,7021,3.1809,94.0,,,,,"['Aqua/Water/Eau, Isododecane, Hydrogenated Polycyclopentadiene, Glycerin, Tricaprylin, Phenoxyethanol, Black 2 (Ci 77266), Laureth-20, Butylene Glycol, 1,2-Hexanediol.']",22.0,,,0,0,0,0,0,"['Vegan', 'Liquid Formula', 'Best for Dry, Combo, Normal Skin']",Makeup,Eye,Eye Primer,0,,
P447557,Lock-It Powder Foundation Refills,5905,KVD Beauty,5612,4.24,25.0,0.31 oz/ 9 g,Color,Rich Deep 225,rich deep coffee,"['Talc, Nylon-12, Mica, Kaolin, Isoamyl Laurate, Magnesium Myristate, Dimethicone, Boron Nitride, Phenyl Trimethicone, Zinc Stearate, Polyester-4, 1,2-Hexanediol, Caprylyl Glycol, Barium Sulfate, Dimethiconol, Oryza Sativa (Rice) Hull Powder, Yellow 5 Lake (Ci 19140), Iron Oxides (Ci 77491, Ci 77492, Ci 77499).']",24.0,,12.0,0,0,1,0,0,,Makeup,Face,Foundation,1,24.0,12.0
P446787,Mini Go Big or Go Home Long-Wear Vegan Volumizing Mascara,5905,KVD Beauty,4066,3.1163,129.0,,Color,Black,,"['Water, Hydrogenated Olive Oil Stearyl Esters, Stearic Acid, Acrylates/Ethylhexyl Acrylate Copolymer, Helianthus Annuus Seed Cera/Helianthus Annuus (Sunflower) Seed Wax, Oryza Sativa Cera/Oryza Sativa (Rice) Bran Wax, Polybutene, Ricinus Communis Seed Oil/Ricinus Communis (Castor) Seed Oil, Polyglyceryl-3 Rice Branate, Propanediol, Glyceryl Stearate, C18-36 Acid Triglyceride, Polyvinyl Stearyl Ether, Aminomethyl Propanediol, Phenoxyethanol, Hdi/Trimethylol Hexyllactone Crosspolymer, Methyl Methacrylate Crosspolymer, Sodium Dehydroacetate, Ethylhexylglycerin, Laureth-21, Iron Oxides (Ci 77499).']",13.0,,,0,0,0,0,0,"['Vegan', 'Volumizing', 'Liquid Formula', 'Long-wearing', 'Cruelty-Free']",Mini Size,Makeup,,0,,
P472980,ModCon Liquid-Gel Blush,5905,KVD Beauty,3813,2.9375,16.0,0.4 oz/ 12 mL,Color,Glowlita,dusty rose,"['C15-19 Alkane, Coconut Alkanes, Mica, Hydrogenated Styrene/Isoprene Copolymer, Coco-Caprylate/Caprate, Trimethylsiloxysilicate, Polyphenylsilsesquioxane, Dimethicone, Hoya Lacunosa Flower Extract, Caprylic/Capric Triglyceride, 1,2-Hexanediol, Caprylyl Glycol, Methicone, Pentaerythrityl Tetra-Di-T-Butyl Hydroxyhydrocinnamate. May Contain/Peut Contenir (+/-): Blue 1 Lake (CI 42090), Iron Oxides (CI 77491, CI 77492), Red 28 Lake (CI 45410), Red 6 (CI 15850), Red 7 Lake (CI 15850), Titanium Dioxide (CI 77891), Yellow 5 Lake (CI 19140).']",29.5,,,0,0,0,0,0,"['Vegan', 'Liquid Formula', 'Hydrating']",Makeup,Cheek,Blush,3,29.5,29.5
P462706,Epic Curl Vegan Lash Primer,5905,KVD Beauty,2352,2.9355,31.0,,,,,"['Aqua/Water/Eau, Hydrogenated Olive Oil Stearyl Esters, Bambusa Arundinacea Stem Extract, Cera, Carnauba/Copernicia, Cerifera (Carnauba) Wax/Cire De Carnauba, Oryza Sativa   Cera/Oryza Sativa (Rice) Bran Wax, Glyceryl Stearate, Helianthus Annuus Seed Cera/Helianthus Annuus (Sunflower) Seed Wax, Bis-Diglyceryl  Polyacyladipate-2, Acacia Senegal Gum, Stearic Acid, Propanediol, Palmitic Acid, Aminomethyl Propanol, Hydrolyzed Jojoba Esters, Phenoxyethanol, Sodium Dehydroacetate, Galactoarabinan, Jojoba  Esters, Xanthan Gum, Ethylhexylglycerin, Talc, Kaolin, Tocopherol, Ultramarines (Ci 77007), Iron Oxides (Ci 77499), Ferric Ammonium Ferrocianide (Ci 77510).']",24.0,,,0,0,0,0,0,"['Vegan', 'Liquid Formula', 'Curling']",Makeup,Eye,Mascara,0,,
P504596,Lock-It Vegan Pore-Refining Hydrating Primer with Rice Water,5905,KVD Beauty,2031,4.2206,748.0,1 oz / 30 mL,,,,"['Aqua/Water/Eau, Dimethicone/Vinyl Dimethicone Crosspolymer, Oryza Sativa (Rice) Bran Water, Polyglyceryl-3 Laurate, Carbomer, Glycerin, Isostearyl Hydroxystearate, Phenoxyethanol, Sodium Hydroxide, C12-14 Pareth-12, Lens Esculenta (Lentil) Fruit Extract, Caprylyl Glycol, Ethylhexylglycerin, Algae Extract, Glycine Soja (Soybean) Oil, Sodium Benzoate, Potassium Sorbate, Chlorella Vulgaris/Lupinus Albus Protein Ferment, Tocopherol.']",34.0,,,0,1,0,0,0,"['Vegan', 'Good for: Pores', 'Hydrating', 'Fragrance Free', 'Best for Dry, Combo, Normal Skin', 'Cruelty-Free']",Makeup,Face,Face Primer,0,,
P504620,Mini Everlasting Hyperlight Vegan Transfer-Proof Liquid Lipstick,5905,KVD Beauty,1382,3.0,1.0,,Color,Queen Of Poisons,iconic chestnut rose (formerly Lolita),"['Dimethicone, Trimethylsiloxysilicate, Trisiloxane, Isododecane, Mica, Cera Microcristallina/Microcrystalline Wax/Cire Microcristalline, Isononyl Isononanoate, Cetyl Dimethicone, Dimethicone/Vinyl Dimethicone Crosspolymer, Disteardimonium Hectorite, Illite, Alcohol Denat., C30-45 Alkyl Dimethicone, Caprylic/Capric Triglyceride, Ethyl Vanillin, Laureth-4, Aqua/Water/Eau, Rubus Idaeus (Raspberry) Leaf Extract, BHT, Titanium Dioxide (CI 77891), Iron Oxides (CI 77491, CI 77492), Red 28 Lake (CI 45410), Blue 1 Lake (CI 42090).']",13.0,,,0,1,0,0,0,"['Vegan', 'Liquid Formula', 'Long-wearing', 'Matte Finish', 'Cruelty-Free']",Makeup,Lip,Liquid Lipstick,0,,
P430969,"Artist Color Pencil Brow, Eye & Lip Liner",4028,MAKE UP FOR EVER,303646,4.2698,582.0,0.04 oz/ 1.41 g,Color,606 Wherever Walnut,,"['Mica, Caprylic/Capric Triglyceride, Stearyl Dimethicone, Talc, Hydrogenated Palm Glycerides, Polyglyceryl-3 Methylglucose Distearate, Cera Microcristallina (Microcrystalline Wax), Octadecene, Synthetic Wax, Kaolin, Polyethylene, Tocopherol, Ascorbyl Palmitate, Bht. May Contain (+/-): Ci 15850 (Red 6, Red 7 Lake), Ci 15985 (Yellow 6 Lake), Ci 19140 (Yellow 5 Lake), Ci 45410 (Red 28 Lake), Ci 77007 (Ultramarines), Ci 77491, Ci 77492, Ci 77499 (Iron Oxides), Ci 77510 (Ferric Ammonium Ferrocyanide),  Ci 77742 (Manganese Violet), Ci 77891 (Titanium Dioxide).']",22.0,,,0,0,0,0,1,"['Stick Formula', 'Matte Finish', 'Long-wearing']",Makeup,Eye,Eyeliner,13,22.0,22.0
P427647,Artist Color Eye Shadow,4028,MAKE UP FOR EVER,232369,4.2577,815.0,0.08 oz/ 2.5 g,Color,D-562,taupe platinum glitter,"['Mica, Talc, Octyldodecyl Stearoyl Stearate, Calcium Sodium Borosilicate, Kaolin, Dimethicone, Zinc Stearate, Bis-Diglyceryl Polyacyladipate-2, Cetyl Dimethicone, Phenoxyethanol, Dimethicone/Vinyl Dimethicone Crosspolymer, Sorbitan Sesquioleate, Sodium Dehydroacetate, Tin Oxide. May Contain (+/-): Ci 19140 (Yellow 5, Yellow 5 Lake), Ci 42090 (Blue 1 Lake), Ci 77007 (Ultramarines), Ci 77163 (Bismuth Oxychloride), Ci 77288 (Chromium Oxide Greens), Ci 77289 (Chromium Hydroxide Green), Ci 77491, Ci 77492, Ci 77499 (Iron Oxides), Ci 77510 (Ferric Ferrocyanide, Ferric Ammonium Ferrocyanide), Ci 77742 (Manganese Violet), Ci 77891 (Titanium Dioxide).']",19.0,,,0,0,0,0,1,"['Refill Available', 'Customizable']",Makeup,Eye,Eyeshadow,12,19.0,19.0
P479712,HD Skin Undetectable Longwear Foundation,4028,MAKE UP FOR EVER,157773,4.0891,2087.0,1.01 oz/ 30 ml,Color,1Y08 Warm Porcelain,for fair to light skin tones with yellow undertones,"['Aqua (Water), Methyl Trimethicone, Alcohol, Isododecane, Butylene Glycol, Synthetic Fluorphlogopite, Cetyl Peg/Ppg-10/1 Dimethicone, Phenyl Trimethicone, Acrylates/Dimethicone Copolymer, Glycerin, Silica, Dimethicone, Disteardimonium Hectorite, Sorbitan Sesquioleate, Dimethicone Crosspolymer, Sodium Myristoyl Glutamate, Sodium Benzoate, Sodium Chloride, Vp/Va Copolymer, Propylene Carbonate, Parfum (Fragrance), Sodium Citrate, Hexadecene, Aluminum Hydroxide, Hydrogen Dimethicone, Glyceryl Undecyl Dimethicone, Tocopherol, Citric Acid, Phenethyl Alcohol, Saccharide Isomerate, Pentaerythrityl Tetra-Di-T-Butyl Hydroxyhydrocinnamate, [+/- Ci 77891 (Titanium Dioxide), Ci 77491, Ci 77492, Ci 77499 (Iron Oxides)] 15941.']",45.0,,,0,0,0,0,1,"['Natural Finish', 'Liquid Formula', 'Long-wearing', 'Waterproof', 'Medium Coverage', 'Best for Oily, Combo, Normal Skin']",Makeup,Face,Foundation,45,45.0,22.0
P398775,Ultra HD Invisible Cover Stick Foundation,4028,MAKE UP FOR EVER,153959,4.033,2756.0,0.44 oz/ 12.5 g,Color,Y225 - Marble,for light skin with golden undertones,"['Ethylhexyl Palmitate, Synthetic Fluorphlogopite, Dipentaerythrityl Hexahydroxystearate/Hexastearate/Hexarosinate, Synthetic Wax, Polyglyceryl-2 Triisostearate, Hydrogenated Polyisobutene, Sorbitan Sesquiisostearate, Methicone, Dimethicone, Copernicia Cerifera (Carnauba) Wax, Vinyl Dimethicone/Methicone Silsesquioxane Crosspolymer, Alumina, Tocopherol, Propanediol, Fragrance, Water, Sucrose Palmitate, Benzyl Benzoate, Evodia Rutaecarpa Fruit Extract, Tocopheryl Acetate, Glyceryl Linoleate, Benzyl Alcohol, Citric Acid, Potassium Sorbate, Sodium Hyaluronate, Tin Oxide, Bht. May Contain (+/-): Yellow 5/Yellow 5 Lake (Ci 19140), Blue 1 Lake (Ci 42090), Ultramarines (Ci 77007), Bismuth Oxychloride (Ci 77163), Iron Oxides (Ci 77491, Ci 77492, Ci 77499), Titanium Dioxide (Ci 77891).']",43.0,,,0,0,0,0,1,"['Stick Formula', 'Natural Finish', 'Long-wearing', 'Full Coverage', 'Best for Dry, Combo, Normal Skin']",Makeup,Face,Foundation,16,43.0,43.0
P183919,Aqua Lip Waterproof Lipliner Pencil,4028,MAKE UP FOR EVER,150168,4.4419,2091.0,0.04 oz/ 1.2 g,Color,2C Rosewood,,"['Cyclopentasiloxane, Synthetic Wax, Isododecane, Polybutene, Mica, Hydrogenated Cottonseed Oil, CI 77891 (Titanium Dioxide), CI 77491 (Iron Oxides), Simmondsia Chinensis (Jojoba) Seed Oil, Ceresin, Ozokerite, Cera Microcristallina (Microcrystalline Wax), CI 77492 (Iron Oxides), CI 77499 (Iron Oxides), CI 15850 (Red 7), Tocopherol, Ascorbyl Palmitate. A']",22.0,,,0,0,0,0,1,,Makeup,Lip,Lip Liner,7,22.0,22.0
P151107,Full Cover Concealer,4028,MAKE UP FOR EVER,120132,4.3574,4885.0,0.5 oz/ 14 mL,Color,Pink Porcelain 1,For fair skin with pink undertones,,34.0,,,0,0,0,0,1,"['Cream Formula', 'Long-wearing', 'Matte Finish', 'Full Coverage', 'Best for Oily, Combo, Normal Skin']",Makeup,Face,Concealer,9,34.0,34.0
P421281,"Artist Face Color Highlight, Sculpt and Blush Powder",4028,MAKE UP FOR EVER,97905,4.5547,750.0,0.17 oz/ 5 g,Color,S310,praline blush,"['Synthetic Fluorphlogopite, Talc, Dimethicone, Zinc Stearate, Diisostearyl Malate, Octyldodecyl Stearoyl Stearate, Caprylyl Glycol, Lauroyl Lysine, Pentylene Glycol, Phenyl Trimethicone, Silica, Sodium Dehydroacetate, Sorbitan Sesquioleate, Tocopheryl Acetate,  [+/- Ci 15850 (Red 6, Red 7, Red 7 Lake), Ci 19140 (Yellow 5, Yellow 5 Lake), Ci 45410 (Red 27, Red 27 Lake, Red 28 Lake), Ci 73360 (Red 30, Red 30 Lake), Ci 77007 (Ultramarines), Ci 77491, Ci 77492,Ci 77499 (Iron Oxides), Ci 77742 (Manganese Violet), Ci 77891 (Titanium Dioxide).']",25.0,,,0,0,0,0,1,"['Refill Available', 'Customizable']",Makeup,Face,Highlighter,12,25.0,25.0
P439652,Ultra HD Self-Setting Medium Coverage Concealer,4028,MAKE UP FOR EVER,81885,4.2324,938.0,0.17 oz/ 5 mL,Color,31.5 - Biscuit,for lighter medium skin with slightly golden undertones,"['Aqua (Water), Dicaprylyl Carbonate, Propylene Glycol Dicaprylate/Dicaprate, Cetyl Peg/Ppg-10/1 Dimethicone, Isododecane, Dimethicone, Peg-30 Dipolyhydroxystearate, Ethylene/Acrylic Acid Copolymer, Sodium Chloride, Propanediol, Stearalkonium Hectorite, Triethoxycaprylylsilane, Phenoxyethanol, Glycerin, Silica Silylate, Dimethicone Crosspolymer, Cera Alba (Beeswax), Propylene Carbonate, P-Anisic Acid, Sucrose Palmitate, Sodium Dehydroacetate, Sodium Hyaluronate, Tromethamine, Ethylhexylglycerin, Evodia Rutaecarpa Fruit Extract, Alumina, Tocopheryl Acetate, Glyceryl Linoleate, Cetyl Hydroxyethylcellulose, Polysorbate 20, Potassium Sorbate, Polymethyl Methacrylate, Chlorella Vulgaris Extract, Benzyl Alcohol, Trilaurin, Citric Acid, Tocopherol, Diacetyl Boldine, Bht, Tin Oxide, Pentaerythrityl Tetra-Di-T-Butyl Hydroxyhydrocinnamate, [+/- : Ci 77491, Ci 77492, Ci 77499 (Iron Oxides), Ci 77891 (Titanium Dioxide), ].']",30.0,,,0,0,0,0,1,"['Natural Finish', 'Cream Formula', 'Long-wearing', 'Medium Coverage', 'Best for Dry, Combo, Normal Skin']",Makeup,Face,Concealer,25,30.0,30.0
P415958,Star Lit Powder,4028,MAKE UP FOR EVER,77563,4.5889,253.0,00.6 oz/ 1.9 g,Color,2 Frozen Gold,,"['Synthetic Fluorphlogopite, Tin Oxide, [+/- : Ci 19140 (Yellow 5, Yellow 5 Lake), Ci 42090 (Blue 1 Lake), Ci 77007 (Ultramarines), Ci 77163 (Bismuth Oxychloride), Ci 77288 (Chromium Oxide Greens), Ci 77289 (Chromium Hydroxide Green), Ci 77491, Ci 77492, Ci 77499 (Iron Oxides), Ci 77510 (Ferric Ferrocyanide, Ferric Ammonium Ferrocyanide), Ci 77742 (Manganese Violet), Ci 77891 (Titanium Dioxide) ].']",21.0,,,0,0,0,0,1,,Makeup,Face,Highlighter,3,21.0,21.0
P454035,Reboot Active Care Revitalizing Foundation,4028,MAKE UP FOR EVER,69171,4.1626,898.0,1.01 oz/ 30 mL,Color,Y405 - Golden Honey,for lighter tan skin with slightly yellow undertones,"['Aqua (Water), Cyclopentasiloxane, Ethylhexyl Palmitate, Polyglyceryl-3 Diisostearate, Bis-Peg/Ppg-14/14 Dimethicone, Silica Dimethyl Silylate, Glycerin, Phenoxyethanol, Magnesium Stearate, Cera Alba (Beeswax), Disteardimonium Hectorite, Magnesium Sulfate, Sodium Chloride, Parfum (Fragrance), Ppg-3 Myristyl Ether, Peg-30 Dipolyhydroxystearate, Dimethicone, Sodium Myristoyl Glutamate, Chlorphenesin, Propylene Carbonate, Propylene Glycol, Propanediol, Tocopherol, Aluminum Hydroxide, Pentylene Glycol, Benzyl Salicylate, Methylpropanediol, Panax Ginseng Root Extract, Ophiopogon Japonicus Root Extract, Benzyl Benzoate, Algin, Limonene, Galactoarabinan, Camellia Japonica Flower Extract, Glyceryl Polyacrylate, Sodium Hyaluronate, Sodium Hydroxide, Potassium Sorbate, Sodium Benzoate, Ethylhexylglycerin, Bht, Biosaccharide Gum-1, [+/- :Ci 19140 (Yellow 5, Yellow 5 Lake), Ci 42090 (Blue 1 Lake), Ci 77007 (Ultramarines), Ci 77163 (Bismuth Oxychloride), Ci 77491, Ci 77492, Ci 77499 (Iron Oxides), Ci 77891 (Titanium Dioxide].']",42.0,,,0,0,0,0,1,"['Light Coverage', 'Radiant Finish', 'Liquid Formula', 'Long-wearing', 'Best for Dry, Combo, Normal Skin']",Makeup,Face,Foundation,23,42.0,42.0
P434023,Matte Velvet Skin Full Coverage Foundation,4028,MAKE UP FOR EVER,64524,3.8216,2007.0,1.01 oz/ 30 mL,Color,Y415 Almond,for lighter tan skin with neutral undertones,"['Water, Cyclopentasiloxane, Corn Starch Modified, Bis-Peg/Ppg-14/14 Dimethicone, Neopentyl Glycol Diethylhexanoate, Glycerin, Disteardimonium Hectorite, Dimethicone, Methylpropanediol, Silica Dimethyl Silylate, Cellulose, Synthetic Fluorphlogopite, Magnesium Sulfate, Sodium Chloride, Xanthan Gum, Glyceryl Caprylate, Sodium Myristoyl Glutamate, Phenoxyethanol, Propylene Carbonate, Fragrance, Dimethicone Crosspolymer, Chlorphenesin, Pentylene Glycol, Aluminum Hydroxide, Solum Diatomeae (Diatomaceous Earth), Isododecane, Butylene Glycol, Trimethylsiloxysilicate/Dimethiconol Crosspolymer, Benzyl Salicylate, Tocopherol, Benzyl Benzoate, Limonene, Sanguisorba Officinalis Root Extract, Cinnamomum Cassia Bark Extract, Zingiber Officinale (Ginger) Root Extract. May Contain (+/-): Yellow 5/Yellow 5 Lake (Ci 19140), Blue 1 Lake (Ci 42090), Ultramarines (Ci 77007), Bismuth Oxychloride (Ci 77163), Iron Oxides (Ci 77491, Ci 77492, Ci 77499), Titanium Dioxide (Ci 77891).']",40.0,,,0,0,0,0,1,"['Liquid Formula', 'Long-wearing', 'Matte Finish', 'Full Coverage', 'Best for Oily, Combo, Normal Skin']",Makeup,Face,Foundation,37,40.0,40.0
P462883,Rouge Artist Lipstick,4028,MAKE UP FOR EVER,62686,4.4403,561.0,0.113oz / 3.2 g,Color,402 Untamed Fire,bright red,"['Hydrogenated Polydecene, Octyldodecanol, Dimethicone / Vinyl Dimethicone Crosspolymer, Nails, Euphorbia Cerifera (Candelilla) Wax, Polybutene, Silica, Synthetic Fluorphlogopite, Disteardimonium Hectorite, Bentonite, Lecithin, Propylene Carbonate, Perfume (Fragrance), Olive Oil Decyl Esters, Camellia Oleifera Seed Oil, Citric Acid, Glycerin, Hydrated Silica, Aqua (Water), Sodium Myristoyl Glutamate, Lactic Acid, Squalene, Limonene, Aluminum Hydroxide, Chlorella Vulgaris Extract, Linalool, Maris Sal, +/- [Toc: Cia Salt, 15850 (Red 6, Red 7, Red 7 Lake), Ci 15985 (Yellow 6, Yellow 6 Lake), Ci 19140 (Yellow 5, Yellow 5 Lake), Ci 73360 (Red 30, Red 30 Lake), Ci 77891 (Titanium Dioxide)].']",25.0,,,0,0,0,0,1,"['Satin Finish', 'Hydrating', 'Long-wearing']",Makeup,Lip,Lipstick,20,25.0,25.0
P421291,Artist Color Refillable Makeup Palette,4028,MAKE UP FOR EVER,57439,4.73,263.0,,Type,Large,,,4.0,,,0,0,0,0,1,,Makeup,Makeup Palettes,,4,4.0,4.0
P219411,Flash Color Palette Multi-use Cream Color Palette,4028,MAKE UP FOR EVER,53311,4.4317,278.0,,Color,Artistic,,,99.0,,,0,0,1,0,1,,Makeup,Makeup Palettes,,0,,
P437364,Star Lit Diamond Powder,4028,MAKE UP FOR EVER,51702,4.4359,39.0,1.8 g /0.06 oz,Color,107,bronze,"['Calcium Sodium Borosilicate, Silica, Tin Oxide, [+/- : Ci 77491 (Iron Oxides), Ci 77891 (Titanium Dioxide) ].']",26.0,,,0,0,0,0,1,,Makeup,Eye,Eyeshadow,2,26.0,26.0
P460730,Aqua Resist Color Pencil Eyeliner,4028,MAKE UP FOR EVER,47839,4.1205,614.0,.042 oz / 0.5 g,Color,04  Sand,champagne,"['Trimethylsiloxysilicate, Mica, Synthetic Wax, Trisiloxane, Dimethicone, Ci 77891 (Titanium Dioxide), Cera Microcristallina (Microcrystalline Wax), C30-45 Alkyl Dimethicone, Calcium Aluminum Borosilicate, Phenylpropyldimethylsiloxysilicate, Polymethylsilsesquioxane, Ci 77491 (Iron Oxides), Silica, Polyhydroxystearic Acid, Ci 77492 (Iron Oxides), Ci 77000 (Aluminum Powder), Pentaerythrityl Tetra-Di-T-Butyl Hydroxyhydrocinnamate, Ci 42090 (Blue 1 Lake), Tin Oxide, Disteardimonium Hectorite, Propylene Carbonate, Dicalcium Phosphate, Ci 77400 (Bronze Powder), Synthetic Fluorphlogopite, Calcium Sodium Borosilicate.']",24.0,,,0,0,0,0,1,"['Long-wearing', 'Waterproof']",Makeup,Eye,Eyeliner,9,24.0,24.0
P417171,Ultra HD Microfinishing Pressed Powder,4028,MAKE UP FOR EVER,42291,3.9823,226.0,0.21 oz/ 6.2 g,Color,Translucent,for light to medium skin tones,"['Synthetic Fluorphlogopite, Polymethylsilsesquioxane, Dimethicone/Vinyl Dimethicone Crosspolymer, Silica, Dimethicone, Zinc Stearate, Phenyl Trimethicone, Phenoxyethanol, Isoceteth-10, Caprylyl Glycol, Nylon-12, Water, Benzyl Alcohol, Sodium Hyaluronate, Dehydroacetic Acid.']",39.0,,,0,0,0,0,1,,Makeup,Face,Setting Spray & Powder,3,39.0,23.0
P379925,Smoky Extravagant Mascara,4028,MAKE UP FOR EVER,40328,4.0931,1966.0,Standard Size Black - 0.23 oz/ 6.8 mL,Size,Standard Size Black - 0.23 oz/ 6.8 mL,,"['Water, Paraffin, Iron Oxides (Ci 77499), Polybutene, Cera Alba (Beeswax), Bis-Diglyceryl Polyacyladipate-2, Palmitic Acid, Stearic Acid, Triethanolamine, VP/Eicosene Copolymer, Acacia Senegal Gum, Copernicia Cerifera (Carnauba) Wax, Euphorbia Cerifera (Candelilla) Wax, Hydroxyethylcellulose, Silica, Phenoxyethanol, Crambe Abyssinica Seed Oil, Caprylyl Glycol, Butylene Glycol, Algin, Hydrolyzed Rhodophycea Extract, BHT, Serine.']",25.0,,,0,0,0,1,0,,Makeup,Eye,Mascara,0,,
P460729,Matte Velvet Skin High Coverage Multi-Use Concealer,4028,MAKE UP FOR EVER,39326,4.3733,584.0,0.3 oz/ 9 ml,Color,3.2,Sand - for medium skin neutral-yellow undertones,"['Dimethicone, Aqua (Water), Butylene Glycol, Bis Peg/Ppg 14/14 Dimethicone, Glycerin, Polymethyl Methacrylate, Silica, Dimethicone/Vinyl Dimethicone Crosspolymer, Polymethylsilsesquioxane, Trimethylsiloxysilicate, C30 45 Alkyl Dimethicone, Acrylates/Dimethicone Copolymer, Aluminum Hydroxide, Phenoxyethanol, Silica Dimethicone Silylate, Triethoxycaprylylsilane, Sodium Pca, Tocopheryl Acetate, Sodium Chloride, Sodium Dehydroacetate, Potassium Sorbate, Parfum (Fragrance), [+/-: Ci 19140 (Yellow 5, Yellow 5 Lake), Ci 42090 (Blue 1 Lake), Ci 77007 (Ultramarines), Ci 77163 (Bismuth Oxychloride), Ci 77491, Ci 77492, Ci 77499 (Iron Oxides), Ci 77891 (Titanium Dioxide)].']",30.0,,,0,0,0,0,1,"['Cream Formula', 'Long-wearing', 'Matte Finish', 'Full Coverage', 'Waterproof', 'Best for Oily, Combo, Normal Skin']",Makeup,Face,Concealer,21,30.0,30.0
P417172,Ultra HD Microfinishing Loose Powder,4028,MAKE UP FOR EVER,34374,3.7262,431.0,Standard Size Translucent - 0.29 oz/ 8.5 g,Size,Standard Size Translucent - 0.29 oz/ 8.5 g,Translucent,"['Silica, Phenoxyethanol, Vinyl Dimethicone/Methicone Silsesquioxane Crosspolymer.']",39.0,,,0,0,0,0,1,"['Loose Powder Formula', 'Good for: Pores', 'Matte Finish']",Makeup,Face,Setting Spray & Powder,1,20.0,20.0
P500323,Mini HD Skin Undetectable Longwear Foundation,4028,MAKE UP FOR EVER,34004,3.8684,38.0,0.04 oz / 12 mL,Color,1R02 Cool Alabaster,for fair skin tones with rosy undertones,"['Aqua (Water), Methyl Trimethicone, Alcohol, Isododecane, Butylene Glycol, Synthetic Fluorphlogopite, Cetyl Peg/Ppg-10/1 Dimethicone, Phenyl Trimethicone, Acrylates/Dimethicone Copolymer, Glycerin, Silica, Dimethicone, Disteardimonium Hectorite, Sorbitan Sesquioleate, Dimethicone Crosspolymer, Sodium Myristoyl Glutamate, Sodium Benzoate, Sodium Chloride, Vp/Va Copolymer, Propylene Carbonate, Parfum (Fragrance), Sodium Citrate, Hexadecene, Aluminum Hydroxide, Hydrogen Dimethicone, Glyceryl Undecyl Dimethicone, Tocopherol, Citric Acid, Phenethyl Alcohol, Saccharide Isomerate, Pentaerythrityl Tetra-Di-T-Butyl Hydroxyhydrocinnamate, [+/- Ci 77891 (Titanium Dioxide), Ci 77491, Ci 77492, Ci 77499 (Iron Oxides)].']",22.0,,,0,0,1,0,1,"['Natural Finish', 'Liquid Formula', 'Long-wearing', 'Waterproof', 'Medium Coverage', 'Best for Oily, Combo, Normal Skin']",Makeup,Face,Foundation,5,22.0,22.0
P504432,HD Skin Matte Velvet Undetectable Longwear Blurring Powder Foundation,4028,MAKE UP FOR EVER,33682,4.3464,511.0,0.3 oz / 11 g,Color,2Y30 Warm Sand,medium skin tones with yellow undertones,"['Synthetic Fluorphlogopite, Boron Nitride, Pentaerythrityl Tetraisostearate, Silica, Polymethyl Methacrylate, Alumina, Zinc Laurate, Methicone, Dimethicone, Caprylyl Glycol, Ethylhexylglycerin, Sodium Dehydroacetate, Aluminum Hydroxide, Hydrogen Dimethicone, Tocopherol, [+/- Ci 77491, Ci 77492, Ci 77499 (Iron Oxides), Ci 77891 (Titanium Dioxide), Ci 77163 (Bismuth Oxychloride)].']",43.0,,,0,1,0,0,0,"['Pressed Powder Formula', 'Matte Finish', 'Long-wearing', 'Full Coverage', 'Waterproof', 'Best for Oily, Combo, Normal Skin']",Makeup,Face,Foundation,31,43.0,43.0
P382443,250 Extra Fine Eyeliner Brush,4028,MAKE UP FOR EVER,31516,4.5664,113.0,,,,,,18.0,,,0,0,0,0,1,,Makeup,Brushes & Applicators,Eye Brushes,0,,
P171101,Sens’Eyes - Waterproof Sensitive Eye Cleanser,4028,MAKE UP FOR EVER,29284,4.3658,2231.0,Standard Size - 3.38 oz/ 100 mL,Size,Standard Size - 3.38 oz/ 100 mL,,"['Water, Isododecane, Methylpropanediol, Pentylene Glycol, Acrylates Copolymer, Tromethamine, Butylene Glycol, Glycerin, Caprylyl Glycol, Sodium Dehydroacetate, Disodium Edta, Panthenol, Mel Extract (Honey Extract), Sodium Lauryl Sulfate, Urea, Gossypium Herbaceum (Cotton) Flower Extract, Ci 42090 (Blue 1), Fructose, Glucose, Inositol, Sucrose, Trehalose, Arginine Hcl, Lysine Hcl, Ornithine Hcl, Sodium Lactate, Sodium Citrate.']",25.0,,,0,0,0,0,1,,Makeup,Accessories,Makeup Removers,1,13.0,13.0
P460731,Aqua Resist Smoky Eyeshadow Stick,4028,MAKE UP FOR EVER,27955,3.9661,59.0,.049 oz /1.4 g,Color,14 Solar,yellow gold,"['Isododecane, Synthetic Wax, Mica, Ci 77891 (Titanium Dioxide), Ethylene/Propylene Copolymer, Polymethylsilsesquioxane, Silica, Polybutene, Hydrogenated Polydicyclopentadiene, Synthetic Fluorphlogopite, Sucrose Tetrastearate Triacetate, Coco-Caprylate/Caprate, Oryza Sativa (Rice) Bran Wax, Synthetic Beeswax, Hydrogenated Castor Oil, Ci 77491 (Iron Oxides), Ci 77400 (Bronze Powder), Pentaerythrityl Tetra-Di-T-Butyl Hydroxyhydrocinnamate, Ci 77499 (Iron Oxides), Ci 75470 (Carmine), Tin Oxide.']",27.0,,,0,0,0,0,1,"['Long-wearing', 'Waterproof']",Makeup,Eye,Eyeshadow,10,27.0,27.0
P404776,Pro Sculpting Face Palette,4028,MAKE UP FOR EVER,26462,4.497,169.0,4 x 0.08 oz/ 2.27 g,Color,20,,"['Ethylhexyl Palmitate, Synthetic Fluorphlogopite, Dipentaerythrityl Hexahydroxystearate/Hexastearate/Hexarosinate, Synthetic Wax, Polyglyceryl-2 Triisostearate, Hydrogenated Polyisobutene, Sorbitan Sesquiisostearate, Methicone, Dimethicone, Copernicia Cerifera (Carnauba) Wax, Vinyl Dimethicone/Methicone Silsesquioxane Crosspolymer, Alumina, Tocopherol, Propanediol, Parfum (Fragrance), Aqua (Water), Sucrose Palmitate, Benzyl Benzoate, Evodia Rutaecarpa Fruit Extract, Tocopheryl Acetate, Glyceryl Linoleate, Benzyl Alcohol, Citric Acid, Potassium Sorbate, Sodium Hyaluronate, Tin Oxide, Bht, [+/- : Ci 19140 (Yellow 5, Yellow 5 Lake), Ci 42090 (Blue 1 Lake), Ci 77007 (Ultramarines), Ci 77163 (Bismuth Oxychloride), Ci 77491, Ci 77492, Ci 77499 (Iron Oxides), Ci 77891 (Titanium Dioxide)].']",45.0,,,0,0,0,1,1,,Makeup,Cheek,Cheek Palettes,0,,
P169812,Aqua Seal,4028,MAKE UP FOR EVER,25949,4.1444,374.0,0.4 oz/ 11 g,Size,0.4 oz/ 11 g,,"['Isododecane, Trimethylsiloxysilicate, Hydrogenated  Styrene/Methyl Styrene/Indene Copolymer, Hydrogenated Polyisobutene, Pentaerythrityl Tetra-Di-t-Butyl Hydroxyhydrocinnamate.']",21.0,,,0,0,0,0,1,,Makeup,Eye,Eye Primer,0,,
P476574,Ultra HD Matte Setting Powder,4028,MAKE UP FOR EVER,24849,4.4434,557.0,0.4 oz/ 11.5 g,Color,3.0 Golden Neutral,medium to tan skin tones with olive and golden undertones,"['Shade 1.0:', 'Solumdiatomeae(Diatomaceousearth), Zeamays(Corn)Starch, Kaolin, Silica, Caprylylglycol, Pentyleneglycol, Octyldodecylstearoylstearate, Dimethicone, Sodiumdehydroacetate, Diisostearylmalate, Tocopherylacetate, Sorbitansesquioleate, [+/-Ci77891(Titaniumdioxide), Ci77491, Ci77492(Ironoxides), Ci77007(Ultramarines), Ci19140(Yellow5Lake)]', 'Shade 2.0:', 'Solumdiatomeae(Diatomaceousearth), Zeamays(Corn)Starch, Kaolin, Silica, Caprylylglycol, Pentyleneglycol, Octyldodecylstearoylstearate, Dimethicone, Sodiumdehydroacetate, Diisostearylmalate, Tocopherylacetate, Sorbitansesquioleate, [+/-Ci77007(Ultramarines), Ci77891(Titaniumdioxide), Ci77491, Ci77492(Ironoxides), Ci19140(Yellow5Lake), Ci73360(Red30Lake)]', 'Shade 3.0:', 'Solumdiatomeae(Diatomaceousearth), Zeamays(Corn)Starch, Kaolin, Silica, Caprylylglycol, Pentyleneglycol, Octyldodecylstearoylstearate, Dimethicone, Sodiumdehydroacetate, Diisostearylmalate, Tocopherylacetate, Sorbitansesquioleate, [+/-Ci77491, Ci77492, Ci77499(Ironoxides), Ci77891(Titaniumdioxide), Ci19140(Yellow5Lake), Ci77007(Ultramarines), Ci15850(Red6)]', 'Shade 4.0:', 'Solumdiatomeae(Diatomaceousearth), Zeamays(Corn)Starch, Kaolin, Silica, Caprylylglycol, Pentyleneglycol, Octyldodecylstearoylstearate, Dimethicone, Sodiumdehydroacetate, Diisostearylmalate, Tocopherylacetate, Sorbitansesquioleate, [+/-Ci19140(Yellow5Lake), Ci77491, Ci77492, Ci77499(Ironoxides), Ci77891(Titaniumdioxide), Ci77007(Ultramarines), Ci73360(Red30Lake)]', 'Shade 5.0:', 'Zeamays(Corn)Starch, Solumdiatomeae(Diatomaceousearth), Kaolin, Silica, Caprylylglycol, Pentyleneglycol, Octyldodecylstearoylstearate, Dimethicone, Sodiumdehydroacetate, Diisostearylmalate, Tocopherylacetate, Sorbitansesquioleate, [+/-Ci77491, Ci77492, Ci77499(Ironoxides), Ci77007(Ultramarines), Ci19140(Yellow5Lake), Ci77891(Titaniumdioxide)]', 'Shade 6.0:', 'Zea Mays (Corn) Starch ,  Kaolin ,  Solum Diatomeae (Diatomaceous Earth) ,  Silica ,  Caprylyl Glycol ,  Pentylene Glycol ,  Octyldodecyl Stearoyl Stearate ,  Dimethicone ,  Sodium Dehydroacetate ,  Diisostearyl Malate ,  Tocopheryl Acetate ,  Sorbitan Sesquioleate ,  [+/-Ci 77491,  Ci 77492,  Ci 77499 (Iron Oxides) ,  Ci 77007 (Ultramarines) ,  Ci 19140 (Yellow 5 Lake) ,  Ci 77891 (Titanium Dioxide)]']",39.0,,,0,0,0,0,1,"['Loose Powder Formula', 'Matte Finish', 'Waterproof', 'Best for Oily, Combo, Normal Skin']",Makeup,Face,Setting Spray & Powder,5,39.0,39.0
P428677,Ultra HD Underpainting Color Correction Palette,4028,MAKE UP FOR EVER,23037,4.1087,46.0,,Color,25,light,"['Light Green:', 'Ethylhexyl Palmitate, Synthetic Fluorphlogopite, Dipentaerythrityl Hexahydroxystearate/Hexastearate/Hexarosinate, Synthetic Wax, Polyglyceryl-2 Triisostearate, Hydrogenated Polyisobutene, Sorbitan Sesquiisostearate, Dimethicone, Methicone, Copernicia Cerifera (Carnauba) Wax, Vinyl Dimethicone/Methicone Silsesquioxane Crosspolymer, Alumina, Tocopherol, Propanediol, Parfum (Fragrance), Aqua (Water), Benzyl Benzoate, Sucrose Palmitate, Evodia Rutaecarpa Fruit Extract, Tocopheryl Acetate, Glyceryl Linoleate, Benzyl Alcohol, Citric Acid, Potassium Sorbate, Tin Oxide, Bht, Sodium Hyaluronate, [+/- : Ci 19140 (Yellow 5, Yellow 5 Lake), Ci 42090 (Blue 1 Lake), Ci 77007 (Ultramarines), Ci 77163 (Bismuth Oxychloride), Ci 77491, Ci 77492, Ci 77499 (Iron Oxides), Ci 77891 (Titanium Dioxide) ].', 'Light Pink:', 'Ethylhexyl Palmitate, Synthetic Fluorphlogopite, Dipentaerythrityl Hexahydroxystearate/Hexastearate/Hexarosinate, Synthetic Wax, Polyglyceryl-2 Triisostearate, Hydrogenated Polyisobutene, Sorbitan Sesquiisostearate, Dimethicone, Methicone, Copernicia Cerifera (Carnauba) Wax, Vinyl Dimethicone/Methicone Silsesquioxane Crosspolymer, Alumina, Tocopherol, Propanediol, Parfum (Fragrance), Aqua (Water), Benzyl Benzoate, Sucrose Palmitate, Evodia Rutaecarpa Fruit Extract, Tocopheryl Acetate, Glyceryl Linoleate, Benzyl Alcohol, Citric Acid, Potassium Sorbate, Tin Oxide, Bht, Sodium Hyaluronate, [+/- : Ci 19140 (Yellow 5, Yellow 5 Lake), Ci 42090 (Blue 1 Lake), Ci 77007 (Ultramarines), Ci 77163 (Bismuth Oxychloride), Ci 77491, Ci 77492, Ci 77499 (Iron Oxides), Ci 77891 (Titanium Dioxide) ].', 'Y215:', 'Ethylhexyl Palmitate, Synthetic Fluorphlogopite, Dipentaerythrityl Hexahydroxystearate/Hexastearate/Hexarosinate, Synthetic Wax, Polyglyceryl-2 Triisostearate, Hydrogenated Polyisobutene, Sorbitan Sesquiisostearate, Dimethicone, Methicone, Copernicia Cerifera (Carnauba) Wax, Vinyl Dimethicone/Methicone Silsesquioxane Crosspolymer, Alumina, Tocopherol, Propanediol, Parfum (Fragrance), Aqua (Water), Benzyl Benzoate, Sucrose Palmitate, Evodia Rutaecarpa Fruit Extract, Tocopheryl Acetate, Glyceryl Linoleate, Benzyl Alcohol, Citric Acid, Potassium Sorbate, Tin Oxide, Bht, Sodium Hyaluronate, [+/- : Ci 19140 (Yellow 5, Yellow 5 Lake), Ci 42090 (Blue 1 Lake), Ci 77007 (Ultramarines), Ci 77163 (Bismuth Oxychloride), Ci 77491, Ci 77492, Ci 77499 (Iron Oxides), Ci 77891 (Titanium Dioxide) ].', 'Y245:', 'Ethylhexyl Palmitate, Synthetic Fluorphlogopite, Dipentaerythrityl Hexahydroxystearate/Hexastearate/Hexarosinate, Synthetic Wax, Polyglyceryl-2 Triisostearate, Hydrogenated Polyisobutene, Sorbitan Sesquiisostearate, Dimethicone, Methicone, Copernicia Cerifera (Carnauba) Wax, Vinyl Dimethicone/Methicone Silsesquioxane Crosspolymer, Alumina, Tocopherol, Propanediol, Parfum (Fragrance), Aqua (Water), Benzyl Benzoate, Sucrose Palmitate, Evodia Rutaecarpa Fruit Extract, Tocopheryl Acetate, Glyceryl Linoleate, Benzyl Alcohol, Citric Acid, Potassium Sorbate, Tin Oxide, Bht, Sodium Hyaluronate, [+/- : Ci 19140 (Yellow 5, Yellow 5 Lake), Ci 42090 (Blue 1 Lake), Ci 77007 (Ultramarines), Ci 77163 (Bismuth Oxychloride), Ci 77491, Ci 77492, Ci 77499 (Iron Oxides), Ci 77891 (Titanium Dioxide) ].']",42.0,,,0,0,0,0,1,,Makeup,Face,Color Correct,1,42.0,42.0
P440956,Ultra HD Invisible Cover Cream Foundation Palette,4028,MAKE UP FOR EVER,22356,4.186,43.0,12 x 0.1 oz/ 2.5 g Ultra HD Foundation,Size,12 x 0.1 oz/ 2.5 g Ultra HD Foundation,,"['Ethylhexyl Palmitate, Synthetic Fluorphlogopite, Dipentaerythrityl Hexahydroxystearate/Hexastearate/Hexarosinate, Synthetic Wax, Polyglyceryl-2 Triisostearate, Hydrogenated Polyisobutene, Sorbitan Sesquiisostearate, Methicone, Dimethicone, Copernicia Cerifera (Carnauba) Wax, Vinyl Dimethicone/Methicone Silsesquioxane Crosspolymer, Alumina, Tocopherol, Propanediol, Parfum (Fragrance), Aqua (Water), Sucrose Palmitate, Benzyl Benzoate, Evodia Rutaecarpa Fruit Extract, Tocopheryl Acetate, Glyceryl Linoleate, Benzyl Alcohol, Citric Acid, Potassium Sorbate, Sodium Hyaluronate, Tin Oxide, Bht, [+/- : Ci 19140 (Yellow 5, Yellow 5 Lake), Ci 42090 (Blue 1 Lake), Ci 77007 (Ultramarines), Ci 77163 (Bismuth Oxychloride), Ci 77491, Ci 77492, Ci 77499 (Iron Oxides), Ci 77891 (Titanium Dioxide) ].']",110.0,,,0,0,1,0,1,,Makeup,Face,Foundation,0,,
P425604,Mini Ultra HD Microfinishing Pressed Powder,4028,MAKE UP FOR EVER,21465,4.0968,62.0,0.07 oz/ 2 g,Color,Translucent,for light to medium skin tones,"['Synthetic Fluorphlogopite, Polymethylsilsesquioxane, Dimethicone/Vinyl Dimethicone Crosspolymer, Silica, Dimethicone, Zinc Stearate, Phenyl Trimethicone, Phenoxyethanol, Isoceteth-10, Caprylyl Glycol, Nylon-12, Aqua (Water), Benzyl Alcohol, Sodium Hyaluronate, Dehydroacetic Acid .']",23.0,,,0,0,0,0,1,,Mini Size,Makeup,,0,,
P468185,Step 1 Primer Color Corrector - Redness Corrector,4028,MAKE UP FOR EVER,19428,4.295,505.0,1 oz / 30 ml,Color,Redness Corrector,fair to light skin with redness,"['Aqua(Water), Methyl Trimethicone, Phenyl Trimethicone, Isododecane, Alcohol, Butylene Glycol, Glycerin, Cetyl Peg/Ppg-10/1 Dimethicone, Acrylates/Dimethicone Copolymer, Methyl Methacrylate Crosspolymer, Peg-9 Polydimethylsiloxyethyl Dimethicone, Alumina, Panthenol, Disteardimonium Hectorite, Parfum (Fragrance), Vinyl Dimethicone/Methicone Silsesquioxane Crosspolymer, Caprylyl Glycol, Propylene Carbonate, Sodium Benzoate, Sodium Myristoyl Glutamate, Ethyl Vanillin, Tin Oxide, Citric Acid, Sodium Citrate, Aluminum Hydroxide, Methicone, Pentaerythrityl Tetra-Di-T-Butyl Hydroxyhydrocinnamate, [+/- Ci 77891 (Titanium Dioxide), Ci 77007 (Ultramarines), Ci 77492 (Iron Oxides)].']",39.0,,,0,0,0,0,1,"['Good for: Dullness/Uneven Texture', 'Long-wearing']",Makeup,Face,Color Correct,1,20.0,20.0
P500992,Rouge Artist For Ever Matte 24HR Longwear Liquid Lipstick,4028,MAKE UP FOR EVER,19148,4.1005,209.0,0.17 oz / 4.5 g,Color,442 Everlasting Scarlet,crimson red,"['Isododecane, Polyglyceryl-2 Triisostearate, Silica, Disteardimonium Hectorite, Methyl Trimethicone, Trimethylsiloxysilicate, Diisostearyl Malate, Tricalcium Phosphate, Polybutene, Synthetic Fluorphlogopite, Kaolin, Tribehenin, Octyldodecanol, Polyglyceryl-2 Diisostearate, Propylene Carbonate, Sorbitan Isostearate, Vp/Hexadecene Copolymer, Parfum (Fragrance), Triethoxycaprylylsilane, Tocopheryl Acetate, Dehydroacetic Acid, Aqua (Water), Pentaerythrityl Tetra-Di-T-Butyl Hydroxyhydrocinnamate, [+/- Ci 45410 (Red 28 Lake), Ci 15985 (Yellow 6 Lake), Ci 77491 (Iron Oxides), Ci 15850 (Red 7 Lake), Ci 19140 (Yellow 5 Lake), Ci 42090 (Blue 1 Lake)].']",25.0,,,0,0,0,0,1,"['Liquid Formula', 'Matte Finish', 'Long-wearing', 'Waterproof', 'Full Coverage']",Makeup,Lip,Lipstick,9,25.0,25.0
P483474,Aqua Resist Color Ink 24HR Waterproof  Liquid Eyeliner,4028,MAKE UP FOR EVER,16234,3.7487,199.0,0.07 oz / 2ml,Color,1 Matte Charcoal,matte black,"['Trisiloxane, Isododecane, Acrylates/Polytrimethylsiloxymethacrylate Copolymer, Polyglyceryl-2 Sesquiisostearate, Disteardimonium Hectorite, Polybutene, Propylene Carbonate, Silica, [+/- Ci 77499 (Iron Oxides)].']",26.0,,,0,0,0,0,1,"['Liquid Formula', 'Long-wearing', 'Waterproof']",Makeup,Eye,Eyeliner,7,26.0,26.0
P382379,158 Double Ended Sculpting Brush,4028,MAKE UP FOR EVER,16231,4.5763,321.0,,,,,,53.0,,,0,0,0,0,1,,Makeup,Brushes & Applicators,Face Brushes,0,,
P422221,Mini Ultra HD Microfinishing Loose Powder,4028,MAKE UP FOR EVER,15982,3.5833,84.0,Mini Size Translucent - 0.14 oz/ 4 g,Size,Mini Size Translucent - 0.14 oz/ 4 g,Translucent,"['Silica, Phenoxyethanol, Vinyl Dimethicone/Methicone Silsesquioxane Crosspolymer.']",20.0,,,0,0,0,0,1,"['Loose Powder Formula', 'Good for: Pores', 'Matte Finish']",Mini Size,Makeup,,0,,
P382378,130 Large Powder Brush,4028,MAKE UP FOR EVER,15548,4.8511,94.0,,,,,,55.0,,,0,0,0,0,1,,Makeup,Brushes & Applicators,Face Brushes,0,,
P468191,Mini Step 1 Primer Pore Minimizer,4028,MAKE UP FOR EVER,14821,4.4144,263.0,0.5 oz / 15 ml,Color,Pore Minimizer,,"['Methyl Methacrylate Crosspolymer, Dimethicone, Cyclopentasiloxane, Diphenylsiloxy, Phenyl Trimethicone, Dimethicone/Vinyl Dimethicone Crosspolymer, Trimethylsiloxysilicate, Titanium Dioxide, Phenxyethanol, Silica Silylate, Parfum (Fragrance), Ci 77492 (Iron Oxides), Lepidium Meyenii Root Extract, Magnesium Carbonate, Maltodextrin, Polymethylsilsesquioxane, Aluminum Hydroxide, Tocopherol, Ci 77491 (Iron Oxides), Hydrogen Dimethicone, Ci 77499 (Iron Oxides), Aqua (Water).']",20.0,,,0,0,0,0,1,,Makeup,Mini Size,,0,,
P382399,216 Medium Precision Eye Blender Brush,4028,MAKE UP FOR EVER,14817,4.8367,49.0,,,,,,25.0,,,0,0,0,0,1,,Makeup,Brushes & Applicators,Eye Brushes,0,,
P387211,Professional Bag,4028,MAKE UP FOR EVER,14446,4.5102,49.0,"11"" H x 16"" W x 5"" L",,,,,125.0,,,0,0,1,0,0,,Tools & Brushes,Beauty Accessories,Makeup & Travel Cases,0,,
P468186,Color Correcting Step 1 Primers,4028,MAKE UP FOR EVER,12984,4.2937,504.0,1 oz / 30 ml,Color,Grayness reducer,tan to deep skin with dullness & uneven tone,"['Aqua (Water), Methyl Trmethicone,Dimethicone, Phenyl Trimethicone, Isododecane, Alcohol, Butylene Gylcol, Glycerin, Cetyl Peg/Ppg-10/1 Dimethicone, Acrylates/Dimethicone Copolymer, Alumina, Methyl Methacrylate Crosspolymer, Peg-9 Polydimethysiloxyethyl, Dimethicone, Pantehnol, Disteardimonium Hectorite, Parfum (Fragrance), Vinyl Dimethicone/Methicone Silsesquioxane Crosspolymer, Caprylyl Glycol, Propylene Carbonate, Maltodextrin, Sodium Myristoyl Glutamte, Tin Oxide, Aluminum Hydroxide, Citric Acid, Sodium Citrate, Pentaerythrityl Tetra-Di-T-Buty Hydroxyhydrocinnamate, [+/- Ci 77891 (Titanium Dioxide), Ci 77491, 77492, 77499 (Iron Oxides), Ci 73360 (Red 30 Lake)].']",39.0,,,0,0,0,0,1,"['Vegan', 'Good for: Dullness/Uneven Texture', 'Long-wearing']",Makeup,Face,Color Correct,3,39.0,39.0
P417174,Ultra HD Skin Booster,4028,MAKE UP FOR EVER,11657,4.0452,155.0,0.4 oz/ 12 mL,Size,0.4 oz/ 12 mL,,"['Water, Glycerin, Methylpropanediol, Butylene Glycol, Caprylic/Capric Glycerides Polyglyceryl-10 Esters, Pentylene Glycol, Xanthan Gum, Mannitol, Sclerotium Gum, Phenoxyethanol, Glyceryl Caprylate, Argania Spinosa Kernel Extract, Chlorphenesin, Panthenol, Sodium Cocoyl Glutamate, Fragrance, Biosaccharide Gum-1, Sodium Hyaluronate, Benzyl Benzoate, Carbomer, Benzyl Salicylate, Acetyl Tetrapeptide-9, Bht, Tocopherol.']",41.0,,,0,0,0,0,0,,Makeup,Face,Face Primer,0,,
P446310,MiniMist & Fix Hydrating Setting Spray,4028,MAKE UP FOR EVER,10239,3.7632,38.0,1.01 oz/ 30 mL,Size,1.01 oz/ 30 mL,,"['Aqua (Water), Methylpropanediol, Pentylene Glycol, Phenoxyethanol, Pvp, Ppg-26-Buteth-26, Peg-40 Hydrogenated Castor Oil, Parfum (Fragrance), Benzyl Benzoate, Maris Aqua (Sea Water), Tropaeolum Majus Extract, Benzyl Salicylate, Propanediol, Tromethamine, Ethylhexylglycerin, Bht, Porphyridium Cruentum Extract, Tocopherol.']",15.0,,,0,0,0,0,1,"['Hydrating', 'Long-wearing', 'Alcohol Free']",Mini Size,Makeup,,0,,
P468182,Step 1 Primer Pore Minimizer,4028,MAKE UP FOR EVER,9957,4.4844,225.0,1 oz / 30 ml,Color,Pore Minimizer,"for oily, normal, combination skin","['Methyl Methacrylate Crosspolymer, Dimethicone, Cyclopentasiloxane, Diphenylsiloxy, Phenyl Trimethicone, Dimethicone/Vinyl Dimethicone Crosspolymer, Trimethylsiloxysilicate, Titanium Dioxide, Phenxyethanol, Silica Silylate, Parfum (Fragrance), Ci 77492 (Iron Oxides), Lepidium Meyenii Root Extract, Magnesium Carbonate, Maltodextrin, Polymethylsilsesquioxane, Aluminum Hydroxide, Tocopherol, Ci 77491 (Iron Oxides), Hydrogen Dimethicone, Ci 77499 (Iron Oxides), Aqua (Water).']",39.0,,,0,0,0,0,1,"['Good for: Pores', 'Long-wearing', 'Best for Oily, Combo, Normal Skin']",Makeup,Face,Face Primer,1,20.0,20.0
P476549,Rouge Artist Shine On Lipstick,4028,MAKE UP FOR EVER,9649,4.0909,22.0,0.1 oz/ 3.2 g,Color,182 Jolly Blush,brown baby pink,"['Shade 130', 'Polyglyceryl-2 Triisostearate, Diisostearyl Malate, Jojoba Esters, Bis-Behenyl/Isostearyl/Phytosteryl Dimer Dilinoleyl Dimer Dilinoleate, Synthetic Wax, Isostearyl Hydroxystearate, Polyglyceryl-10 Decaisostearate, Simmondsia Chinensis (Jojoba) Seed Oil, Pentaerythrityl Tetraisostearate, Hydrogenated Styrene/Methylstyrene/Indene Copolymer, Hydrogenated Microcrystalline Wax, Trimethylolpropane Triisostearate, Ricinus Communis (Castor) Seed Oil, Ethylhexyl Palmitate, Cera Alba (Beeswax), Silica, Polyethylene, Disteardimonium Hectorite, Calcium Aluminum Borosilicate, Glass Beads, Parfum (Fragrance), Propylene Carbonate, Vaccinium Macrocarpon (Cranberry) Seed Oil, Pentaerythrityl Tetra-Di-T-Butyl Hydroxyhydrocinnamate, Trihydroxystearin, Propyl Gallate, Tocopherol, Sodium Hyaluronate, Glucomannan, Helianthus Annuus (Sunflower) Seed Oil, Rosmarinus Officinalis(Rosemary) Leaf Extract, [+/-Ci 12085 (Red 36, Red 36 Lake), Ci 15850 (Red 6, Red 7, Red 7 Lake), Ci 15985 (Yellow 6, Yellow 6 Lake), Ci 17200 (Red 33), Ci 19140 (Yellow 5, Yellow 5 Lake), Ci42090 (Blue 1, Blue 1 Lake), Ci 45380 (Red 21, Red 21 Lake, Red 22, Red 22 Lake), Ci 45410 (Red 27, Red 27 Lake, Red 28, Red 28 Lake), Ci 73360 (Red 30, Red 30 Lake), Ci 77163 (Bismuth Oxychloride), Ci 77491, Ci 77492, Ci 77499 (Iron Oxides), Ci 77742 (Manganese Violet), Ci 77891 (Titanium Dioxide)]', 'Shade 132', 'Polyglyceryl-2 Triisostearate, Diisostearyl Malate, Jojoba Esters, Bis-Behenyl/Isostearyl/Phytosteryl Dimer Dilinoleyl Dimer Dilinoleate, Isostearyl Hydroxystearate, Polyglyceryl-10 Decaisostearate, Simmondsia Chinensis (Jojoba) Seed Oil, Synthetic Wax, Pentaerythrityl Tetraisostearate, Hydrogenated Styrene/Methylstyrene/Indene Copolymer, Hydrogenated Microcrystalline Wax, Ricinus Communis (Castor) Seed Oil, Ethylhexyl Palmitate, Trimethylolpropane Triisostearate, Cera Alba (Beeswax), Silica,Polyethylene, Disteardimonium Hectorite, Calcium Aluminum Borosilicate, Glass Beads, Parfum (Fragrance), Propylene Carbonate, Vaccinium Macrocarpon (Cranberry) Seed Oil, Pentaerythrityl Tetra-Di-T-Butyl Hydroxyhydrocinnamate, Trihydroxystearin, Propyl Gallate, Tocopherol, Sodium Hyaluronate, Glucomannan, Helianthus Annuus (Sunflower) Seed Oil, Rosmarinus Officinalis (Rosemary) Leaf Extract, [+/-Ci 12085 (Red 36, Red 36 Lake), Ci 15850 (Red 6, Red 7, Red 7 Lake), Ci 15985 (Yellow 6, Yellow 6 Lake), Ci 17200 (Red 33), Ci 19140 (Yellow 5, Yellow 5 Lake), Ci 42090 (Blue 1, Blue 1 Lake), Ci 45380 (Red 21, Red 21 Lake, Red 22, Red 22 Lake), Ci 45410 (Red 27, Red 27 Lake, Red 28, Red 28 Lake), Ci 73360 (Red 30, Red 30 Lake), Ci 77163 (Bismuth Oxychloride), Ci 77491, Ci 77492, Ci 77499 (Iron Oxides),Ci77742 (Manganese Violet), Ci 77891 (Titanium Dioxide)]', 'Shade 134', 'Polyglyceryl-2 Triisostearate, Diisostearyl Malate, Jojoba Esters, Bis-Behenyl/Isostearyl/Phytosteryl Dimer Dilinoleyl Dimer Dilinoleate, Isostearyl Hydroxystearate, Polyglyceryl-10 Decaisostearate, Simmondsia Chinensis (Jojoba) Seed Oil, Synthetic Wax, Pentaerythrityl Tetraisostearate, Hydrogenated Styrene/Methylstyrene/Indene Copolymer, Hydrogenated Microcrystalline Wax, Ricinus Communis (Castor) Seed Oil, Ethylhexyl Palmitate, Trimethylolpropane Triisostearate, Cera Alba (Beeswax), Silica, Polyethylene, Disteardimonium Hectorite, Calcium Aluminum Borosilicate, Glass Beads, Parfum (Fragrance), Propylene Carbonate, Vaccinium Macrocarpon (Cranberry) Seed Oil, Pentaerythrityl Tetra-Di-T-Butyl Hydroxyhydrocinnamate, Trihydroxystearin, Propyl Gallate, Tocopherol, Sodium Hyaluronate, Glucomannan, Helianthus Annuus (Sunflower) Seed Oil, Rosmarinus Officinalis (Rosemary) Leaf Extract, [+/-Ci 12085 (Red 36, Red 36 Lake), Ci 15850 (Red 6, Red 7, Red 7 Lake), Ci 15985 (Yellow 6, Yellow 6 Lake), Ci 17200 (Red 33), Ci 19140 (Yellow 5, Yellow 5 Lake), Ci 42090 (Blue 1, Blue 1 Lake), Ci 45380 (Red 21, Red 21 Lake, Red 22, Red 22 Lake), Ci 45410 (Red 27, Red 27 Lake, Red 28, Red 28 Lake), Ci 73360 (Red 30, Red 30 Lake), Ci 77163 (Bismuth Oxychloride), Ci 77491, Ci 77492, Ci 77499 (Iron Oxides),Ci77742 (Manganese Violet), Ci 77891 (Titanium Dioxide)]', 'Shade 180', 'Polyglyceryl-2 Triisostearate, Diisostearyl Malate, Jojoba Esters, Bis-Behenyl/Isostearyl/Phytosteryl Dimer Dilinoleyl Dimer Dilinoleate, Synthetic Wax, Isostearyl Hydroxystearate, Polyglyceryl-10 Decaisostearate, Simmondsia Chinensis (Jojoba) Seed Oil, Pentaerythrityl Tetraisostearate, Hydrogenated Styrene/Methylstyrene/Indene Copolymer, Hydrogenated Microcrystalline Wax, Trimethylolpropane Triisostearate, Ricinus Communis (Castor) Seed Oil, Ethylhexyl Palmitate, Cera Alba (Beeswax), Silica, Polyethylene, Disteardimonium Hectorite, Calcium Aluminum Borosilicate, Glass Beads, Parfum (Fragrance), Propylene Carbonate, Vaccinium Macrocarpon (Cranberry) Seed Oil, Pentaerythrityl Tetra-Di-T-Butyl Hydroxyhydrocinnamate, Trihydroxystearin, Propyl Gallate, Tocopherol, Sodium Hyaluronate, Glucomannan, Helianthus Annuus (Sunflower) Seed Oil, Rosmarinus Officinalis(Rosemary) Leaf Extract, [+/-Ci 12085 (Red 36, Red 36 Lake), Ci 15850 (Red 6, Red 7, Red 7 Lake), Ci 15985 (Yellow 6, Yellow 6 Lake), Ci 17200 (Red 33), Ci 19140 (Yellow 5, Yellow 5 Lake), Ci42090 (Blue 1, Blue 1 Lake), Ci 45380 (Red 21, Red 21 Lake, Red 22, Red 22 Lake), Ci 45410 (Red 27, Red 27 Lake, Red 28, Red 28 Lake), Ci 73360 (Red 30, Red 30 Lake), Ci 77163 (Bismuth Oxychloride), Ci 77491, Ci 77492,Ci77499 (Iron Oxides), Ci 77742 (Manganese Violet), Ci 77891 (Titanium Dioxide)]', 'Shade 182', 'Polyglyceryl-2 Triisostearate, Diisostearyl Malate, Jojoba Esters, Bis-Behenyl/Isostearyl/Phytosteryl Dimer Dilinoleyl Dimer Dilinoleate, Isostearyl Hydroxystearate, Polyglyceryl-10 Decaisostearate, Simmondsia Chinensis (Jojoba) Seed Oil, Synthetic Wax, Pentaerythrityl Tetraisostearate, Hydrogenated Styrene/Methylstyrene/Indene Copolymer, Hydrogenated Microcrystalline Wax, Trimethylolpropane Triisostearate, Ricinus Communis (Castor) Seed Oil, Ethylhexyl Palmitate, Cera Alba (Beeswax), Silica,Polyethylene, Disteardimonium Hectorite, Calcium Aluminum Borosilicate, Glass Beads, Parfum (Fragrance), Propylene Carbonate, Vaccinium Macrocarpon (Cranberry) Seed Oil, Pentaerythrityl Tetra-Di-T-Butyl Hydroxyhydrocinnamate, Trihydroxystearin, Propyl Gallate, Tocopherol, Sodium Hyaluronate, Glucomannan, Helianthus Annuus (Sunflower) Seed Oil, Rosmarinus Officinalis (Rosemary) Leaf Extract, [+/-Ci 12085 (Red 36, Red 36 Lake), Ci 15850 (Red 6, Red 7, Red 7 Lake), Ci 15985 (Yellow 6, Yellow 6 Lake), Ci 17200 (Red 33), Ci 19140 (Yellow 5, Yellow 5 Lake), Ci 42090 (Blue 1, Blue 1 Lake), Ci 45380 (Red 21, Red 21 Lake, Red 22, Red 22 Lake), Ci 45410 (Red 27, Red 27 Lake, Red 28, Red 28 Lake), Ci 73360 (Red 30, Red 30 Lake), Ci 77163 (Bismuth Oxychloride), Ci 77491, Ci 77492, Ci 77499 (Iron Oxides),Ci77742 (Manganese Violet), Ci 77891 (Titanium Dioxide)]', 'Shade 184', 'Polyglyceryl-2 Triisostearate, Diisostearyl Malate, Jojoba Esters, Bis-Behenyl/Isostearyl/Phytosteryl Dimer Dilinoleyl Dimer Dilinoleate, Isostearyl Hydroxystearate, Polyglyceryl-10 Decaisostearate, Simmondsia Chinensis (Jojoba) Seed Oil, Synthetic Wax, Pentaerythrityl Tetraisostearate, Hydrogenated Styrene/Methylstyrene/Indene Copolymer, Trimethylolpropane Triisostearate, Hydrogenated Microcrystalline Wax, Ricinus Communis (Castor) Seed Oil, Ethylhexyl Palmitate, Cera Alba (Beeswax), Silica, Polyethylene, Disteardimonium Hectorite, Calcium Aluminum Borosilicate, Glass Beads, Parfum (Fragrance), Propylene Carbonate, Vaccinium Macrocarpon (Cranberry) Seed Oil, Pentaerythrityl Tetra-Di-T-Butyl Hydroxyhydrocinnamate, Trihydroxystearin, Propyl Gallate, Tocopherol, Sodium Hyaluronate, Glucomannan, Helianthus Annuus (Sunflower) Seed Oil, Rosmarinus Officinalis (Rosemary) Leaf Extract, [+/-Ci 12085 (Red 36, Red 36 Lake), Ci 15850 (Red 6, Red 7, Red 7 Lake), Ci 15985 (Yellow 6, Yellow 6 Lake), Ci 17200 (Red 33), Ci 19140 (Yellow 5, Yellow 5 Lake), Ci 42090 (Blue 1, Blue 1 Lake), Ci 45380 (Red 21, Red 21 Lake, Red 22, Red 22 Lake), Ci 45410 (Red 27, Red 27 Lake, Red 28, Red 28 Lake), Ci 73360 (Red 30, Red 30 Lake), Ci 77163 (Bismuth Oxychloride), Ci 77491, Ci 77492, Ci 77499 (Iron Oxides),Ci77742 (Manganese Violet), Ci 77891 (Titanium Dioxide)]', 'Shade 234', 'Polyglyceryl-2 Triisostearate, Diisostearyl Malate, Jojoba Esters, Bis-Behenyl/Isostearyl/Phytosteryl Dimer Dilinoleyl Dimer Dilinoleate, Isostearyl Hydroxystearate, Polyglyceryl-10 Decaisostearate, Simmondsia Chinensis (Jojoba) Seed Oil, Synthetic Wax, Trimethylolpropane Triisostearate, Pentaerythrityl Tetraisostearate, Hydrogenated Styrene/Methylstyrene/Indene Copolymer, Hydrogenated Microcrystalline Wax, Ricinus Communis (Castor) Seed Oil, Ethylhexyl Palmitate, Cera Alba (Beeswax), Silica, Polyethylene, Disteardimonium Hectorite, Calcium Aluminum Borosilicate, Glass Beads, Parfum (Fragrance), Propylene Carbonate, Vaccinium Macrocarpon (Cranberry) Seed Oil, Pentaerythrityl Tetra-Di-T-Butyl Hydroxyhydrocinnamate, Trihydroxystearin, Propyl Gallate, Tocopherol, Sodium Hyaluronate, Glucomannan, Helianthus Annuus (Sunflower) Seed Oil, Rosmarinus Officinalis (Rosemary) Leaf Extract, [+/-Ci 12085 (Red 36, Red 36 Lake), Ci 15850 (Red 6, Red 7, Red 7 Lake), Ci 15985 (Yellow 6, Yellow 6 Lake), Ci 17200 (Red 33), Ci 19140 (Yellow 5, Yellow 5 Lake), Ci 42090 (Blue 1, Blue 1 Lake),Ci 45380 (Red 21, Red 21 Lake, Red 22, Red 22 Lake), Ci 45410 (Red 27, Red 27 Lake, Red 28, Red 28 Lake), Ci 73360 (Red 30, Red 30 Lake), Ci 77163 (Bismuth Oxychloride), Ci 77491, Ci 77492, Ci 77499 (Iron Oxides), Ci 77742 (Manganese Violet), Ci 77891 (Titanium Dioxide)]', 'Shade 238', 'Polyglyceryl-2 Triisostearate, Diisostearyl Malate, Jojoba Esters, Bis-Behenyl/Isostearyl/Phytosteryl Dimer Dilinoleyl Dimer Dilinoleate, Trimethylolpropane Triisostearate, Isostearyl Hydroxystearate, Polyglyceryl-10 Decaisostearate, Simmondsia Chinensis (Jojoba) Seed Oil, Synthetic Wax, Pentaerythrityl Tetraisostearate, Hydrogenated Styrene/Methylstyrene/Indene Copolymer, Hydrogenated Microcrystalline Wax, Ricinus Communis (Castor) Seed Oil, Ethylhexyl Palmitate, Cera Alba (Beeswax), Silica, Polyethylene, Disteardimonium Hectorite, Calcium Aluminum Borosilicate, Glass Beads, Parfum (Fragrance), Propylene Carbonate, Vaccinium Macrocarpon (Cranberry) Seed Oil, Pentaerythrityl Tetra-Di-T-Butyl Hydroxyhydrocinnamate, Trihydroxystearin, Propyl Gallate, Tocopherol, Sodium Hyaluronate, Glucomannan, Helianthus Annuus (Sunflower) Seed Oil, Rosmarinus Officinalis (Rosemary) Leaf Extract, [+/-Ci 12085 (Red 36, Red 36 Lake), Ci 15850 (Red 6, Red 7, Red 7 Lake), Ci 15985 (Yellow 6, Yellow 6 Lake), Ci 17200 (Red 33), Ci 19140 (Yellow 5, Yellow 5 Lake), Ci 42090 (Blue 1, Blue 1 Lake), Ci 45380 (Red 21, Red 21 Lake, Red 22, Red 22 Lake), Ci 45410 (Red 27, Red 27 Lake, Red 28, Red 28 Lake), Ci 73360 (Red 30, Red 30 Lake), Ci 77163 (Bismuth Oxychloride), Ci 77491, Ci 77492, Ci 77499 (Iron Oxides), Ci 77742 (Manganese Violet), Ci 77891 (Titanium Dioxide)]', 'Shade 332', 'Polyglyceryl-2 Triisostearate, Diisostearyl Malate, Jojoba Esters, Bis-Behenyl/Isostearyl/Phytosteryl Dimer Dilinoleyl Dimer Dilinoleate, Isostearyl Hydroxystearate, Polyglyceryl-10 Decaisostearate, Simmondsia Chinensis (Jojoba) Seed Oil, Synthetic Wax, Pentaerythrityl Tetraisostearate, Hydrogenated Styrene/Methylstyrene/Indene Copolymer, Trimethylolpropane Triisostearate, Hydrogenated Microcrystalline Wax, Ricinus Communis (Castor) Seed Oil, Ethylhexyl Palmitate, Cera Alba (Beeswax), Silica, Polyethylene, Disteardimonium Hectorite, Calcium Aluminum Borosilicate, Glass Beads, Parfum (Fragrance), Propylene Carbonate, Vaccinium Macrocarpon (Cranberry) Seed Oil, Pentaerythrityl Tetra-Di-T-Butyl Hydroxyhydrocinnamate, Trihydroxystearin, Propyl Gallate, Tocopherol, Sodium Hyaluronate, Glucomannan, Helianthus Annuus (Sunflower) Seed Oil, Rosmarinus Officinalis(Rosemary) Leaf Extract, [+/-Ci 12085 (Red 36, Red 36 Lake), Ci 15850 (Red 6, Red 7, Red 7 Lake), Ci 15985 (Yellow 6, Yellow 6 Lake), Ci 17200 (Red 33), Ci 19140 (Yellow 5, Yellow 5 Lake), Ci42090 (Blue 1, Blue 1 Lake), Ci 45380 (Red 21, Red 21 Lake, Red 22, Red 22 Lake), Ci 45410 (Red 27, Red 27 Lake, Red 28, Red 28 Lake), Ci 73360 (Red 30, Red 30 Lake), Ci 77163 (Bismuth Oxychloride), Ci 77491, Ci 77492,Ci77499 (Iron Oxides), Ci 77742 (Manganese Violet), Ci 77891 (Titanium Dioxide)]', 'Shade 338', 'Polyglyceryl-2 Triisostearate, Diisostearyl Malate, Jojoba Esters, Bis-Behenyl/Isostearyl/Phytosteryl Dimer Dilinoleyl Dimer Dilinoleate, Isostearyl Hydroxystearate, Polyglyceryl-10 Decaisostearate, Simmondsia Chinensis (Jojoba) Seed Oil, Synthetic Wax, Pentaerythrityl Tetraisostearate, Hydrogenated Styrene/Methylstyrene/Indene Copolymer, Hydrogenated Microcrystalline Wax, Trimethylolpropane Triisostearate, Ricinus Communis (Castor) Seed Oil, Ethylhexyl Palmitate, Cera Alba (Beeswax), Silica, Polyethylene, Disteardimonium Hectorite, Calcium Aluminum Borosilicate, Glass Beads, Parfum (Fragrance), Propylene Carbonate, Vaccinium Macrocarpon (Cranberry) Seed Oil, Pentaerythrityl Tetra-Di-T-Butyl Hydroxyhydrocinnamate, Trihydroxystearin, Propyl Gallate, Tocopherol, Sodium Hyaluronate, Glucomannan, Helianthus Annuus (Sunflower) Seed Oil, Rosmarinus Officinalis(Rosemary) Leaf Extract, [+/-Ci 12085 (Red 36, Red 36 Lake), Ci 15850 (Red 6, Red 7, Red 7 Lake), Ci 15985 (Yellow 6, Yellow 6 Lake), Ci 17200 (Red 33), Ci 19140 (Yellow 5, Yellow 5 Lake), Ci42090 (Blue 1, Blue 1 Lake), Ci 45380 (Red 21, Red 21 Lake, Red 22, Red 22 Lake), Ci 45410 (Red 27, Red 27 Lake, Red 28, Red 28 Lake), Ci 73360 (Red 30, Red 30 Lake), Ci 77163 (Bismuth Oxychloride), Ci 77491, Ci 77492, Ci 77499 (Iron Oxides), Ci 77742 (Manganese Violet), Ci 77891 (Titanium Dioxide)]', 'Shade 432', 'Diisostearyl Malate, Polyglyceryl-2 Triisostearate, Jojoba Esters, Bis-Behenyl/Isostearyl/Phytosteryl Dimer Dilinoleyl Dimer Dilinoleate, Synthetic Wax, Isostearyl Hydroxystearate, Polyglyceryl-10 Decaisostearate, Simmondsia Chinensis (Jojoba) Seed Oil, Trimethylolpropane Triisostearate, Pentaerythrityl Tetraisostearate, Hydrogenated Styrene/Methylstyrene/Indene Copolymer, Hydrogenated Microcrystalline Wax, Ricinus Communis (Castor) Seed Oil, Ethylhexyl Palmitate, Cera Alba (Beeswax), Silica, Polyethylene,Disteardimonium Hectorite, Calcium Aluminum Borosilicate, Glass Beads, Parfum (Fragrance), Propylene Carbonate, Vaccinium Macrocarpon (Cranberry) Seed Oil, Pentaerythrityl Tetra-Di-T-Butyl Hydroxyhydrocinnamate, Trihydroxystearin, Propyl Gallate, Tocopherol, Sodium Hyaluronate, Glucomannan, Helianthus Annuus (Sunflower) Seed Oil, Rosmarinus Officinalis (Rosemary) Leaf Extract, [+/-Ci 12085 (Red 36, Red 36 Lake), Ci 15850 (Red 6, Red 7, Red 7 Lake), Ci 15985 (Yellow 6, Yellow 6 Lake), Ci 17200 (Red 33), Ci 19140 (Yellow 5, Yellow 5 Lake), Ci 42090 (Blue 1, Blue 1 Lake), Ci 45380 (Red 21, Red 21 Lake, Red 22, Red 22 Lake), Ci 45410 (Red 27, Red 27 Lake, Red 28, Red 28 Lake), Ci 73360 (Red 30, Red 30 Lake), Ci 77163 (Bismuth Oxychloride), Ci 77491, Ci 77492, Ci 77499 (Iron Oxides), Ci 77742 (Manganese Violet), Ci 77891 (Titanium Dioxide)]', 'Shade 436', 'Polyglyceryl-2 Triisostearate, Diisostearyl Malate, Jojoba Esters, Bis-Behenyl/Isostearyl/Phytosteryl Dimer Dilinoleyl Dimer Dilinoleate, Synthetic Wax, Isostearyl Hydroxystearate, Polyglyceryl-10 Decaisostearate, Simmondsia Chinensis (Jojoba) Seed Oil, Trimethylolpropane Triisostearate, Pentaerythrityl Tetraisostearate, Hydrogenated Styrene/Methylstyrene/Indene Copolymer, Hydrogenated Microcrystalline Wax, Ricinus Communis (Castor) Seed Oil, Ethylhexyl Palmitate, Cera Alba (Beeswax), Silica, Polyethylene, Disteardimonium Hectorite, Calcium Aluminum Borosilicate, Glass Beads, Parfum (Fragrance), Propylene Carbonate, Vaccinium Macrocarpon (Cranberry) Seed Oil, Pentaerythrityl Tetra-Di-T-Butyl Hydroxyhydrocinnamate, Trihydroxystearin, Propyl Gallate, Tocopherol, Sodium Hyaluronate, Glucomannan, Helianthus Annuus (Sunflower) Seed Oil, Rosmarinus Officinalis (Rosemary) Leaf Extract, [+/-Ci 12085 (Red 36, Red 36 Lake), Ci 15850 (Red 6, Red 7, Red 7 Lake), Ci 15985 (Yellow 6, Yellow 6 Lake), Ci 17200 (Red 33), Ci 19140 (Yellow 5, Yellow 5 Lake), Ci 42090 (Blue 1, Blue 1 Lake), Ci 45380 (Red 21, Red 21 Lake, Red 22, Red 22 Lake), Ci 45410 (Red 27, Red 27 Lake, Red 28, Red 28 Lake), Ci 73360 (Red 30, Red 30 Lake), Ci 77163 (Bismuth Oxychloride), Ci 77491, Ci 77492, Ci 77499 (Iron Oxides), Ci 77742 (Manganese Violet), Ci 77891 (Titanium Dioxide)]']",25.0,,,0,0,0,0,1,"['Hyaluronic Acid', 'High Shine Finish', 'Hydrating']",Makeup,Lip,Lipstick,11,25.0,25.0
P468193,Mini Step 1 Primer Hydra Booster,4028,MAKE UP FOR EVER,9473,4.467,227.0,0.5 oz / 15 ml,Color,Hydra Booster,,"['Aqua(Water), Methyl Trimethicone, Phenyl Trimethicone, Isododecane, Alcohol, Dimethicone, Peg-9 Polydimethysiloxyethyl Dimethicone, Butylene Glycol, Glycerin, Acrylates/Dimethicone Copolymer, Vinyl Dimethicone/Methicone Silsesquioxane Crosspolymer, Synthetic Fluorphlogopite, Disteardimonium Hectorite, Parfum(Fragrance), Caprylyl Glycol, Propylene Carbonate, Lecithin, Sodium Benzoate, Sodium Chloride, Lepidium Meyenii Root Extract, Maltodextrin, Silica, Citric Acid, Sodium Citrate, Tin Oxide, [+/- Ci 77163 (Bismuth Oxychloride), Ci 77891 (Titanium Dioxide), Ci 77491 (Iron Oxides), Ci 15850 (Red 7 Lake)].']",20.0,,,0,0,0,0,1,,Makeup,Mini Size,,0,,
P422218,Mini Sens’Eyes - Waterproof Sensitive Eye Cleanser,4028,MAKE UP FOR EVER,8613,3.6395,86.0,Mini Size - 1.01 oz/ 30 mL,Size,Mini Size - 1.01 oz/ 30 mL,,"['Water, Isododecane, Methylpropanediol, Pentylene Glycol, Acrylates Copolymer, Tromethamine, Butylene Glycol, Glycerin, Caprylyl Glycol, Sodium Dehydroacetate, Disodium EDTA, Panthenol, Honey Extract, Sodium Lauryl Sulfate, Urea, Gossypium Herbaceum (Cotton) Flower Extract, Blue 1 (Ci 42090), Fructose, Glucose, Inositol, Sucrose, Trehalose, Arginine HCL, Lysine HCL, Ornithine HCL, Sodium Lactate, Sodium Citrate.']",13.0,,,0,0,0,1,1,,Mini Size,Makeup,,0,,
P382404,274 Double Ended Eyebrow Brush,4028,MAKE UP FOR EVER,8449,4.234,94.0,,,,,,28.0,,,0,0,0,0,0,,Makeup,Brushes & Applicators,Eye Brushes,0,,
P382377,126 Medium Powder Brush,4028,MAKE UP FOR EVER,8336,4.5,16.0,,,,,,55.0,,27.5,0,0,0,1,0,,Makeup,Brushes & Applicators,Face Brushes,0,,
P428676,Ultra HD Soft Light Liquid Highlighter,4028,MAKE UP FOR EVER,8166,4.3239,71.0,0.4 oz/ 12 mL,Color,30,golden champagne,"['Aqua (Water), Dimethicone, Caprylyl Methicone, Isododecane, Synthetic Fluorphlogopite, Peg-10 Dimethicone, Butylene Glycol, Alcohol Denat., Dimethicone/Vinyl Dimethicone Crosspolymer, Pentylene Glycol, Disteardimonium Hectorite, Sodium Chloride, Phenoxyethanol, Triethoxycaprylylsilane, Ethylhexylglycerin, Propylene Carbonate, Tin Oxide, Parfum (Fragrance), Benzyl Benzoate, Linalool, Tocopherol, Bht, [+/- : Ci 77491 (Iron Oxides), Ci 77891 (Titanium Dioxide) ].']",29.0,,,0,0,0,0,0,,Makeup,Face,Highlighter,3,29.0,29.0
P382383,124 Powder Kabuki Brush,4028,MAKE UP FOR EVER,8166,4.8222,45.0,,,,,,52.0,,,0,0,0,0,1,,Makeup,Brushes & Applicators,Face Brushes,0,,
P454975,Buffing Foundation Brush 112,4028,MAKE UP FOR EVER,8051,4.85,20.0,,,,,,43.0,,,1,0,1,0,1,,Makeup,Brushes & Applicators,Face Brushes,0,,
P382431,226 Medium Eye Shader Brush,4028,MAKE UP FOR EVER,8048,4.6154,26.0,,,,,,25.0,,,0,0,0,0,1,,Makeup,Brushes & Applicators,Eye Brushes,0,,
P454728,Mini Light Velvet Air Shine-Control Refreshing Spray,4028,MAKE UP FOR EVER,7829,4.0323,31.0,1.01 fl oz/ 30 mL,Size,1.01 fl oz/ 30 mL,,"['Aqua (Water), Dimethicone/Vinyl Dimethicone Crosspolymer, Pentylene Glycol, Aloe Barbadensis Leaf Juice, Hydrogenated Starch Hydrolysate, Amp-Acrylates/Allylmethacrylate Copolymer, Phenoxyethanol, Silica, Trideceth-9, Butylene Glycol, Peg-40 Hydrogenated Castor Oil, Parfum (Fragrance), Lens Esculenta (Lentil) Fruit Extract, Panthenol, Benzyl Benzoate, Benzyl Salicylate, Ethylhexyglycerin, Propanediol, Polysorbate 20, Citric Acid, Alcohol, Potassium Sorbate, Limonene, Sodium Benzoate, BHT, Tocopherol, Iris Florentina Root Extract, Retinyl Palmitate, Zinc Sulfate.']",15.0,,,0,0,0,0,1,,Makeup,Face,Setting Spray & Powder,0,,
P382409,160 Blush Brush,4028,MAKE UP FOR EVER,7772,4.5357,28.0,,,,,,45.0,,,0,0,0,0,1,,Makeup,Brushes & Applicators,Face Brushes,0,,
P468192,Mini Step 1 Primer Shine Control,4028,MAKE UP FOR EVER,7576,3.9444,252.0,0.5 oz / 15 ml,Color,Shine Control,,"['Aqua (Water), Magnesium Aluminum Silicate, Pentylene Glycol, Parfum (Fragrance), Tocopheryl Acetate, Chlorphenesin, Lepidium Meyenii Root Extract, Maltodextrin, Lactic Acid.']",20.0,,,0,0,0,0,1,,Makeup,Mini Size,,0,,
P382438,156 Large Flat Blush Brush,4028,MAKE UP FOR EVER,7109,4.25,28.0,,,,,,37.0,,,0,0,0,0,0,,Makeup,Brushes & Applicators,Face Brushes,0,,
P468184,Step 1 Primer Hydra Booster,4028,MAKE UP FOR EVER,6677,4.4902,204.0,1 oz / 30 ml,Color,Hydra Booster,"for dry, normal, combination skin","['Aqua(Water), Methyl Trimethicone, Phenyl Trimethicone, Isododecane, Alcohol, Dimethicone, Peg-9 Polydimethysiloxyethyl Dimethicone, Butylene Glycol, Glycerin, Acrylates/Dimethicone Copolymer, Vinyl Dimethicone/Methicone Silsesquioxane Crosspolymer, Synthetic Fluorphlogopite, Disteardimonium Hectorite, Parfum(Fragrance), Caprylyl Glycol, Propylene Carbonate, Lecithin, Sodium Benzoate, Sodium Chloride, Lepidium Meyenii Root Extract, Maltodextrin, Silica, Citric Acid, Sodium Citrate, Tin Oxide, [+/- Ci 77163 (Bismuth Oxychloride), Ci 77891 (Titanium Dioxide), Ci 77491 (Iron Oxides), Ci 15850 (Red 7 Lake)].']",39.0,,,0,0,0,0,1,"['Hydrating', 'Good for: Dryness', 'Best for Dry, Combo, Normal Skin']",Makeup,Face,Face Primer,1,20.0,20.0
P502974,Supreme Nude Lips Rouge Artist Lipstick Duo,4028,MAKE UP FOR EVER,6550,4.5714,7.0,2 x 0.113 oz / 3.2 g,Color,,,"['112 Chic Brick:', 'Hydrogenated Polydecene, Octyldodecanol, Dimethicone/Vinyl Dimethicone Crosspolymer, Nails, Polybutene, Euphorbia Cerifera (Candelilla) Wax, Silica, Synthetic Fluorphlogopite, Disteardimonium Hectorite, Bentonite, Propylene Carbonate, Sodium Myristoyl Glutamate, Perfume (Fragrance), Olive Oil Decyl Esters, Camellia Oleifera Seed Oil, Citric Acid, Glycerin, Hydrated Silica, Aqua (Water), Aluminum Hydroxide, Lecithin, Lactic Acid, Squalene, Limonene, Chlorella Vulgaris Extract, Linalool, Maris Sal (Sea Ciopher Salt), +/-: Toctic Acid 15850 (Red 6, Red 7, Red 7 Lake), Ci 42090 (Blue 1, Blue 1 Lake), Ci 77491, Ci 77492, Ci 77499 (Iron Oxides), Ci 77891 (Titanium Dioxide)].', '164 Sassy Rhubarb:', 'Hydrogenated Polydecene, Octyldodecanol, Dimethicone/Vinyl Dimethicone Crosspolymer, Nails, Euphorbia Cerifera (Candelilla) Wax, Polybutene, Silica, Synthetic Fluorphlogopite, Disteardimonium Hectorite, Bentonite, Propylene Carbonate, Sodium Myristoyl Glutamate, Perfume (Fragrance), Lecithin, Olive Oil Decyl Esters, Camellia Oleifera Seed Oil, Citric Acid, Glycerin, Hydrated Silica, Aqua (Water), Aluminum Hydroxide, Lactic Acid, Squalene, Limonene, Chlorella Vulgaris Extract, Linalool, Maris Sal (Sea Ciol), +/-: Tocopher 15850 (Red 6, Red 7, Red 7 Lake), Ci 19140 (Yellow 5, Yellow 5 Lake), Ci 42090 (Blue 1, Blue 1 Lake), Ci 77491, Ci 77492, Ci 77499 (Iron Oxides), Ci 77891 (Titanium Dioxide)].']",29.0,50.0,15.0,1,0,0,1,0,"['Satin Finish', 'Hydrating', 'Long-wearing']",Makeup,Lip,Lipstick,0,,
P386652,Aqua Smoky Extravagant Waterproof Mascara,4028,MAKE UP FOR EVER,6297,2.8291,357.0,0.23 oz/ 6.8 mL,Color,Black,,"['Isododecane, Cera Alba (Beeswax), Water, Iron Oxides (Ci 77499), Euphorbia Cerifera (Candelilla) Wax, Copernicia Cerifera (Carnauba) Wax, Disteardimonium Hectorite, Glyceryl Hydrogenated Rosinate, Polybutene, VP/Eicosene Copolymer, Sorbitan Isostearate, Ozokerite, PEG-2 Hydrogenated Castor Oil, Phenoxyethanol, Hydrogenated Castor Oil, Propylene Carbonate, Hydroxyethylcellulose, Ethylene/Propylene/Styrene Copolymer, Panthenol, Butylene/Ethylene/Styrene Copolymer, Hydrolyzed Rhodophycea Extract, BHT.']",25.0,,,0,0,0,0,0,,Makeup,Eye,Mascara,0,,
P454727,Light Velvet Air Shine-Control Refreshing Spray,4028,MAKE UP FOR EVER,6206,4.0566,53.0,3.38 fl oz/ 100 mL,Size,3.38 fl oz/ 100 mL,,"['Aqua (Water), Dimethicone/Vinyl Dimethicone Crosspolymer, Pentylene Glycol, Aloe Barbadensis Leaf Juice, Hydrogenated Starch Hydrolysate, Amp-Acrylates/Allylmethacrylate Copolymer, Phenoxyethanol, Silica, Trideceth-9, Butylene Glycol, Peg-40 Hydrogenated Castor Oil, Parfum (Fragrance), Lens Esculenta (Lentil) Fruit Extract, Panthenol, Benzyl Benzoate, Benzyl Salicylate, Ethylhexyglycerin, Propanediol, Polysorbate 20, Citric Acid, Alcohol, Potassium Sorbate, Limonene, Sodium Benzoate, BHT, Tocopherol, Iris Florentina Root Extract, Retinyl Palmitate, Zinc Sulfate.']",29.0,,,0,0,0,0,1,,Makeup,Face,Setting Spray & Powder,1,15.0,15.0
P468183,Step 1 Primer Shine Control,4028,MAKE UP FOR EVER,5632,4.1196,209.0,1 oz / 30 ml,Color,Shine Control,"for oily, normal, combination skin","['Aqua (Water), Magnesium Aluminum Silicate, Pentylene Glycol, Parfum (Fragrance), Tocopheryl Acetate, Chlorphenesin, Lepidium Meyenii Root Extract, Maltodextrin, Lactic Acid.']",39.0,,,0,0,0,0,1,"['Best for Oily Skin', 'Long-wearing', 'Best for Oily, Combo, Normal Skin']",Makeup,Face,Face Primer,1,20.0,20.0
P481719,#109 HD Skin Foundation Brush,4028,MAKE UP FOR EVER,5613,4.8235,17.0,,,,,,45.0,,,0,0,0,0,1,,Makeup,Brushes & Applicators,Face Brushes,0,,
P483473,Aqua Resist Graphic Pen 24HR Waterproof Intense Eyeliner,4028,MAKE UP FOR EVER,5423,4.3165,278.0,0.01 oz / 0.52 ml,Color,1 Intense black,black,"['Aqua (Water), Butylene Glycol, Ci 77266 [Nano] (Black 2), Styrene/Acrylates Copolymer, Pentylene Glycol, Alcohol, Ammonium Acrylates Copolymer, Amp-Acrylates Copolymer, Caprylyl Glycol, Sodium Dehydroacetate, Bentonite, Citric Acid, Sodium Citrate, PVP.']",24.0,,,0,0,0,0,1,"['Liquid Formula', 'Satin Finish', 'Long-wearing', 'Waterproof']",Makeup,Eye,Eyeliner,0,,
P472989,Aqua Resist Waterproof Tinted Eyebrow Gel,4028,MAKE UP FOR EVER,5331,4.3548,217.0,0.11 oz/ 3.5 ml,Color,10 Soft Blonde,light to medium blonde hair with neutral undertones,"['Isododecane, Hydrogenated Polycyclopentadiene, Behenyl Behenate, Glyceryl Behenate, Methyl Methacrylate Crosspolymer, Silica Silylate, Triacontanyl Pvp, Disteardimonium Hectorite, Ethylene/Propylene Copolymer, Propylene Carbonate, Polyethylene, 1,2-Hexanediol, Caprylyl Glycol, Tocopheryl Acetate, Copernicia Cerifera (Carnauba) Wax, Pentaerythrityl Tetra-Di-T-Butyl Hydroxyhydrocinnamate, Alumina, Magnesium Oxide, Tocopherol, [+/- Ci 77491, 77492, 77499 (Iron Oxides) &bull; Ci 77891 (Titanium Dioxide)].']",25.0,,,0,0,0,0,1,"['Waterproof', 'Fragrance Free']",Makeup,Eye,Eyebrow,4,25.0,25.0
P501505,The Professionall 24HR Double-Ended Lifting & Volumizing Mascara,4028,MAKE UP FOR EVER,4563,4.1111,270.0,2 x 0.27 oz / 8 mL,Color,Black,,"['Step 1:', 'Aqua (Water), Candelilla Cera (Euphorbia Cerifera (Candelilla) Wax), Synthetic Beeswax, Vp/Eicosene Copolymer, Paraffin, Polyacrylate-21, Copernicia Cerifera (Carnauba) Wax, Stearyl Alcohol, Palmitic Acid, Stearic Acid, Pentylene Glycol, Pvp, Aminomethyl Propanediol, Bis-Diglyceryl Polyacyladipate-2, 1, 2-Hexanediol, Hydroxyethylcellulose, Caprylyl Glycol, Hydroxyacetophenone, Butylene Glycol, Chlorphenesin, Trideceth-6 Phosphate, Tocopheryl Acetate, Sodium Dilauramidoglutamide Lysine, Dipropylene Glycol, Glyceryl Caprylate, Disodium Phosphate, Sodium Phosphate, Polysorbate 60, Schisandra Chinensis Fruit Extract, Benzyl Alcohol, [+/- Ci 77499 (Iron Oxides)].', 'Step 2:', 'Aqua (Water), Paraffin, Hydrogenated Olive Oil Stearyl Esters, Glyceryl Stearate, Polyacrylate-21, Butylene Glycol, Copernicia Cerifera (Carnauba) Wax, Polybutene, Vp/Eicosene Copolymer, Steareth-21, Candelilla Cera (Euphorbia Cerifera (Candelilla) Wax), Palmitic Acid, Stearic Acid, Steareth-2, Aminomethyl Propanediol, Caprylyl Glycol, Silica, Hydroxyacetophenone, Hydroxyethylcellulose, Chlorphenesin, Aluminum Hydroxide, Trideceth-6 Phosphate, Tocopheryl Acetate, Sodium Dilauramidoglutamide Lysine, Dipropylene Glycol, Methicone, Glyceryl Caprylate, Disodium Phosphate, Sodium Phosphate, Polysorbate 60, [+/- Ci 77499 (Iron Oxides), Ci 77007 (Ultramarines)].']",28.0,,,0,0,0,0,1,"['Volumizing', 'Long-wearing', 'Lengthening', 'Curling']",Makeup,Eye,Mascara,0,,
P472988,Aqua Resist Waterproof Eyebrow Definer Pencil,4028,MAKE UP FOR EVER,4072,4.4511,235.0,0.003 oz/ 0.09 g,Color,10 Soft Blonde,light to medium blonde hair with neutral undertones,"['Diisostearyl Malate, Caprylic/Capric Triglyceride, C20-40 Acid, C20-40 Alcohols, Mica, Polyethylene, Synthetic Wax, Isoamyl Laurate, Glyceryl Behenate/Eicosadioate, Ethylcellulose, Boron Nitride, Tocopherol, Ascorbyl Palmitate, Aqua (Water), Propyl Gallate, [+/- Ci 77891 (Titanium Dioxide), Ci 77491, 77492, 77499 (Iron Oxides)].']",25.0,,,0,0,0,0,1,"['Waterproof', 'Fragrance Free']",Makeup,Eye,Eyebrow,4,25.0,25.0
P504180,Mini Step 1 Primer Color Corrector – 24HR Redness Control & Hydrating Primer,4028,MAKE UP FOR EVER,3908,4.25,4.0,0.5 oz / 15 mL,Size,0.5 oz / 15 mL,,"['Aqua(Water), Methyl Trimethicone, Phenyl Trimethicone, Isododecane, Alcohol, Butylene Glycol, Glycerin, Cetyl Peg/Ppg-10/1 Dimethicone, Acrylates/Dimethicone Copolymer, Methyl Methacrylate Crosspolymer, Peg-9 Polydimethylsiloxyethyl Dimethicone, Alumina, Panthenol, Disteardimonium Hectorite, Parfum (Fragrance), Vinyl Dimethicone/Methicone Silsesquioxane Crosspolymer, Caprylyl Glycol, Propylene Carbonate, Sodium Benzoate, Sodium Myristoyl Glutamate, Ethyl Vanillin, Tin Oxide, Citric Acid, Sodium Citrate, Aluminum Hydroxide, Methicone, Pentaerythrityl Tetra-Di-T-Butyl Hydroxyhydrocinnamate, [+/- Ci 77891 (Titanium Dioxide), Ci 77007 (Ultramarines), Ci 77492 (Iron Oxides)].']",20.0,,,0,1,0,0,0,"['Good for: Redness', 'Long-wearing']",Mini Size,Makeup,,0,,
P472990,Aqua Resist Waterproof Eyebrow Filler Pencil,4028,MAKE UP FOR EVER,1998,4.3957,235.0,0.009 oz/ 0.27 g,Color,10 Soft Blonde,light to medium blonde hair with neutral undertones,"['Diisostearyl Malate, Caprylic/Capric Triglyceride, C20-40 Acid, C20-40 Alcohols, Mica, Polyethylene, Synthetic Wax, Isoamyl Laurate, Glyceryl Behenate/Eicosadioate, Ethylcellulose, Boron Nitride, Tocopherol, Ascorbyl Palmitate, Aqua (Water), Propyl Gallate, [+/- Ci 77891 (Titanium Dioxide), Ci 77491, 77492, 77499 (Iron Oxides)].']",25.0,,,0,0,0,0,0,"['Waterproof', 'Fragrance Free']",Makeup,Eye,Eyebrow,4,25.0,25.0
P504862,HD Skin Sponge,4028,MAKE UP FOR EVER,1623,4.8,5.0,,,,,,18.0,,,0,1,0,0,1,"['Best for Oily, Combo, Normal Skin', 'Best for Dry, Combo, Normal Skin']",Makeup,Brushes & Applicators,Sponges & Applicators,0,,
P504860,Mist & Fix 24HR Hydrating Setting Spray,4028,MAKE UP FOR EVER,1039,4.0,2.0,3.38 oz / 100 ml,Size,3.38 oz / 100 ml,,"['Aqua (Water), Methylpropanediol, Glycerin, Pentylene Glycol, Pvp, Chlorphenesin, Ppg-26-Buteth-26, Hydroxyacetophenone, Peg-40 Hydrogenated Castor Oil, Aloe Barbadensis Leaf Juice, Vaccinium Vitis-Idaea Fruit Extract, Sodium Citrate, Parfum (Fragrance), Tromethamine, Citric Acid, Xanthan Gum, Gluconolactone, Hyaluronic Acid, Sodium Benzoate, Pentaerythrityl Tetra-Di-T-Butyl Hydroxyhydrocinnamate, Calcium Gluconate, Tocopherol.']",33.0,,,0,1,0,0,1,"['Radiant Finish', 'Hyaluronic Acid', 'Hydrating', 'Long-wearing', 'Best for Dry, Combo, Normal Skin', 'Alcohol Free']",Makeup,Face,Setting Spray & Powder,1,15.0,15.0
P504863,Mini Mist & Fix 24HR Hydrating Setting Spray,4028,MAKE UP FOR EVER,981,,,1.01 oz / 30 ml,Size,1.01 oz / 30 ml,,"['Aqua (Water), Methylpropanediol, Glycerin, Pentylene Glycol, Pvp, Chlorphenesin, Ppg-26-Buteth-26, Hydroxyacetophenone, Peg-40 Hydrogenated Castor Oil, Aloe Barbadensis Leaf Juice, Vaccinium Vitis-Idaea Fruit Extract, Sodium Citrate, Parfum (Fragrance), Tromethamine, Citric Acid, Xanthan Gum, Gluconolactone, Hyaluronic Acid, Sodium Benzoate, Pentaerythrityl Tetra-Di-T-Butyl Hydroxyhydrocinnamate, Calcium Gluconate, Tocopherol.']",15.0,,,0,1,0,0,1,"['Radiant Finish', 'Hyaluronic Acid', 'Hydrating', 'Long-wearing', 'Best for Dry, Combo, Normal Skin', 'Alcohol Free']",Makeup,Mini Size,,0,,
P504859,Mini Gentle Eye Gel Waterproof Eye & Lip Makeup Remover,4028,MAKE UP FOR EVER,729,,,1.6 oz / 50 ml,Size,1.6 oz / 50 ml,,"['Water, Isononyl Isononanoate, Pentylene Glycol, Butylene Glycol, Glycerin, Caprylic/Capric Triglyceride, Centaurea Cyanus Flower Water, Cucumis Sativus (Cucumber) Fruit Extract, Ammonium Acryloyldimethyltaurate/Vp Copolymer, Acrylates/C10-30 Alkyl Acrylate Crosspolymer, Ppg-26-Buteth-26, Hydroxyacetophenone, Peg-40 Hydrogenated Castor Oil, Sodium Dehydroacetate, Sodium Hydroxide, Sodium Benzoate, Potassium Sorbate.']",15.0,,,0,1,0,0,1,"['Fragrance Free', 'Alcohol Free']",Makeup,Mini Size,,0,,
P504861,Gentle Eye Gel Waterproof Eye & Lip Makeup Remover,4028,MAKE UP FOR EVER,1031,,,4.2 oz / 125 ml,Size,4.2 oz / 125 ml,,"['Water, Isononyl Isononanoate, Pentylene Glycol, Butylene Glycol, Glycerin, Caprylic/Capric Triglyceride, Centaurea Cyanus Flower Water, Cucumis Sativus (Cucumber) Fruit Extract, Ammonium Acryloyldimethyltaurate/Vp Copolymer, Acrylates/C10-30 Alkyl Acrylate Crosspolymer, Ppg-26-Buteth-26, Hydroxyacetophenone, Peg-40 Hydrogenated Castor Oil, Sodium Dehydroacetate, Sodium Hydroxide, Sodium Benzoate, Potassium Sorbate.']",29.0,,,0,1,0,0,1,"['Fragrance Free', 'Alcohol Free']",Skincare,Cleansers,Makeup Removers,1,15.0,15.0
P430337,C-Rush Vitamin C Gel Moisturizer,5674,OLEHENRIKSEN,105730,4.3404,2961.0,1.7 oz/ 50 mL,Size,1.7 oz/ 50 mL,,"['Sources of vitamin C:', 'Water, Glycerin, Dicaprylyl Carbonate, Propanediol, Caprylic/Capric Triglyceride, 3-O-Ethyl Ascorbic Acid, Glycereth-26, Ammonium Acryloyldimethyltaurate/Beheneth-25 Methacrylate Crosspolymer, Hydrolyzed Jojoba Esters, Cetearyl Alcohol, Polyacrylate Crosspolymer-6, Hydroxyacetophenone, Panthenol, Polyglyceryl-3 Methylglucose Distearate, Tetrahexyldecyl Ascorbate, Linoleic Acid, Citric Acid, Phenoxyethanol, Fragrance, Pentaerythrityl Tetra-Di-T-Butyl Hydroxyhydrocinnamate, Xanthan Gum, Cetearyl Glucoside, Linolenic Acid, Citrus Aurantium Dulcis (Orange) Fruit Extract, Citrus Limon (Lemon) Fruit Extract, Hippophae Rhamnoides Extract, Lycium Barbarum Fruit Extract, Rosa Canina Fruit Extract, Ethylhexylglycerin, Leuconostoc/Radish Root Ferment Filtrate, Sodium Citrate, Camellia Japonica Flower Extract, Aroma/Flavor, Sodium Hyaluronate, Sodium Polyacrylate, Sodium Phytate, Hyaluronic Acid, Vegetable Collagen, Ascorbic Acid, Tocopherol, Yellow 6 (Ci 15985), Yellow 5 (Ci 19140), Citral, Limonene, Linalool, Benzyl Alcohol.']",51.0,,,0,0,0,0,1,"['Vitamin C', 'Good for: Dryness', 'Good for: Dullness/Uneven Texture', 'Good for: Loss of firmness', 'Without Parabens', 'Vegan']",Skincare,Moisturizers,Moisturizers,0,,
P439061,Glow2OH Dark Spot Toner,5674,OLEHENRIKSEN,182201,4.1922,2955.0,6.5 oz/ 190 mL,Size,6.5 oz/ 190 mL,,"['Water, Glycolic Acid, Hamamelis Virginiana (Witch Hazel) Water, Lactic Acid, Sodium Hydroxide, Polysorbate 20, Phenoxyethanol, Fragrance, Phytic Acid, Ethylhexylglycerin, Glycerin, Chamomilla Recutita (Matricaria) Flower Extract, Citrus Limon (Lemon) Fruit Extract, Glycyrrhiza Glabra (Licorice) Root Extract, Saccharum Officinarum (Sugar Cane) Extract, Santalum Album (Sandalwood) Extract, Benzoic Acid, Leuconostoc/Radish Root Ferment Filtrate, Tocopherol, Citral, Limonene, Linalool.']",35.0,,,0,0,0,0,1,"['Vegan', 'Good for: Dullness/Uneven Texture', 'AHA/Glycolic Acid', 'Without Parabens', 'Good for: Dark spots', 'Cruelty-Free']",Skincare,Cleansers,Toners,1,19.0,19.0
P448207,PHAT Glow Facial Mask,5674,OLEHENRIKSEN,49921,4.3854,1785.0,1.7 oz/ 50 mL,Size,1.7 oz/ 50 mL,,"['Water, Glycerin, Kaolin, Gluconolactone, Gluconic Acid, Polyglyceryl-10 Stearate, Propanediol, Bentonite, Cetearyl Alcohol, Salvia Hispanica (Chia) Seed Oil, Betula Alba Juice, Glyceryl Stearate, Polyacrylate-13, Sodium Hydroxide, Fragrance, Pullulan, Polyisobutene, Phenoxyethanol, Caprylyl Glycol, Xanthan Gum, Potassium Sorbate, Polysorbate 20, Hexylene Glycol, Sorbitan Isostearate, Tocopherol, Biotin, Hyaluronic Acid, Niacinamide, Panthenol, Chamomilla Recutita (Matricaria) Flower Extract, Citrus Limon (Lemon) Fruit Extract, Glycyrrhiza Glabra (Licorice) Root Extract, Saccharum Officinarum (Sugar Cane) Extract, Santalum Album (Sandalwood) Extract, Eriophorum Spissum Flower/Stem Extract, Chlorphenesin, Leuconostoc/Radish Root Ferment Filtrate, Sorbic Acid, Iron Oxides (Ci 77491, Ci 77499), Citral, Limonene, Linalool.']",52.0,,,0,0,0,0,1,"['Clean at Sephora', 'Good for: Anti-Aging', 'Cruelty-Free']",Skincare,Masks,Face Masks,0,,
P416816,Balancing Force Oil Control Toner,5674,OLEHENRIKSEN,98160,4.3017,1674.0,6.5 oz/ 193 mL,Size,6.5 oz/ 193 mL,,"['Water, Polysorbate 20, Hamamelis Virginiana (Witch Hazel) Water, Gylcerin, Gluconolactone, Glycolic Acid, Lactic Acid, Oleth-20, Salicylic Acid, Sodium Hydroxide, Sodium Benzoate, Menthyl Lactate, Eucalpytus Globulus Leaf Oil, Mentha Piperita (Peppermint) Oil, Melia Azadirachta Seed Oil, Linoleic Acid, Macrocystis Pyrifera (Kelp) Extract, Eucalyptus Globulus Leaf Extract, Chondrus Crispus (Carrageenan) Extract, Camellia Sinensis Leaf Extract, Linolenic Acid, Phenoxyethanol, Calcium Gluconate, Benzoic Acid, Tocopherol, Limonene.']",35.0,,,0,0,0,0,1,"['Vegan', 'Good for: Pores', 'AHA/Glycolic Acid', 'Salicylic Acid', 'Good for: Acne/Blemishes', 'Without Parabens']",Skincare,Cleansers,Toners,0,,
P431848,Cold Plunge Pore Mask,5674,OLEHENRIKSEN,102859,4.5335,1522.0,3 oz/ 90 mL,Size,3 oz/ 90 mL,,"['Water, Kaolin, Glycerin, Disodium Lauryl Sulfosuccinate, Bentonite, Cetearyl Alcohol, Lactic Acid, Lauramidopropyl Betaine, Sodium C14-16 Olefin Sulfonate, Menthoxypropanediol, Persea Gratissima (Avocado) Oil, Phenoxyethanol, Potassium Hydroxide, Salicylic Acid, Mentha Piperita (Peppermint) Oil, Sodium Chloride, Ethylhexylglycerin, Propanediol, Sodium Phytate, Xanthan Gum, Epilobium Fleischeri Extract, Saussurea Involucrata Extract, Citric Acid, Potassium Sorbate, Macrocystis Pyrifera (Kelp) Extract*, Eucalyptus Globulus Leaf Extract*, Chondrus Crispus (Carrageenan) Extract*, Camellia Sinensis Leaf Extract*, Tocopherol, Chromium Hydroxide Green (Ci 77289), Titanium Dioxide (Ci 77891).']",41.0,,,0,0,0,0,1,"['Salicylic Acid', 'Lactic Acid', 'Good for: Pores', 'Good for: Dullness/Uneven Texture', 'Without Parabens', 'Vegan']",Skincare,Masks,Face Masks,0,,
P473322,Dewtopia 20% Acid Night Treatment,5674,OLEHENRIKSEN,39989,4.5614,1466.0,1 oz/ 30 mL,Size,1 oz/ 30 mL,,"['Aqua/Water/Eau, Aloe Barbadensis Leaf Juice, Betula Alba Juice, Gluconolactone, Glycolic Acid, Gossypium Herbaceum (Cotton) Fruit Water, Lactic Acid, Isoamyl Laurate, Potassium Hydroxide, Polyacrylate Crosspolymer-6, Silica, Sodium Hydroxide, Neopentyl Glycol Diheptanoate, Polyglyceryl-3 Laurate, Gluconic Acid, Citrus Limon (Lemon) Fruit Extract, Dipotassium Glycyrrhizate, Glycyrrhiza Glabra (Licorice) Root Extract, Saccharum Officinarum (Sugarcane) Extract/Extrait De Canne A Sucre, Chamomilla Recutita (Matricaria) Flower Extract, Citrus Aurantifolia (Lime) Peel Extract, Citrus Limon (Lemon) Peel Oil, Santalum Album (Sandalwood) Extract, Glycerin, Leuconostoc/Radish Root Ferment Filtrate, Sodium Riboflavin Phosphate, Citrus Aurantium Bergamia (Bergamot) Peel Oil, Triethyl Citrate,  Isododecane, Polysorbate 60, Sorbitan Isostearate, Hydroxyethyl Acrylate/Sodium Acryloyldimethyl Taurate Copolymer, Pentaerythrityl Tetra-Di-T-Butyl Hydroxyhydrocinnamate, Dimethylhydroxy Furanone, Vanillin, 1,2-Hexanediol, Caprylyl Glycol, Phenoxyethanol, Limonene, Linalool, Citral.']",60.0,,,0,0,0,0,0,"['Vegan', 'Good for: Dullness/Uneven Texture', 'Good for: Loss of firmness', 'Clean at Sephora', 'Good for: Anti-Aging', 'AHA/Glycolic Acid']",Skincare,Treatments,Facial Peels,0,,
P416815,Find Your Balance Oil Control Cleanser,5674,OLEHENRIKSEN,72479,4.4299,1447.0,5 oz/ 147 mL,Size,5 oz/ 147 mL,,"['Water, Sodium Cocoyl Isethionate, Decyl Glucoside, Cocamidopropyl Betaine, Glycerin, Acrylates Copolymer, Glycol Distearate, Phenoxyethanol, Glycolic Acid, Lactic Acid, Sodium Hydroxide, Caprylyl Glycol, Eucalyptus Globulus Leaf Oil, Mentha Piperita (Peppermint) Oil, Laureth-4, Ethylhexylglycerin, Hexylene Glycol, Melia Azadirachta Seed Oil, Linoleic Acid, Camellia Sinensis Leaf Extract, Chonrus Crispus (Carrageenan) Extract, Eucalyptus Globulus Leaf Extract, Macrocystis Pyrifera (Kelp) Extract, Phytic Acid, Linolenic Acid, Sodium Benzoate, Tocopherol, Limonene.']",33.0,,,0,0,0,0,1,"['Good for: Acne/Blemishes', 'Good for: Pores', 'AHA/Glycolic Acid', 'Lactic Acid', 'Without Parabens', 'Vegan']",Skincare,Cleansers,Face Wash & Cleansers,1,15.0,15.0
P466142,Lemonade Smoothing Scrub,5674,OLEHENRIKSEN,42708,4.5795,1277.0,3.0 oz/ 90g,Size,3.0 oz/ 90g,,"['Aqua/Water/Eau, Glycerin, Glycolic Acid, Sucrose, Hydrated Silica, Polyglyceryl-10 Dipalmitate, Propanediol, Lactic Acid, Sodium Cocoyl Isethionate, Polyacrylate Crosspolymer-6, Sodium Hydroxide, Sodium Lactate, Acrylamide/Sodium Acryloyldimethyltaurate Copolymer, Citrus Limon (Lemon) Peel Powder, Citrus Limon (Lemon) Fruit Extract, Ocimum Sanctum Leaf Extract, Chamomilla Recutita (Matricaria) Flower Extract, Glycyrrhiza Glabra (Licorice) Root Extract, Saccharum Officinarum (Sugarcane) Extract/Extrait De Canne a Sucre, Citrus Aurantifolia (Lime) Peel Extract, Santalum Album (Sandalwood) Extract, Citrus Limon (Lemon) Peel Oil, Citrus Aurantium Bergamia (Bergamot) Peel Oil, Leuconostoc/Radish Root Ferment Filtrate, Coconut Acid, Sodium Riboflavin Phosphate, Dimethylhydroxy Furanone, Isohexadecane, Polysorbate 80, Sodium Isethionate, Sorbitan Oleate, Triethyl Citrate, Vanillin, Pentaerythrityl Tetra-Di-T-Butyl Hydroxyhydrocinnamate, Caprylyl Glycol, Phenoxyethanol, Limonene, Linalool, Citral.']",35.0,,,0,0,0,0,1,"['Good for: Dullness/Uneven Texture', 'AHA/Glycolic Acid', 'Cruelty-Free', 'Clean at Sephora']",Skincare,Cleansers,Exfoliators,1,18.0,18.0
P434545,Glow Cycle Retin-ALT Power Serum,5674,OLEHENRIKSEN,43324,4.2873,1239.0,1 oz/ 30 mL,Size,1 oz/ 30 mL,,"['Water, Propanediol, Glycerin, Squalane, Glycereth-26, Glyceryl Polyacrylate, Mica, Cetearyl Alcohol, Bakuchiol, Polyacrylate Crosspolymer-6, Dimethicone, Polyglyceryl-10 Laurate, Aminomethyl Propanol, Hydrolyzed Jojoba Esters, Phenoxyethanol, Hydroxyacetophenone, Parfum/Fragrance, Ceteareth-20, Glycolic Acid, Lactic Acid, Leontopodium Alpinum Callus Culture Extract, Caesalpinia Spinosa Fruit Extract, Cellulose Gum, Hibiscus Sabdariffa Flower Extract, Kappaphycus Alvarezii Extract, Silica, Glycyrrhiza Glabra (Licorice) Root Extract, Citrus Limon (Lemon) Fruit Extract, Saccharum Officinarum (Sugar Cane) Extract, Chamomilla Recutita (Matricaria) Flower Extract, Santalum Album (Sandalwood) Extract, Trisodium Ethylenediamine Disuccinate, Leuconostoc/Radish Root Ferment Filtrate, Xanthan Gum, Ethylhexylglycerin, Citric Acid, Limonene, Linalool, Citral, Titanium Dioxide (Ci 77891), Violet 2 (Ci 60730), Red 4 (Ci 14700).']",60.0,,,0,0,0,0,1,"['Vegan', 'Good for: Dullness/Uneven Texture', 'Good for: Pores', 'Clean at Sephora', 'Cruelty-Free']",Skincare,Treatments,Face Serums,0,,
P456566,Banana Bright 15% Vitamin C Serum,5674,OLEHENRIKSEN,88410,3.9404,1041.0,1.0 oz/ 30 mL,Size,1.0 oz/ 30 mL,,"['Aqua/Water/Eau, 3-O-Ethyl Ascorbic Acid, Neopentyl Glycol Diheptanoate, Gluconolactone, Cetearyl Olivate, Sorbitan Olivate, Citrus Aurantium Dulcis (Orange) Oil, Citrus Aurantium Dulcis (Orange) Peel Oil, Triethyl Citrate, Citrus Sinensis (Orange) Fruit Extract, Helianthus Annuus (Sunflower) Seed Oil, Potassium Hydroxide, Betaine, Panthenol, Phenoxyethanol, Hydroxyacetophenone, Aminomethyl Propanol, Acrylates/C10-30 Alkyl Acrylate Crosspolymer, Gluconic Acid, Tocopherol, Glycerin, Succinoglycan, Phytic Acid, Mica, Sodium Metabisulfite, Sodium Hyaluronate, Hyaluronic Acid, Caramel, Dipotassium Glycyrrhizate, Sodium Polyacrylate, Pentaerythrityl Tetra-Di-T-Butyl Hydroxyhydrocinnamate, Sodium Phytate, Citrus Limon (Lemon) Fruit Extract, Rosa Canina Fruit Extract, Hippophae Rhamnoides Extract, Ascorbic Acid, Lycium Barbarum Fruit Extract, Citrus Aurantium Dulcis (Orange) Fruit Extract, Leuconostoc/Radish Root Ferment Filtrate, Limonene, Linalool, Citral, Titanium Dioxide (Ci 77891), Yellow 5 (Ci 19140), Red 4 (Ci 14700).']",71.0,,,0,0,0,0,1,"['Vegan', 'Hyaluronic Acid', 'Good for: Dullness/Uneven Texture', 'Good for: Loss of firmness', 'Vitamin C', 'Clean at Sephora', 'Without Parabens', 'Cruelty-Free']",Skincare,Treatments,Face Serums,0,,
P472050,Cold Plunge Pore Remedy Moisturizer with BHA/LHA,5674,OLEHENRIKSEN,23082,4.3959,1033.0,1.7 oz/ 50 mL,Size,1.7 oz/ 50 mL,,"['Aqua/Water/Eau, Propanediol, Dicaprylyl Carbonate, Glycerin, Isopentyldiol, Cetearyl Olivate, Polysorbate 60, Sorbitan Olivate, Capryloyl Salicylic Acid, Cetearyl Alcohol, Dimethicone, Pseudoalteromonas Ferment Extract, Stearyl Alcohol, Phenoxyethanol, Acrylates/C10-30 Alkyl Acrylate Crosspolymer, Salicylic Acid, Sodium Polyacrylate Starch, Menthyl Lactate, Parfum/Fragrance, Epilobium Fleischeri Flower/Leaf/Stem Extract, Dipotassium Glycyrrhizate, Trifolium Pratense (Clover) Flower Extract, Sodium Phytate, Citric Acid, Ethylhexylglycerin, Camellia Sinensis Leaf Extract, Chondrus Crispus (Carrageenan) Extract, Eucalyptus Globulus Leaf Extract, Macrocystis Pyrifera (Kelp) Extract, Potassium Sorbate, Sodium Salicylate, Tocopherol, Yellow 5 (CI 19140), Blue 1 (CI 42090), Limonene.']",51.0,,,0,0,0,0,1,"['Best for Combination Skin', 'Best for Oily Skin', 'Good for: Pores', 'Good for: Acne/Blemishes', 'Salicylic Acid', 'Clean at Sephora']",Skincare,Moisturizers,Moisturizers,0,,
P442012,Banana Bright Face Primer,5674,OLEHENRIKSEN,53172,4.3071,1781.0,1 oz/ 30 mL,Size,1 oz/ 30 mL,,"['Water, Squalane, Dimethicone, Cetearyl Alcohol, Glycerin, Caprylic/Capric Triglyceride, Isododecane, Polymethylsilsesquioxane, Mica, Coconut Alkanes, Titanium Dioxide (Ci 77891), Sclerocarya Birrea Seed Oil, Dilinoleic Acid/Propanediol Copolymer, 3-O-Ethyl Ascorbic Acid, Cetearyl Methicone, Silica, Phenoxyethanol, Cetearyl Glucoside, Xylitylglucoside, Dimethicone/Vinyltrimethylsiloxysilicate Crosspolymer, Anhydroxylitol, Microcrystalline Cellulose, Potassium Cetyl Phosphate, Stevioside, Polysilicone-11, Coco-Caprylate/Caprate, Hydroxyethyl Acrylate/Sodium Acryloyldimethyl Taurate Copolymer, Acrylates/C10-30 Alkyl Acrylate Crosspolymer, Xylitol, Tocopherol, Parfum/Fragrance, Potassium Azeloyl Diglycinate, Iron Oxides (Ci 77491), Dipotassium Glycyrrhizate, Ethylhexylglycerin, Glucose, Xanthan Gum, Sodium Citrate, Citrus Aurantium Dulcis (Orange) Fruit Extract, Citrus Limon (Lemon) Fruit Extract, Hippophae Rhamnoides Extract, Lycium Barbarum Fruit Extract, Rosa Canina Fruit Extract, Sodium Hydroxide, Leuconostoc/Radish Root Ferment Filtrate, Polysorbate 60, Sorbitan Isostearate, Ascorbic Acid, Aroma/Flavor, Sodium Chloride, Citral, Limonene, Linalool.']",40.0,,,0,0,0,0,1,"['Good for: Dullness/Uneven Texture', 'Good for: Pores', 'Clean at Sephora', 'Cruelty-Free']",Makeup,Face,Face Primer,0,,
P469213,Wrinkle Blur Bakuchiol Eye Gel Crème,5674,OLEHENRIKSEN,26008,4.3939,886.0,0.5 oz/ 15 mL,Size,0.5 oz/ 15 mL,,"['Aqua/Water/Eau, Dimethicone, Glycerin, Neopentyl Glycol Diheptanoate, Pentylene Glycol, Dimethicone Crosspolymer, Propanediol, Bakuchiol, Palmitoyl Tripeptide-1, Palmitoyl Tetrapeptide-7, Hydrolyzed Rice Protein, Calanthe Discolor Extract, Aloe Barbadensis Leaf Juice, Chamomilla Recutita (Matricaria) Flower Extract, Glycyrrhiza Glabra (Licorice) Root Extract, Santalum Album (Sandalwood) Extract, Citrus Limon (Lemon) Fruit Extract, Saccharum Officinarum (Sugarcane) Extract/Extrait De Canne a Sucre, Glycine Soja (Soybean) Protein, Biotin, Panthenol, Tocopheryl Acetate, Allantoin, Pullulan, Superoxide Dismutase, Chrysin, Leuconostoc/Radish Root Ferment Filtrate, Gluconolactone, N-Hydroxysuccinimide, Caprylhydroxamic Acid, Peg/Ppg-18/18 Dimethicone, Triethoxycaprylylsilane, Tetrasodium Glutamate Diacetate, Steareth-20, Glyceryl Acrylate/Acrylic Acid Copolymer, Sodium Dextran Sulfate, Xanthan Gum, Carbomer, Sodium Citrate, Sodium Glycolate, Citric Acid, Calcium Gluconate, Sodium Formate, Sodium Hydroxide, 1,2-Hexanediol,Caprylyl Glycol, Potassium Sorbate, Chlorhexidine Digluconate, Sodium Benzoate, Phenoxyethanol, Parfum/Fragrance, Limonene, Linalool, Citral, Ultramarines (Ci 77007), Titanium Dioxide (Ci 77891).']",52.0,,,0,0,0,0,1,"['Good for: Dark Circles', 'Good for: Loss of firmness', 'Good for: Dullness/Uneven Texture', 'Good for: Anti-Aging', 'Vegan', 'Clean at Sephora']",Skincare,Eye Care,Eye Creams & Treatments,0,,
P418872,Pore-Balance Facial Sauna Scrub,5674,OLEHENRIKSEN,69759,4.5597,879.0,3 oz/ 85 g,Size,3 oz/ 85 g,,"['PEG-400, Kaolin, Zeolite, Volcanic Sand, Glyceryl Stearate, Butylene Glycol, Cetearyl Alcohol, Water, Glycerin, Cetearyl Glucoside, Phenoxyethanol, Glycolic Acid, Lactic Acid, Melia Azadirachta Seed Oil, Linoleic Acid, Caprylyl Glycol, Eucalyptus Globululs Leaf Oil, Mentha Piperita (Peppermint) Oil, Enantia Chlorantha Bark Extract, Chondrus Crispus (Carrageenan) Extract, Camellia Sinensis Leaf Extract, Linolenic Acid, Hexylene Glycol, Ethylhexylglycerin, Decyl Glucoside, Tocopherol, Oleanolic Acid, Limonene.']",35.0,,,0,0,0,0,1,"['Good for: Dullness/Uneven Texture', 'Good for: Pores', 'AHA/Glycolic Acid', 'Lactic Acid', 'Without Parabens', 'Vegan']",Skincare,Cleansers,Exfoliators,0,,
P479339,Strength Trainer Peptide Boost Moisturizer,5674,OLEHENRIKSEN,47908,4.5522,862.0,1.7 oz/ 50 mL,Size,1.7 oz/ 50 mL,,"['Aqua/Water/Eau, Propanediol, Dicaprylyl Carbonate, Glycerin, Methylpropanediol, Cetearyl  Alcohol, Stearyl  Alcohol, Mangifera Indica (Mango) Seed Butter, Niacinamide, Acetyl Hexapeptide-1, Acetyl Hexapeptide-8, Acetyl Octapeptide-3, Acetyl Tetrapeptide-2, Acetyl Dipeptide-1 Cetyl Ester, Palmitoyl Tripeptide-1, Palmitoyl Tetrapeptide-7, Carnosine, Ceramide  NP, Ceramide  AP, Ceramide  EOP, Collagen, Serine, Alanine, Glycine, Glutamic    Acid, Lysine HCL, Threonine, Arginine, Proline, Hyaluronic Acid, Sodium Hyaluronate, Linoleic   Acid, Linolenic Acid, Sodium PCA, Sodium Lactate, Panthenol, Tocopherol, Tocopheryl  Acetate, Betaine, PCA, Cyanocobalamin, Xylitol, Anhydroxylitol, Xylitylglucoside, Sorbitan Olivate, Carbomer, Hydroxyethylcellulose, Xanthan Gum, Cetearyl Olivate, Sorbitan Laurate, Phytosphingosine, Cholesterol, Polysorbate 60, Butylene Glycol, Hydroxyacetophenone, Glycine Soja (Soybean) Oil, Acrylates/C10-30 Alkyl Acrylate Crosspolymer, Polysorbate 20, Ammonium Acryloyldimethyltaurate/Beheneth-25 Methacrylate Crosspolymer, Dimethicone,  Sodium Phytate, Sodium Lauroyl Lactylate, Pentaerythrityl Tetra-Di-T-Butyl Hydroxyhydrocinnamate, Leuconostoc/Radish Root Ferment Filtrate, Citric Acid, Caprylyl Glycol, Ethylhexylglycerin, Phenoxyethanol, Parfum/Fragrance*, Citral, Limonene, Linalool.']",51.0,,,0,0,0,0,1,"['Vegan', 'Hyaluronic Acid', 'Good for: Loss of firmness', 'Clean at Sephora', 'Good for: Anti-Aging', 'Good for: Dryness']",Skincare,Moisturizers,Moisturizers,1,20.0,20.0
P483679,Truth Barrier Booster Orange Ferment Vitamin C Essence,5674,OLEHENRIKSEN,24293,4.814,602.0,4 oz / 120 mL,Size,4 oz / 120 mL,,"['Aqua/water/eau, Lactobacillus Ferment, 3-o-ethyl Ascorbic Acid, Niacinamide, Hyaluronic Acid, Sodium Hyaluronate, Panthenol, Sodium Polyglutamate, Tocopherol, Glycerin, Citrus Aurantium Dulcis (Orange) Peel Extract, Citrus Aurantium Dulcis (Orange) Callus Culture Extract, Citrus Sinensis (Orange) Fruit Extract, Citrus Aurantium Dulcis (Orange) Fruit Extract, Citrus Aurantium Dulcis (Orange) Oil, Hippophae Rhamnoides Extract, Lycium Barbarum Fruit Extract, Rosa Canina Fruit Extract, Citrus Limon (Lemon) Fruit Extract, Gluconolactone, Lithothamnion Calcareum Extract, Helianthus Annuus (Sunflower) Seed Oil, Chondrus Crispus (Carrageenan) Extract, Leuconostoc/radish Root Ferment Filtrate, Citric Acid, Sodium Riboflavin Phosphate, Sodium Tocopheryl Phosphate, Sodium Citrate, Potassium Hydroxide, Xanthan Gum, Sodium Benzoate, Calcium Gluconate, Triethylhexanoin, Polyglyceryl-3 Laurate, Acrylates/c10-30 Alkyl Acrylate Crosspolymer, Pentaerythrityl Tetra-di-t-butyl Hydroxyhydrocinnamate, Phenoxyethanol, Chlorphenesin, Triethyl Citrate, Limonene, Linalool, Citral.']",48.0,,,0,0,0,0,1,"['Vitamin C', 'Clean at Sephora']",Skincare,Moisturizers,Mists & Essences,0,,
P500613,Banana Bright+ Vitamin C Eye Crème,5674,OLEHENRIKSEN,45414,4.2017,575.0,0.5 oz / 15 mL,Size,0.5 oz / 15 mL,,"['Aqua/Water/Eau, Simmondsia Chinensis (Jojoba) Seed Oil, Butyrospermum Parkii (Shea) Butter, Isododecane, Coconut Alkanes, 3-O-Ethyl Ascorbic Acid, Cetearyl Alcohol, Glycerin, Synthetic Beeswax, Dilinoleic Acid/Propanediol Copolymer, Polymethylsilsesquioxane, Cocoyl Proline, Dimethicone Crosspolymer, Pentaerythrityl Tetraisostearate, Tetrahexyldecyl Ascorbate, Ascorbic Acid, Colloidal Gold, Collagen, Glutathione, Citrus Nobilis (Mandarin Orange) Fruit Extract, Citrus Paradisi (Grapefruit) Peel Extract, Glucosyl Hesperidin, Tocopherol, Tamarindus Indica Seed Polysaccharide, Poncirus Trifoliata Fruit Extract, Morus Alba Root Extract, Linoleic Acid, Linolenic Acid, Jojoba Esters, Caprylyl Glycol, Coco-Caprylate/Caprate, Propanediol, Polyglyceryl-3 Cocoate, Polyglyceryl-4 Caprate, Polyglyceryl-6 Caprylate, Polyglyceryl-6 Ricinoleate, Hdi/Trimethylol Hexyllactone Crosspolymer, Polyacrylate-13, Butylene Glycol, Polyglyceryl-3 Stearate, Polysorbate 20, Sodium Citrate, Polyisobutene, Beheneth-5, Acrylates/C10-30 Alkyl Acrylate Crosspolymer, Behenyl Alcohol, Sodium Hydroxide, Sorbic Acid, Sorbitan Isostearate, Citric Acid, Sorbitol, Silica, Sodium Benzoate, 1,2-Hexanediol, Xanthan Gum, Phenoxyethanol, Leuconostoc/Radish Root Ferment Filtrate, Mica, Titanium Dioxide (Ci 77891), Iron Oxides (Ci 77491).']",42.0,,,0,0,0,0,1,"['Good for: Dullness/Uneven Texture', 'Vitamin C', 'Good for: Dark Circles', 'Clean at Sephora', 'Good for: Anti-Aging', 'Good for: Dryness']",Skincare,Eye Care,Eye Creams & Treatments,0,,
P453227,Truth Juice Daily Cleanser,5674,OLEHENRIKSEN,48054,4.2372,527.0,5.0 oz/ 148 mL,Size,5.0 oz/ 148 mL,,"['Aqua/Water/Eau, Sodium Cocoyl Isethionate, Sodium Cocoamphoacetate, Cocamidopropyl Hydroxysultaine, Sodium Chloride, Acrylates/Beheneth-25 Methacrylate Copolymer, Phenoxyethanol, Citrus Aurantium Dulcis (Orange) Oil, Glycol Distearate, Gluconolactone, Propanediol, Glycerin, 1,2-Hexanediol, Citrus Aurantium Dulcis (Orange) Peel Oil, Sodium Benzoate, Citrus Aurantium Dulcis (Orange) Fruit Water, Titanium Dioxide (Ci 77891), Citrus Sinensis (Orange) Fruit Extract, Triethyl Citrate, Caprylhydroxamic Acid, Citrus Aurantium Dulcis (Orange) Fruit Extract, Citrus Limon (Lemon) Fruit Extract, Hippophae Rhamnoides Kernel Extract, Lycium Barbarum Fruit Extract, Rosa Canina Fruit Extract, Calcium Gluconate, Helianthus Annuus (Sunflower) Seed Oil, Leuconostoc/Radish Root Ferment Filtrate, Sodium Hydroxide, Yellow 6 (Ci 15985), Citric Acid, Potassium Sorbate, Xanthan Gum, Sodium Citrate, Limonene, Linalool.']",33.0,,,0,0,0,0,1,"['Good for: Dullness/Uneven Texture', 'Good for: Dryness', 'Without Parabens', 'Cruelty-Free', 'Clean at Sephora']",Skincare,Cleansers,Face Wash & Cleansers,1,16.0,16.0
P459133,Mini Truth Juice Daily Cleanser,5674,OLEHENRIKSEN,6786,4.2372,527.0,2.0 oz/ 60 mL,Size,2.0 oz/ 60 mL,,"['Aqua/Water/Eau, Sodium Cocoyl Isethionate, Sodium Cocoamphoacetate, Cocamidopropyl Hydroxysultaine, Sodium Chloride, Acrylates/Beheneth-25 Methacrylate Copolymer, Phenoxyethanol, Citrus Aurantium Dulcis (Orange) Oil, Glycol Distearate, Gluconolactone, Propanediol, Glycerin, 1,2-Hexanediol, Citrus Aurantium Dulcis (Orange) Peel Oil, Sodium Benzoate, Citrus Aurantium Dulcis (Orange) Fruit Water, Titanium Dioxide (Ci 77891), Citrus Sinensis (Orange) Fruit Extract, Triethyl Citrate, Caprylhydroxamic Acid, Citrus Aurantium Dulcis (Orange) Fruit Extract, Citrus Limon (Lemon) Fruit Extract, Hippophae Rhamnoides Kernel Extract, Lycium Barbarum Fruit Extract, Rosa Canina Fruit Extract, Calcium Gluconate, Helianthus Annuus (Sunflower) Seed Oil, Leuconostoc/Radish Root Ferment Filtrate, Sodium Hydroxide, Yellow 6 (Ci 15985), Citric Acid, Potassium Sorbate, Xanthan Gum, Sodium Citrate, Limonene, Linalool.']",16.0,,,0,0,0,0,1,"['Good for: Dryness', 'Good for: Dullness/Uneven Texture', 'Vegan', 'Without Parabens']",Skincare,Mini Size,,0,,
P434546,Goodnight Glow Bakuchiol Sleeping Crème,5674,OLEHENRIKSEN,55708,3.8817,524.0,1.7 oz/ 50 mL,Size,1.7 oz/ 50 mL,,"['Water, Glycerin, Vitis Vinifera (Grape) Seed Oil, C12-15 Alkyl Benzoate, Dicaprylyl Carbonate, Butyrospermum Parkii (Shea) Butter, Cetearyl Alcohol, Lactic Acid, Glycolic Acid, Glyceryl Stearate, Potassium Hydroxide, Propanediol, Polysorbate 60, Panthenol, Dimethicone, Cetyl Alcohol, Parfum/Fragrance, Sodium Acrylate/Sodium Acryloyldimethyl Taurate Copolymer, Hydroxyacetophenone, Bakuchiol, Leontopodium Alpinum Callus Culture Extract, Isohexadecane, Linoleic Acid, Peg-75 Stearate, Phenoxyethanol, Cetearyl Glucoside, Polysorbate 80, Steareth-20, Ceteth-20, Linolenic Acid, Xanthan Gum, Citric Acid, Ethylhexylglycerin, Enteromorpha Compressa Extract, Sorbitan Oleate, Santalum Album (Sandalwood) Extract, Chamomilla Recutita (Matricaria) Flower Extract, Saccharum Officinarum (Sugar Cane) Extract, Citrus Limon (Lemon) Fruit Extract,  Glycyrrhiza Glabra (Licorice) Root Extract, Leuconostoc/Radish Root Ferment Filtrate, Sodium Phytate, Silybum Marianum Fruit Extract, Ocimum Sanctum Leaf Extract, Tocopherol, Violet 2 (Ci 60730), Red 4 (Ci 14700), Limonene, Linalool, Citral.']",60.0,,,0,0,0,0,1,"['Vegan', 'Good for: Dullness/Uneven Texture', 'Good for: Loss of firmness', 'Clean at Sephora', 'AHA/Glycolic Acid', 'Cruelty-Free']",Skincare,Moisturizers,Night Creams,0,,
P503651,Dewtopia 5% AHA Firming Night Crème,5674,OLEHENRIKSEN,10448,4.8319,339.0,1.7 oz / 50 mL,Size,1.7 oz / 50 mL,,"['Aqua/Water/Eau, Glycerin, Vitis Vinifera (Grape) Seed Oil, Butyrospermum Parkii (Shea) Butter, C12-15 Alkyl Benzoate, Dicaprylyl Carbonate, Lactic Acid, Cetearyl Alcohol, Glycolic Acid, Glyceryl Stearate, Potassium Hydroxide, Propanediol, Panthenol, Citric Acid, Leontopodium Alpinum Callus Culture Extract, Riboflavin, Tocopherol, Tocopheryl Acetate, Bakuchiol, Linoleic Acid, Linolenic Acid, Enteromorpha Compressa Extract, Chamomilla Recutita (Matricaria) Flower Extract, Ocimum Sanctum Leaf Extract, Silybum Marianum Fruit Extract, Glycyrrhiza Glabra (Licorice) Root Extract, Saccharum Officinarum (Sugar Cane) Extract/Extrait De Canne a Sucre, Santalum Album (Sandalwood) Extract, Citrus Limon (Lemon) Fruit Extract, Citrus Aurantifolia (Lime) Peel Extract, Citrus Aurantium Bergamia (Bergamot) Peel Oil, Citrus Limon (Lemon) Peel Oil, Cetyl Alcohol, Sorbitan Oleate, Leuconostoc/Radish Root Ferment Filtrate, Cetearyl Glucoside, Sodium Phytate, Glucose, Sodium Acrylate/Sodium Acryloyldimethyl Taurate Copolymer, Ceteth-20, Steareth-20, Pentaerythrityl Tetra-Di-T-Butyl Hydroxyhydrocinnamate, Hydroxyacetophenone, Xanthan Gum, Dimethicone, Polysorbate 60, Polysorbate 80, PEG-75 Stearate, Isohexadecane, Phenoxyethanol, Triethyl Citrate, Ethylhexylglycerin, Dimethylhydroxy Furanone, Vanillin, Limonene, Linalool, Citral.']",60.0,,,0,0,0,0,1,"['Good for: Dullness/Uneven Texture', 'Good for: Loss of firmness', 'Clean at Sephora', 'AHA/Glycolic Acid', 'Good for: Dryness', 'Good for: Dark spots']",Skincare,Moisturizers,Night Creams,0,,
P504639,Banana Bright+ Vitamin CC Eye Sticks,5674,OLEHENRIKSEN,17823,4.604,298.0,Banana .13 oz / 3.6 g,Color,,,"['Caprylic/Capric Triglyceride, Aqua/Water/Eau, Cera Microcristallina/Microcrystalline  Wax/Cire  Microcristalline,  Synthetic  Wax,  C9-12 Alkane, Tridecyl Trimellitate, Propanediol, Mica, Polyglyceryl-3 Diisostearate, Glycerin, Butylene Glycol, Polyglyceryl-6 Polyricinoleate, Sodium Chloride, 3-O-Ethyl Ascorbic Acid, Tetrahexyldecyl Ascorbate, Caffeine, Tocopherol, Poncirus Trifoliata Fruit Extract, Citrus Nobilis (Mandarin Orange) Fruit Extract, Citrus Paradisi (Grapefruit) Peel Extract, Jojoba Esters, Ethylhexylglycerin, Sodium Phytate, Polysilicone-11, Phenoxyethanol, Tin Oxide, Iron Oxides (Ci 77491, Ci 77492, Ci 77499), Titanium Dioxide (Ci 77891).']",34.0,,,0,1,0,0,1,"['Vegan', 'Good for: Dullness/Uneven Texture', 'Vitamin C', 'Good for: Dark Circles', 'Clean at Sephora', 'Good for: Dryness']",Skincare,Eye Care,Eye Creams & Treatments,2,34.0,34.0
P504043,Hydrabarrier Nourishing Face Oil,5674,OLEHENRIKSEN,14652,4.8186,204.0,1 oz / 30 mL,Size,1 oz / 30 mL,,"['Sambucus Nigra Seed Oil, Rosa Canina Seed Oil, Crambe Abyssinica Seed Oil, Squalane, Tocopheryl Acetate, Salvia Hispanica Seed Oil, Ribes Nigrum (Black Currant) Seed Oil, Rubus Chamaemorus Seed Oil, Vaccinium Vitis-Idaea Seed Oil, Palmitoyl Hexapeptide-12, Palmitoyl Tetrapeptide-7, Palmitoyl Tripeptide-1, Linoleic Acid, Linolenic Acid, Tocopherol, Lithospermum Erythrorhizon Root Extract, Rosmarinus Officinalis (Rosemary) Leaf Extract, Helianthus Annuus (Sunflower) Seed Oil, Caprylic/Capric Triglyceride, Pentaerythrityl Tetraisostearate, Propylene Carbonate, Stearalkonium Hectorite, Parfum/Fragrance, Citral, Limonene, Linalool.']",58.0,,,0,1,0,0,1,"['Vegan', 'Good for: Dullness/Uneven Texture', 'Good for: Loss of firmness', 'Clean at Sephora', 'Good for: Anti-Aging', 'Good for: Dryness']",Skincare,Moisturizers,Face Oils,0,,
P500033,Firmly Yours Dry Body Oil with Peptides,5674,OLEHENRIKSEN,9801,4.4734,395.0,3.4 oz / 100 mL,Size,3.4 oz / 100 mL,,"['Coco-Caprylate/Caprate, Crambe Abyssinica Seed Oil, Dicaprylyl Ether, Squalane, Sambucus Nigra Seed Oil, Passiflora Incarnata Seed Oil, Tocopheryl Acetate, Salvia Hispanica Seed Oil, Borago Officinalis Seed Oil, Vaccinium Vitis-Idaea Seed Oil, Lupinus Albus Seed Extract, Palmitoyl Hexapeptide-12, Palmitoyl Tripeptide-1, Euterpe Oleracea Sterols, Linoleic Acid, Linolenic Acid, Oleic Acid, Sambucus Nigra Fruit Extract, Bisabolol, Tocopherol, Helianthus Annuus (Sunflower) Seed Oil, Citrus Paradisi (Grapefruit) Peel Oil,Citrus Aurantium Dulcis (Orange) Peel Oil, Citrus Nobilis (Mandarin Orange) Peel Oil, Citrus Limon (Lemon) Peel Oil, Cymbopogon Citratus Leaf/Stem Oil,Caprylic/Capric Triglyceride, Pentaerythrityl Tetraisostearate, Propylene Carbonate, Stearalkonium Hectorite, Limonene, Citral.']",45.0,,,0,0,0,0,1,"['Vegan', 'Good for: Loss of firmness', 'Clean at Sephora', 'Good for: Anti-Aging', 'Good for: Dryness']",Bath & Body,Body Moisturizers,Body Lotions & Body Oils,0,,
P470240,Truth Serum Vitamin C Serum,5674,OLEHENRIKSEN,38002,4.1875,128.0,1.0 oz/ 30 mL,Size,1.0 oz/ 30 mL,,"['Aqua/Water/Eau, Glycerin, Oleth-20, Sodium Ascorbyl Phosphate, Hydroxyethylcellulose, Phenoxyethanol, Caprylyl Glycol, Hexylene Glycol, Citric Acid, Parfum/Fragrance, Peg-12 Dimethicone, Tocopheryl Acetate, Aroma/Flavor, Collagen, Disodium Phosphate, Polysorbate 60, Yellow 6  (CI 15985), Aloe Barbadensis Leaf Extract, Citrus Aurantium Dulcis (Orange) Fruit Extract, Sodium Hyaluronate, Thioctic Acid, Calcium Ascorbate, Sodium Phosphate, Sorbitol, Citrus Grandis (Grapefruit) Seed Extract, Sodium Benzoate, Ascorbic Acid, Camellia Sinensis Leaf Extract, Euphrasia Officinalis Extract, Rosa Canina Fruit Extract, Leuconostoc/Radish Root Ferment Filtrate, Potassium Sorbate, Triacetin, Sodium Benzotriazolyl Butylphenol Sulfonate, Benzyl Benzoate, Limonene, Linalool.']",56.0,,,0,0,0,0,1,"['Vitamin C', 'Collagen', 'Good for: Dryness', 'Good for: Dullness/Uneven Texture', 'Without Parabens', 'Vegan']",Skincare,Treatments,Face Serums,0,,
P503878,Pout Preserve Peptide Lip Treatment,5674,OLEHENRIKSEN,20729,4.5727,110.0,.4 oz / 12 mL,Size,.4 oz / 12 mL,,"['Polybutene,  Hydrogenated  Polydecene,  Bis-Diglyceryl  Polyacyladipate-2, Hydrogenated   Styrene/Isoprene   Copolymer,   Cera   Microcristallina/Microcrystalline Wax/Cire  Microcristalline,  Silica,  Rubus  Chamaemorus  Seed  Oil,  Garcinia  Indica  Seed Butter, Euterpe   Oleracea   Sterols,   Palmitoyl   Hexapeptide-12,   Palmitoyl   Tripeptide-1, Tocopheryl  Acetate,  Tocopherol,  Irvingia  Gabonensiskernel  Butter,  Citrus  Aurantium Dulcis  (Orange)  Peel  Oil,  Citrus  Aurantium  Dulcis  (Orange)  Peel  Wax,  Citrus  Aurantium Dulcis   (Orange)   Fruit   Extract,   Linoleic   Acid,   Linolenic   Acid,   Oleic   Acid,   Lactic   Acid, Helianthus Annuus (Sunflower) Seed Oil, Caprylic/Capric Triglyceride, Cera Carnauba/Copernicia  Cerifera  (Carnauba)  Wax/Cire  De  Carnauba,  Hydrogenated  Coco-Glycerides,   Sorbitan   Isostearate,   Pentaerythrityl   Tetraisostearate,   Pentaerythrityl Tetra-Di-T-Butyl     Hydroxyhydrocinnamate,     Octyldodecanol,     Ethylhexyl     Palmitate, Dicalcium   Phosphate,   Tribehenin,   Propylene   Carbonate,   Stearalkonium   Hectorite, Parfum/Fragrance,  Citral,  Limonene,  Linalool,  Iron  Oxides  (Ci  77491,  Ci  77492),  Titanium Dioxide (Ci 77891).']",22.0,,,0,1,0,0,1,"['Vegan', 'Good for: Loss of firmness', 'Clean at Sephora', 'Good for: Anti-Aging', 'Good for: Dryness']",Skincare,Lip Balms & Treatments,,0,,
P501586,Mini Strength Trainer Peptide Boost Moisturizer,5674,OLEHENRIKSEN,8349,4.1818,11.0,0.5 oz / 15 mL,Size,0.5 oz / 15 mL,,,20.0,,,0,0,0,0,1,"['Vegan', 'Hyaluronic Acid', 'Good for: Loss of firmness', 'Clean at Sephora', 'Good for: Anti-Aging', 'Good for: Dryness']",Mini Size,Skincare,,0,,
P459131,3 Mega Wonders,5674,OLEHENRIKSEN,22166,4.2346,81.0,,,,,"['Glow2OH Dark Spot Toner:', 'Aqua/Water/Eau, Glycolic Acid, Hamamelis Virginiana (Witch Hazel) Water, Lactic Acid, Sodium Hydroxide, Polysorbate 20, Phenoxyethanol, Parfum/Fragrance, Phytic Acid, Ethylhexylglycerin, Glycerin, Chamomilla Recutita (Matricaria) Flower Extract, Citrus Limon (Lemon) Fruit Extract, Glycyrrhiza Glabra (Licorice) Root Extract, Saccharum Officinarum (Sugar Cane) Extract, Santalum Album (Sandalwood) Extract, Benzoic Acid, Leuconostoc/Radish Root Ferment Filtrate, Tocopherol, Citral, Limonene, Linalool.', 'Banana Bright Vitamin C Serum:', 'Aqua/Water/Eau, 3-O-Ethyl Ascorbic Acid, Neopentyl Glycol Diheptanoate, Gluconolactone, Cetearyl Olivate, Sorbitan Olivate, Citrus Aurantium Dulcis (Orange) Oil, Citrus Aurantium Dulcis (Orange) Peel Oil, Triethyl Citrate, Citrus Sinensis (Orange) Fruit Extract, Helianthus Annuus (Sunflower) Seed Oil, Potassium Hydroxide, Betaine, Panthenol, Phenoxyethanol, Hydroxyacetophenone, Aminomethyl Propanol, Acrylates/C10-30 Alkyl Acrylate Crosspolymer, Gluconic Acid, Tocopherol, Glycerin, Succinoglycan, Phytic Acid, Mica, Sodium Metabisulfite, Sodium Hyaluronate, Hyaluronic Acid, Caramel, Dipotassium Glycyrrhizate, Sodium Polyacrylate, Pentaerythrityl Tetra-Di-T-Butyl Hydroxyhydrocinnamate, Sodium Phytate, Citrus Limon (Lemon) Fruit Extract, Rosa Canina Fruit Extract, Hippophae Rhamnoides Extract, Ascorbic Acid, Lycium Barbarum Fruit Extract, Citrus Aurantium Dulcis (Orange) Fruit Extract, Leuconostoc/Radish Root Ferment Filtrate, Limonene, Linalool, Citral, Titanium Dioxide (Ci 77891), Yellow 5 (Ci 19140), Red 4 (Ci 14700).', 'C-Rush Brightening Gel Créme:', 'Aqua/Water/Eau, Glycerin, Dicaprylyl Carbonate, Propanediol, Caprylic/Capric Triglyceride, 3-O-Ethyl Ascorbic Acid, Glycereth-26, Ammonium Acryloyldimethyltaurate/Beheneth-25 Methacrylate Crosspolymer, Hydrolyzed Jojoba Esters, Cetearyl Alcohol, Polyacrylate Crosspolymer-6, Hydroxyacetophenone, Panthenol, Polyglyceryl-3 Methylglucose Distearate, Tetrahexyldecyl Ascorbate, Linoleic Acid, Citric Acid, Phenoxyethanol, Parfum/Fragrance, Pentaerythrityl Tetra-Di-T-Butyl Hydroxyhydrocinnamate, Xanthan Gum, Cetearyl Glucoside, Linolenic Acid, Citrus Aurantium Dulcis (Orange) Fruit Extract, Citrus Limon (Lemon) Fruit Extract, Hippophae Rhamnoides Extract, Lycium Barbarum Fruit Extract, Rosa Canina Fruit Extract, Ethylhexylglycerin, Leuconostoc/Radish Root Ferment Filtrate, Sodium Citrate, Camellia Japonica Flower Extract, Aroma/Flavor, Sodium Hyaluronate, Sodium Polyacrylate, Sodium Phytate, Hyaluronic Acid, Vegetable Collagen, Ascorbic Acid, Tocopherol, Yellow 6 (CI 15985), Yellow 5 (CI 19140), Citral, Limonene, Linalool, Benzyl Alcohol.']",65.0,93.0,39.0,0,0,0,0,1,"['Hyaluronic Acid', 'Good for: Loss of firmness', 'Vitamin C', 'Without Parabens', 'Good for: Dark spots', 'Without Sulfates SLS & SLES']",Skincare,Value & Gift Sets,,0,,
P500047,BeamCream Smoothing Body Moisturizer with AHAs,5674,OLEHENRIKSEN,6892,4.415,400.0,6.4 oz / 190 mL,Size,6.4 oz / 190 mL,,"['Aqua/Water/Eau, Caprylic/Capric Triglyceride, Crambe Abyssinica Seed Oil, Cetyl Ethylhexanoate, Lactic Acid, Cetearyl Alcohol, Methylpropanediol, Propanediol, Steareth-21, Butyrospermum Parkii (Shea) Butter, Mangifera Indica (Mango) Seed Butter, Dimethicone, Potassium Hydroxide, Glycolic Acid, Sambucus Nigra Seed Oil, Vaccinium Vitis-Idaea Seed Oil, Caffeine, Carnitine, Polyglutamic Acid, Octadecenedioic Acid, Citrus Grandis (Grapefruit) Fruit Extract, Citrus Paradisi (Grapefruit) Fruit Extract, Citrus Sinensis (Orange) Fruit Extract, Citrus Limon (Lemon) Fruit Extract, Helianthus Annuus (Sunflower) Seed Oil, Glycerin, Tocopherol, Cetearyl Olivate, Sorbitan Olivate, Caprylyl Glycol, Polysorbate 60, Acrylates/C10-30 Alkyl Acrylate Crosspolymer, Potassium Cetyl Phosphate, Leuconostoc/Radish Root Ferment Filtrate, Hydroxyethyl Acrylate/Sodium Acryloyldimethyl Taurate Copolymer, Citrus Paradisi (Grapefruit) Peel Oil, Citrus Aurantium Dulcis (Orange) Peel Oil, Citrus Nobilis (Mandarin Orange) Peel Oil, Citrus Limon (Lemon) Peel Oil, Cymbopogon Citratus Leaf/Stem Oil, Pentaerythrityl Tetra-Di-T-Butyl Hydroxyhydrocinnamate, Ethylhexylglycerin, Glycine Soja (Soybean) Oil, Hydroxyacetophenone, Tromethamine, Limonene, Citral.']",38.0,,,0,0,0,0,1,"['Vegan', 'Good for: Dullness/Uneven Texture', 'Clean at Sephora', 'Good for: Anti-Aging', 'Good for: Dryness', 'Good for: Dark spots']",Bath & Body,Body Moisturizers,Body Lotions & Body Oils,1,20.0,20.0
P471566,Mini Lemonade Smoothing Scrub,5674,OLEHENRIKSEN,13714,4.1923,52.0,1 oz / 30 mL,Size,1 oz / 30 mL,,"['Aqua/Water/Eau, Glycerin, Glycolic Acid, Sucrose, Hydrated Silica, Polyglyceryl-10 Dipalmitate, Propanediol, Lactic Acid, Sodium Cocoyl Isethionate, Polyacrylate Crosspolymer-6, Sodium Hydroxide, Sodium Lactate, Acrylamide/Sodium Acryloyldimethyltaurate Copolymer, Citrus Limon (Lemon) Peel Powder, Citrus Limon (Lemon) Fruit Extract, Ocimum Sanctum Leaf Extract, Chamomilla Recutita (Matricaria) Flower Extract, Glycyrrhiza Glabra (Licorice) Root Extract, Saccharum Officinarum (Sugarcane) Extract/Extrait De Canne a Sucre, Citrus Aurantifolia (Lime) Peel Extract, Santalum Album (Sandalwood) Extract, Citrus Limon (Lemon) Peel Oil, Citrus Aurantium Bergamia (Bergamot) Peel Oil, Leuconostoc/Radish Root Ferment Filtrate, Coconut Acid, Sodium Riboflavin Phosphate, Dimethylhydroxy Furanone, Isohexadecane, Polysorbate 80, Sodium Isethionate, Sorbitan Oleate, Triethyl Citrate, Vanillin, Pentaerythrityl Tetra-Di-T-Butyl Hydroxyhydrocinnamate, Caprylyl Glycol, Phenoxyethanol, Limonene, Linalool, Citral.']",18.0,,,0,0,0,0,1,"['Good for: Dullness/Uneven Texture', 'Clean at Sephora', 'AHA/Glycolic Acid']",Skincare,Mini Size,,0,,
P473323,Acids Done Bright Smoothing Skincare Set,5674,OLEHENRIKSEN,4370,4.8182,11.0,,,,,"['Glow2OH Dark Spot Toner:', 'Aqua/Water/Eau, Glycolic Acid, Hamamelis Virginiana (Witch Hazel) Water, Lactic Acid, Sodium Hydroxide, Polysorbate 20, Phenoxyethanol, Parfum/Fragrance, Phytic Acid, Ethylhexylglycerin, Glycerin, Chamomilla Recutita (Matricaria) Flower Extract, Citrus Limon (Lemon) Fruit Extract, Glycyrrhiza Glabra (Licorice) Root Extract, Saccharum Officinarum (Sugar Cane) Extract, Santalum Album (Sandalwood) Extract, Benzoic Acid, Leuconostoc/Radish Root Ferment Filtrate, Tocopherol, Citral, Limonene, Linalool.', 'Lemonade Smoothing Scrub:', 'Aqua/Water/Eau, Glycerin, Glycolic Acid, Sucrose, Hydrated Silica, Polyglyceryl-10 Dipalmitate, Propanediol, Lactic Acid, Sodium Cocoyl Isethionate, Polyacrylate Crosspolymer-6, Sodium Hydroxide, Sodium Lactate, Acrylamide/Sodium Acryloyldimethyltaurate Copolymer, Citrus Limon (Lemon) Peel Powder, Citrus Limon (Lemon) Fruit Extract, Ocimum Sanctum Leaf Extract, Chamomilla Recutita (Matricaria) Flower Extract, Glycyrrhiza Glabra (Licorice) Root Extract, Saccharum Officinarum (Sugarcane) Extract/Extrait De Canne a Sucre, Citrus Aurantifolia (Lime) Peel Extract, Santalum Album (Sandalwood) Extract, Citrus Limon (Lemon) Peel Oil, Citrus Aurantium Bergamia (Bergamot) Peel Oil, Leuconostoc/Radish Root Ferment Filtrate, Coconut Acid, Sodium Riboflavin Phosphate, Dimethylhydroxy Furanone, Isohexadecane, Polysorbate 80, Sodium Isethionate, Sorbitan Oleate, Triethyl Citrate, Vanillin, Pentaerythrityl Tetra-Di-T-Butyl Hydroxyhydrocinnamate, Caprylyl Glycol, Phenoxyethanol, Limonene, Linalool, Citral.', 'Dewtopia 20% Acid Night Treatment:', 'Aqua/Water/Eau, Aloe Barbadensis Leaf Juice, Betula Alba Juice, Gluconolactone, Glycolic Acid, Gossypium Herbaceum (Cotton) Fruit Water, Lactic Acid, Isoamyl Laurate, Potassium Hydroxide, Polyacrylate Crosspolymer-6, Silica, Sodium Hydroxide, Neopentyl Glycol Diheptanoate, Polyglyceryl-3 Laurate, Gluconic Acid, Citrus Limon (Lemon) Fruit Extract, Dipotassium Glycyrrhizate, Glycyrrhiza Glabra (Licorice) Root Extract, Saccharum Officinarum (Sugarcane) Extract/Extrait De Canne A Sucre, Chamomilla Recutita (Matricaria) Flower Extract, Citrus Aurantifolia (Lime) Peel Extract, Citrus Limon (Lemon) Peel Oil, Santalum Album (Sandalwood) Extract, Glycerin, Leuconostoc/Radish Root Ferment Filtrate, Sodium Riboflavin Phosphate, Citrus Aurantium Bergamia (Bergamot) Peel Oil, Triethyl Citrate,  Isododecane, Polysorbate 60, Sorbitan Isostearate, Hydroxyethyl Acrylate/Sodium Acryloyldimethyl Taurate Copolymer, Pentaerythrityl Tetra-Di-T-Butyl Hydroxyhydrocinnamate, Dimethylhydroxy Furanone, Vanillin, 1,2-Hexanediol, Caprylyl Glycol, Phenoxyethanol, Limonene, Linalool, Citral.']",44.0,58.0,,0,0,1,0,0,"['Vegan', 'Good for: Dullness/Uneven Texture', 'Clean at Sephora', 'Good for: Anti-Aging', 'AHA/Glycolic Acid', 'Good for: Dark spots']",Men,Value & Gift Sets,Skincare Sets,0,,
P502976,Stay in Touch Restorative Hand Crème,5674,OLEHENRIKSEN,4043,4.541,61.0,2.5 oz / 75 mL,Size,2.5 oz / 75 mL,,"['Aqua/Water/Eau, Caprylic/Capric Triglyceride, Lauryl Laurate, Stearyl Alcohol, Helianthus Annuus (Sunflower) Seed Oil, Squalane, Glycerin, Polyglyceryl-2 Stearate, Glycerylstearate, Glyceryl Stearate Se, Euterpe Oleracea Sterols, Rubus Chamaemorus Seed Oil, Ribes Nigrum (Black Currant) Seed Oil, Sambucus Nigra Seed Oil, Vaccinium Vitis-Idaea Seed Oil, Polyglutamic Acid, Linoleic Acid, Oleic Acid, Linolenic Acid, Carnitine, Sodium Pca, Tocopherol, Citrus Grandis (Grapefruit) Fruit Extract, Citrus Paradisi (Grapefruit) Fruit Extract, Citrus Sinensis (Orange) Fruit Extract, Citrus Limon (Lemon) Fruit Extract, Potassium Cetyl Phosphate, Acrylates/C10-30 Alkyl Acrylate Crosspolymer, Sodium Hydroxide, Sodium Phytate, Ethylhexylglycerin,Citrus Paradisi (Grapefruit) Peel Oil, Xanthan Gum, Citrus Nobilis (Mandarin Orange) Peel Oil, Phenoxyethanol, Dimethicone, Citrus Aurantium Dulcis (Orange) Peel Oil, Citrus Limon (Lemon) Peel Oil, Leuconostoc/Radish Root Ferment Filtrate, Cymbopogon Citratus Leaf/Stem Oil, Limonene, Citral.']",22.0,,,0,0,0,0,1,"['Vegan', 'Good for: Dullness/Uneven Texture', 'Clean at Sephora', 'Good for: Anti-Aging', 'Good for: Dryness']",Bath & Body,Body Moisturizers,Hand Cream & Foot Cream,0,,
P472180,Balance It All Oil Control & Pore-Refining Set,5674,OLEHENRIKSEN,6808,3.6364,22.0,,,,,"['Find Your Balance Oil Control Cleanser:', 'Water, Sodium Cocoyl Isethionate, Decyl Glucoside, Cocamidopropyl Betaine, Glycerin, Acrylates Copolymer, Glycol Distearate, Phenoxyethanol, Glycolic Acid, Lactic Acid, Sodium Hydroxide, Caprylyl Glycol, Eucalyptus Globulus Leaf Oil, Mentha Piperita (Peppermint) Oil, Laureth-4, Ethylhexylglycerin, Hexylene Glycol, Melia Azadirachta Seed Oil, Linoleic Acid, Camellia Sinensis Leaf Extract, Chonrus Crispus (Carrageenan) Extract, Eucalyptus Globulus Leaf Extract, Macrocystis Pyrifera (Kelp) Extract, Phytic Acid, Linolenic Acid, Sodium Benzoate, Tocopherol, Limonene.', 'Balancing Force Oil Control Toner:', 'Water, Polysorbate 20, Hamamelis Virginiana (Witch Hazel) Water, Gylcerin, Gluconolactone, Glycolici Acid, Lactic Acid, Oleth-20, Salicylic Acid, Sodium Hydroxide, Sodium Benzoate, Menthyl Lactate, Eucalpytus Globulus Leaf Oil, Mentha Piperita (Peppermint) Oil, Melia Azadirachta Seed Oil, Linoleic Acid, Macrocystis Pyrifera (Kelp) Extract, Eucalyptus Globulus Leaf Extract, Chondrus Crispus (Carrageenan) Extract, Camellia Sinensis Leaf Extract, Linolenic Acid, Phenoxyethanol, Calcium Gluconate, Benzoic Acid, Tocopherol, Limonene.', 'Cold Plunge Pore Remedy Moisturizer:', 'Aqua/Water/Eau, Propanediol, Dicaprylyl Carbonate, Glycerin, Isopentyldiol, Cetearyl Olivate, Polysorbate 60, Sorbitan Olivate, Capryloyl Salicylic Acid, Cetearyl Alcohol, Dimethicone, Pseudoalteromonas Ferment Extract, Stearyl Alcohol, Phenoxyethanol, Acrylates/C10-30 Alkyl Acrylate Crosspolymer, Salicylic Acid, Sodium Polyacrylate Starch, Menthyl Lactate, Parfum/Fragrance, Epilobium Fleischeri Flower/Leaf/Stem Extract, Dipotassium Glycyrrhizate, Trifolium Pratense (Clover) Flower Extract, Sodium Phytate, Citric Acid, Ethylhexylglycerin, Camellia Sinensis Leaf Extract, Chondrus Crispus (Carrageenan) Extract, Eucalyptus Globulus Leaf Extract, Macrocystis Pyrifera (Kelp) Extract, Potassium Sorbate, Sodium Salicylate, Tocopherol, Yellow 5 (Ci 19140), Blue 1 (Ci 42090), Limonene.']",40.0,,,0,0,0,0,1,"['Best for Combination Skin', 'Best for Oily Skin', 'Good for: Pores', 'Good for: Acne/Blemishes', 'Salicylic Acid', 'Clean at Sephora']",Skincare,Value & Gift Sets,,0,,
P503572,Let's Get Luminous Brightening Essentials Set,5674,OLEHENRIKSEN,11164,3.4444,9.0,,,,,"['Truth Serum:', 'Aqua/Water/Eau, Glycerin, Oleth-20, Sodium Ascorbyl Phosphate, Hydroxyethylcellulose, Phenoxyethanol, Caprylyl Glycol, Hexylene Glycol, Citric Acid, Parfum/Fragrance, PEG-12 Dimethicone, Tocopheryl Acetate, Aroma/Flavor, Collagen, Disodium Phosphate, Polysorbate 60, Yellow 6 (CI 15985), Aloe Barbadensis Leaf Extract, Citrus Aurantium Dulcis (Orange) Fruit Extract, Sodium Hyaluronate, Thioctic Acid, Calcium Ascorbate, Sodium Phosphate, Sorbitol, Citrus Grandis (Grapefruit) Seed Extract, Sodium Benzoate, Ascorbic Acid, Camellia Sinensis Leaf Extract, Euphrasia Officinalis Extract, Rosa Canina Fruit Extract, Leuconostoc/Radish Root Ferment Filtrate, Potassium Sorbate, Triacetin, Sodium Benzotriazolyl Butylphenol Sulfonate, Benzyl Benzoate, Limonene, Linalool.', 'C-Rush Brightening Gel Créme:', 'Aqua/Water/Eau, Simmondsia Chinensis (Jojoba) Seed Oil, Butyrospermum Parkii (Shea) Butter, Isododecane, Coconut Alkanes, Tetrahexyldecyl Ascorbate, Polyglyceryl-3 Rice Branate, Polyglyceryl-3 Beeswax, Cetearyl Alcohol, 3-0-Ethyl Ascorbic Acid, Glycerin, Dilinoleic Acid/Propanediol Copolymer, Polymethylsilsesquioxane, Cocoyl Proline, Pentaerythrityl Tetraisostearate, Dimethicone Crosspolymer, HDI/Trimethylol Hexyllactone Crosspolymer, Polyacrylate-13, Mica, Polysorbate 20, Caprylyl Glycol, Titanium Dioxide (CI 77891), Polyglyceryl-6 Ricinoleate, Polyglyceryl-6 Caprylate, Polyglyceryl-4 Caprate, Polyglyceryl-3 Cocoate, Phenoxyethanol, Coco-Caprylate/Caprate, Polyisobutene, Acrylates/C10-30 Alkyl Acrylate Crosspolymer, Parfum/Fragrance, Tamarindus Indica Seed Polysaccharide, Tocopheryl Acetate, Rosa Canina Fruit Extract, Lycium Barbarum Fruit Extract, Hippophae Rhamnoides Extract, Citrus Limon (Lemon) Fruit Extract, Citrus Aurantium Dulcis (Orange) Fruit Extract, Sodium Hydroxide, Sorbic Acid, Iron Oxides (CI 77491), Leuconostoc/Radish Root Ferment Filtrate, Sorbitan Isostearate, Silica, Sodium Benzoate, Propanediol, Vegetable Collagen, Aroma/Flavor, Ascorbic Acid, Linoleic Acid, Pullulan, Nannochloropsis Oculata Extract, Linolenic Acid, Citric Acid, Potassium Sorbate, Tocopherol, Citral, Limonene, Linalool.', 'Banana Bright+ Eye Créme:', 'Water, Simmondsia Chinensis (Jojoba) Seed Oil, Butyrospermum Parkii (Shea) Butter, Isododecane, Coconut Alkanes, Tetrahexyldecyl Ascorbate, Polyglyceryl-3 Rice Branate, Polyglyceryl-3 Beeswax, Cetearyl Alcohol, 3-0-Ethyl Ascorbic Acid, Glycerin, Dilinoleic Acid/Propanediol Copolymer, Polymethylsilsesquioxane, Cocoyl Proline, Pentaerythrityl Tetraisostearate, Dimethicone Crosspolymer, HDI/Trimethylol Hexyllactone Crosspolymer, Polyacrylate-13, Mica, Polysorbate 20, Caprylyl Glycol, Titanium Dioxide (CI 77891), Polyglyceryl-6 Ricinoleate, Polyglyceryl-6 Caprylate, Polyglyceryl-4 Caprate, Polyglyceryl-3 Cocoate, Phenoxyethanol, Coco-Caprylate/Caprate, Polyisobutene, Acrylates/C10-30 Alkyl Acrylate Crosspolymer, Parfum/Fragrance, Tamarindus Indica Seed Polysaccharide, Tocopheryl Acetate, Rosa Canina Fruit Extract, Lycium Barbarum Fruit Extract, Hippophae Rhamnoides Extract, Citrus Limon (Lemon) Fruit Extract, Citrus Aurantium Dulcis (Orange) Fruit Extract, Sodium Hydroxide, Sorbic Acid, Iron Oxides (CI 77491), Leuconostoc/Radish Root Ferment Filtrate, Sorbitan Isostearate, Silica, Sodium Benzoate, Propanediol, Vegetable Collagen, Aroma/Flavor, Ascorbic Acid, Linoleic Acid, Pullulan, Nannochloropsis Oculata Extract, Linolenic Acid, Citric Acid, Potassium Sorbate, Tocopherol, Citral, Limonene, Linalool.']",46.0,81.0,,0,0,0,0,0,"['Vegan', 'Good for: Dullness/Uneven Texture', 'Good for: Dark Circles', 'Clean at Sephora', 'Good for: Anti-Aging', 'Good for: Dryness']",Skincare,Value & Gift Sets,,0,,
P454800,Mini Glow2OH Dark Spot Toner,5674,OLEHENRIKSEN,0,4.5,8.0,2.2 oz/ 65 mL,Size,2.2 oz/ 65 mL,,"['Water, Glycolic Acid, Hamamelis Virginiana (Witch Hazel) Water, Lactic Acid, Sodium Hydroxide, Polysorbate 20, Phenoxyethanol, Fragrance, Phytic Acid, Ethylhexylglycerin, Glycerin, Chamomilla Recutita (Matricaria) Flower Extract, Citrus Limon (Lemon) Fruit Extract, Glycyrrhiza Glabra (Licorice) Root Extract, Saccharum Officinarum (Sugar Cane) Extract, Santalum Album (Sandalwood) Extract, Benzoic Acid, Leuconostoc/Radish Root Ferment Filtrate, Tocopherol, Citral, Limonene, Linalool.']",19.0,,,0,0,0,0,1,"['Vegan', 'Good for: Dullness/Uneven Texture', 'AHA/Glycolic Acid', 'Without Parabens', 'Good for: Dark spots']",Skincare,Mini Size,,0,,
P503933,The Night Time Edit- Jenna Rennert X OLEHENRIKSEN,5674,OLEHENRIKSEN,1927,3.4,5.0,,,,,"['Truth Juice Daily Cleanser:', 'Aqua/Water/Eau, Sodium Cocoyl Isethionate, Sodium Cocoamphoacetate, Cocamidopropyl Hydroxysultaine, Sodium Chloride, Acrylates/Beheneth-25 Methacrylate Copolymer, Phenoxyethanol, Citrus Aurantium Dulcis (Orange) Oil, Glycol Distearate, Gluconolactone, Propanediol, Glycerin, 1,2-Hexanediol, Citrus Aurantium Dulcis (Orange) Peel Oil, Sodium Benzoate, Citrus Aurantium Dulcis (Orange) Fruit Water, Titanium Dioxide (Ci 77891), Citrus Sinensis (Orange) Fruit Extract, Triethyl Citrate, Caprylhydroxamic Acid, Citrus Aurantium Dulcis (Orange) Fruit Extract, Citrus Limon (Lemon) Fruit Extract, Hippophae Rhamnoides Kernel Extract, Lycium Barbarum Fruit Extract, Rosa Canina Fruit Extract, Calcium Gluconate, Helianthus Annuus (Sunflower) Seed Oil, Leuconostoc/Radish Root Ferment Filtrate, Sodium Hydroxide, Yellow 6 (Ci 15985), Citric Acid, Potassium Sorbate, Xanthan Gum, Sodium Citrate, Limonene, Linalool.', 'Glow2OH Dark Spot Toner:', 'Aqua/Water/Eau, Glycolic Acid, Hamamelis Virginiana (Witch Hazel) Water, Lactic Acid, Sodium Hydroxide, Polysorbate 20, Phenoxyethanol, Parfum/Fragrance, Phytic Acid, Ethylhexylglycerin, Glycerin, Chamomilla Recutita (Matricaria) Flower Extract, Citrus Limon (Lemon) Fruit Extract, Glycyrrhiza Glabra (Licorice) Root Extract, Saccharum Officinarum (Sugar Cane) Extract, Santalum Album (Sandalwood) Extract, Benzoic Acid, Leuconostoc/Radish Root Ferment Filtrate, Tocopherol, Citral, Limonene, Linalool.', 'Dewtopia Night Créme:', 'Aqua/Water/Eau, Glycerin, Vitis Vinifera (Grape) Seed Oil, Butyrospermum Parkii (Shea) Butter, C12-15 Alkyl Benzoate, Dicaprylyl Carbonate, Lactic Acid, Cetearyl Alcohol, Glycolic Acid, Glyceryl Stearate, Potassium Hydroxide, Propanediol, Panthenol, Citric Acid, Leontopodium Alpinum Callus Culture Extract, Riboflavin, Tocopherol, Tocopheryl Acetate, Bakuchiol, Linoleic Acid, Linolenic Acid, Enteromorpha Compressa Extract, Chamomilla Recutita (Matricaria) Flower Extract, Ocimum Sanctum Leaf Extract, Silybum Marianum Fruit Extract, Glycyrrhiza Glabra (Licorice) Root Extract, Saccharum Officinarum (Sugar Cane) Extract/Extrait De Canne a Sucre, Santalum Album (Sandalwood) Extract, Citrus Limon (Lemon) Fruit Extract, Citrus Aurantifolia (Lime) Peel Extract, Citrus Aurantium Bergamia (Bergamot) Peel Oil, Citrus Limon (Lemon) Peel Oil, Cetyl Alcohol, Sorbitan Oleate, Leuconostoc/Radish Root Ferment Filtrate, Cetearyl Glucoside, Sodium Phytate, Glucose, Sodium Acrylate/Sodium Acryloyldimethyl Taurate Copolymer, Ceteth-20, Steareth-20, Pentaerythrityl Tetra-Di-T-Butyl Hydroxyhydrocinnamate, Hydroxyacetophenone, Xanthan Gum, Dimethicone, Polysorbate 60, Polysorbate 80, Peg-75 Stearate, Isohexadecane, Phenoxyethanol, Triethyl Citrate, Ethylhexylglycerin, Dimethylhydroxy Furanone, Vanillin, Limonene, Linalool, Citral.']",65.0,,,1,0,0,0,1,"['Vegan', 'Good for: Dullness/Uneven Texture', 'Clean at Sephora', 'Good for: Anti-Aging', 'Good for: Dryness', 'Good for: Dark spots']",Skincare,Value & Gift Sets,,0,,
P503876,OLE Glow Icons Skincare Set,5674,OLEHENRIKSEN,1997,3.75,4.0,,,,,"['Banana Bright Vitamin C Serum:', 'Aqua/Water/Eau, 3-O-Ethyl Ascorbic Acid, Neopentyl Glycol Diheptanoate, Gluconolactone, Cetearyl Olivate, Sorbitan Olivate, Citrus Aurantium Dulcis (Orange) Oil, Citrus Aurantium Dulcis (Orange) Peel Oil, Triethyl Citrate, Citrus Sinensis (Orange) Fruit Extract, Helianthus Annuus (Sunflower) Seed Oil, Potassium Hydroxide, Betaine, Panthenol, Phenoxyethanol, Hydroxyacetophenone, Aminomethyl Propanol, Acrylates/C10-30 Alkyl Acrylate Crosspolymer, Gluconic Acid, Tocopherol, Glycerin, Succinoglycan, Phytic Acid, Mica, Sodium Metabisulfite, Sodium Hyaluronate, Hyaluronic Acid, Caramel, Dipotassium Glycyrrhizate, Sodium Polyacrylate, Pentaerythrityl Tetra-Di-T-Butyl Hydroxyhydrocinnamate, Sodium Phytate, Citrus Limon (Lemon) Fruit Extract, Rosa Canina Fruit Extract, Hippophae Rhamnoides Extract, Ascorbic Acid, Lycium Barbarum Fruit Extract, Citrus Aurantium Dulcis (Orange) Fruit Extract, Leuconostoc/Radish Root Ferment Filtrate, Limonene, Linalool, Citral, Titanium Dioxide (Ci 77891), Yellow 5 (Ci 19140), Red 4 (Ci 14700).', 'Glow2OH Dark Spot Toner:', 'Aqua/Water/Eau, Glycolic Acid, Hamamelis Virginiana (Witch Hazel) Water, Lactic Acid, Sodium Hydroxide, Polysorbate 20, Phenoxyethanol, Parfum/Fragrance, Phytic Acid, Ethylhexylglycerin, Glycerin, Chamomilla Recutita (Matricaria) Flower Extract, Citrus Limon (Lemon) Fruit Extract, Glycyrrhiza Glabra (Licorice) Root Extract, Saccharum Officinarum (Sugar Cane) Extract, Santalum Album (Sandalwood) Extract, Benzoic Acid, Leuconostoc/Radish Root Ferment Filtrate, Tocopherol, Citral, Limonene, Linalool.', 'Strength Trainer Peptide Boost Moisturizer:', 'Aqua/Water/Eau, Propanediol, Dicaprylyl Carbonate, Glycerin, Methylpropanediol, Cetearyl Alcohol, Stearyl Alcohol,Mangifera Indica (mango) Seed Butter, Niacinamide, Acetyl Hexapeptide-1, Acetyl Hexapeptide-8, Acetyl Octapeptide-3, Acetyl Tetrapeptide-2, Acetyl Dipeptide-1 Cetyl Ester, Palmitoyl Tripeptide-1, Palmitoyl Tetrapeptide-7, Carnosine, Ceramide np, Ceramide ap, Ceramide eop, Collagen, Serine, Alanine, Glycine, Glutamic Acid, Lysine hcl, Threonine, Arginine, Proline, Hyaluronic Acid, Sodium Hyaluronate, Linoleic Acid, Linolenic Acid, Sodium pca, Sodium Lactate, Panthenol, Tocopherol, Tocopheryl Acetate, Betaine, pca, Cyanocobalamin, Xylitol, Anhydroxylitol, Xylitylglucoside, Sorbitan Olivate, Carbomer, Hydroxyethylcellulose, Xanthan Gum, Cetearyl Olivate, Sorbitan Laurate, Phytosphingosine, Cholesterol, Polysorbate 60, Butylene Glycol, Hydroxyacetophenone, Glycine Soja(Soybean) Oil, Acrylates/c10-30 Alkyl Acrylate Crosspolymer, Polysorbate 20, Ammonium Acryloyldimethyltaurate/Beheneth-25 Methacrylate Crosspolymer, Dimethicone, Sodium Phytate, Sodium Lauroyl Lactylate, Pentaerythrityl Tetra-Di-T-Butyl Hydroxyhydrocinnamate, Leuconostoc/Radish Root Ferment Filtrate, Citric Acid, Caprylyl Glycol, Ethylhexylglycerin, Phenoxyethanol, Parfum/Fragrance*, Citral, Limonene, Linalool.']",62.0,102.0,,0,1,0,0,1,"['Vegan', 'Good for: Dullness/Uneven Texture', 'Clean at Sephora', 'Good for: Anti-Aging', 'Good for: Dryness', 'Good for: Dark spots']",Skincare,Value & Gift Sets,,0,,
P504035,Mini BeamCream Smoothing Body Moisturizer with AHAs,5674,OLEHENRIKSEN,1034,4.0,1.0,1.7 oz / 50 mL,Size,1.7 oz / 50 mL,,"['Aqua/Water/Eau, Caprylic/Capric Triglyceride, Crambe Abyssinica Seed Oil, Cetyl Ethylhexanoate, Lactic Acid, Cetearyl Alcohol, Methylpropanediol, Propanediol, Steareth-21, Butyrospermum Parkii (Shea) Butter, Mangifera Indica (Mango) Seed Butter, Dimethicone, Potassium Hydroxide, Glycolic Acid, Sambucus Nigra Seed Oil, Vaccinium Vitis-Idaea Seed Oil, Caffeine, Carnitine, Polyglutamic Acid, Octadecenedioic Acid, Citrus Grandis (Grapefruit) Fruit Extract, Citrus Paradisi (Grapefruit) Fruit Extract, Citrus Sinensis (Orange) Fruit Extract, Citrus Limon (Lemon) Fruit Extract, Helianthus Annuus (Sunflower) Seed Oil, Glycerin, Tocopherol, Cetearyl Olivate, Sorbitan Olivate, Caprylyl Glycol, Polysorbate 60, Acrylates/C10-30 Alkyl Acrylate Crosspolymer, Potassium Cetyl Phosphate, Leuconostoc/Radish Root Ferment Filtrate, Hydroxyethyl Acrylate/Sodium Acryloyldimethyl Taurate Copolymer, Citrus Paradisi (Grapefruit) Peel Oil, Citrus Aurantium Dulcis (Orange) Peel Oil, Citrus Nobilis (Mandarin Orange) Peel Oil, Citrus Limon (Lemon) Peel Oil, Cymbopogon Citratus Leaf/Stem Oil, Pentaerythrityl Tetra-Di-T-Butyl Hydroxyhydrocinnamate, Ethylhexylglycerin, Glycine Soja (Soybean) Oil, Hydroxyacetophenone, Tromethamine, Limonene, Citral.']",20.0,,,0,1,1,0,1,"['Vegan', 'Good for: Dullness/Uneven Texture', 'Clean at Sephora', 'Good for: Anti-Aging', 'Good for: Dryness', 'Good for: Dark spots']",Bath & Body,Body Moisturizers,Body Lotions & Body Oils,0,,
P504032,Glow Strong Mini Moisturizer + Eye Cream Duo,5674,OLEHENRIKSEN,64,,,,,,,"['Strength Trainer Peptide Boost Moisturizer:', 'Aqua/Water/Eau, Propanediol, Dicaprylyl Carbonate, Glycerin, Methylpropanediol, Cetearyl Alcohol, Stearyl Alcohol,Mangifera Indica (Mango) Seed Butter, Niacinamide, Acetyl Hexapeptide-1, Acetyl Hexapeptide-8, Acetyl Octapeptide-3, Acetyl Tetrapeptide-2, Acetyl Dipeptide-1 Cetyl Ester, Palmitoyl Tripeptide-1, Palmitoyl Tetrapeptide-7, Carnosine, Ceramide NP, Ceramide AP, Ceramide EOP, Collagen, Serine, Alanine, Glycine, Glutamic Acid, Lysine HCL, Threonine, Arginine, Proline, Hyaluronic Acid, Sodium Hyaluronate, Linoleic Acid, Linolenic Acid, Sodium PCA, Sodium Lactate, Panthenol, Tocopherol, Tocopheryl Acetate, Betaine, PCA, Cyanocobalamin, Xylitol, Anhydroxylitol, Xylitylglucoside, Sorbitan Olivate, Carbomer, Hydroxyethylcellulose, Xanthan Gum, Cetearyl Olivate, Sorbitan Laurate, Phytosphingosine, Cholesterol, Polysorbate 60, Butylene Glycol, Hydroxyacetophenone, Glycine Soja(Soybean) Oil, Acrylates/C10-30 Alkyl Acrylate Crosspolymer, Polysorbate 20, Ammonium Acryloyldimethyltaurate/Beheneth-25 Methacrylate Crosspolymer, Dimethicone, Sodium Phytate, Sodium Lauroyl Lactylate, Pentaerythrityl Tetra-Di-T-Butyl Hydroxyhydrocinnamate, Leuconostoc/Radish Root Ferment Filtrate, Citric Acid, Caprylyl Glycol, Ethylhexylglycerin, Phenoxyethanol, Parfum/Fragrance, Citral, Limonene, Linalool.', 'Banana Bright+ Vitamin C Eye Créme:', 'Aqua/Water/Eau, Simmondsia Chinensis (Jojoba) Seed Oil, Butyrospermum Parkii (Shea) Butter, Isododecane, Coconut Alkanes, 3-O-Ethyl Ascorbic Acid, Cetearyl Alcohol, Glycerin, Synthetic Beeswax, Dilinoleic Acid/Propanediol Copolymer, Polymethylsilsesquioxane, Cocoyl Proline, Dimethicone Crosspolymer, Pentaerythrityl Tetraisostearate, Tetrahexyldecyl Ascorbate, Ascorbic Acid, Colloidal Gold, Collagen, Glutathione, Citrus Nobilis (Mandarin Orange) Fruit Extract, Citrus Paradisi (Grapefruit) Peel Extract, Glucosyl Hesperidin, Tocopherol, Tamarindus Indica Seed Polysaccharide, Poncirus Trifoliata Fruit Extract, Morus Alba Root Extract, Linoleic Acid, Linolenic Acid, Jojoba Esters, Caprylyl Glycol, Coco-Caprylate/Caprate, Propanediol, Polyglyceryl-3 Cocoate, Polyglyceryl-4 Caprate, Polyglyceryl-6 Caprylate, Polyglyceryl-6 Ricinoleate, Hdi/Trimethylol Hexyllactone Crosspolymer, Polyacrylate-13, Butylene Glycol, Polyglyceryl-3 Stearate, Polysorbate 20, Sodium Citrate, Polyisobutene, Beheneth-5, Acrylates/C10-30 Alkyl Acrylate Crosspolymer, Behenyl Alcohol, Sodium Hydroxide, Sorbic Acid, Sorbitan Isostearate, Citric Acid, Sorbitol, Silica, Sodium Benzoate, 1,2-Hexanediol, Xanthan Gum, Phenoxyethanol, Leuconostoc/Radish Root Ferment Filtrate, Mica, Titanium Dioxide (CI 77891), Iron Oxides (CI 77491).']",25.0,40.0,,0,1,0,0,1,"['Vegan', 'Good for: Loss of firmness', 'Good for: Dark Circles', 'Clean at Sephora', 'Good for: Anti-Aging', 'Good for: Dryness']",Skincare,Value & Gift Sets,,0,,
